Type,EDI_Std_Nomenclature,AISC_Manual_Label,Design Wall Thickness,Nominal Weight,"Area, A","Depth, d",,Web/Stem,,,,Flange,,,,Distance,,,,,,Shear Critical,Compact Section Criteria,,,b/t,h/t,D/t,Axis X - X,,,,,,Axis Y - Y,,,,,,Axis Z - Z,,,,rts,ho,J/Sxho,Workable Flat,,Torsional Properties,,,,, Surface Area 
,,,,,,,,,,,,,,,,k,,k1,T,Workable Gage,,,,,,,,,,,,,,,,,,,,,,,,,,,,,,,,,,,
,,,t,W,,,,"Thickness, tw",,tw/2,Area,"Width, bf",,"Thickness, tf",,kdes,kdet,,,WGi,WGo,eo,,,,,,,I,S,r,y?,Z,yp,I,S,r,x?,Z,xp,I,S,r,tan ?,,,,Depth,Width,J,C,Cw,r?o,H,
,,,in.,lb/ft,in.2,in.,,in.,,in.,in.2,in.,,in.,,in.,,in.,in.,in.,in.,in.,bf/2tf,h/tw,d/tw,,,,in.4,in.3,in.,in.,in.3,in.,in.4,in.3,in.,in.,in.3,in.,in.4,in.3,in.,,in.,in.,,in.,in.,in.4,in.3,in.6,in.,, ft2/ft 
W,W44X335,W44X335,–,335,98.5,44.0,44      ,1.030,1      ,  1/2 ,–,15.9,16      ,1.77,1  3/4 ,2.56,3      ,1  3/4 ,38      ,5  1/2 ,3    ,–,4.50,38.0,–,–,–,–,31100,1410,17.8,–,1620,–,1200,150,3.49,–,236,–,–,–,–,–,4.24,42.2,0.001255,–,–,74.7,–,535000,–,–,–
W,W44X290,W44X290,–,290,85.4,43.6,43  5/8 ,0.865,  7/8 ,  7/16,–,15.8,15  7/8 ,1.58,1  9/16,2.36,2 13/16,1  5/8 ,38      ,5  1/2 ,3    ,–,5.02,45.0,–,–,–,–,27000,1240,17.8,–,1410,–,1040,132,3.49,–,205,–,–,–,–,–,4.20,42.0,0.000977,–,–,50.9,–,461000,–,–,–
W,W44X262,W44X262,–,262,77.2,43.3,43  1/4 ,0.785, 13/16,  7/16,–,15.8,15  3/4 ,1.42,1  7/16,2.20,2  5/8 ,1  5/8 ,38      ,5  1/2 ,3    ,–,5.57,49.6,–,–,–,–,24100,1110,17.7,–,1270,–,923,117,3.47,–,182,–,–,–,–,–,4.17,41.9,0.000802,–,–,37.3,–,405000,–,–,–
W,W44X230,W44X230,–,230,67.8,42.9,42  7/8 ,0.710, 11/16,  3/8 ,–,15.8,15  3/4 ,1.22,1  1/4 ,2.01,2  7/16,1  9/16,38      ,5  1/2 ,3    ,–,6.45,54.8,–,–,–,–,20800,971,17.5,–,1100,–,796,101,3.43,–,157,–,–,–,–,–,4.13,41.7,0.000615,–,–,24.9,–,346000,–,–,–
,,,,,,,,,,,,,,,,,,,,,,,,,,,,,,,,,,,,,,,,,,,,,,,,,,,,,,,
W,W40X655,W40X655,–,655,193,43.6,43  5/8 ,1.97,2      ,1      ,–,16.9,16  7/8 ,3.54,3  9/16,4.72,4 13/16,2  3/16,34      ,7  1/2 ,3    ,–,2.39,17.3,–,–,–,–,56500,2590,17.1,–,3080,–,2870,340,3.86,–,542,–,–,–,–,–,4.71,40.1,0.005671,–,–,589,–,1150000,–,–,–
W,W40X593,W40X593,–,593,174,43.0,43      ,1.79,1 13/16, 15/16,–,16.7,16  3/4 ,3.23,3  1/4 ,4.41,4  1/2 ,2  1/8 ,34      ,7  1/2 ,3    ,–,2.58,19.1,–,–,–,–,50400,2340,17.0,–,2760,–,2520,302,3.80,–,481,–,–,–,–,–,4.63,39.8,0.004778,–,–,445,–,997000,–,–,–
W,W40X503,W40X503,–,503,148,42.1,42      ,1.54,1  9/16, 13/16,–,16.4,16  3/8 ,2.76,2  3/4 ,3.94,4      ,2      ,34      ,7  1/2 ,3    ,–,2.98,22.3,–,–,–,–,41600,1980,16.8,–,2320,–,2040,249,3.72,–,394,–,–,–,–,–,4.50,39.3,0.003560,–,–,277,–,789000,–,–,–
W,W40X431,W40X431,–,431,127,41.3,41  1/4 ,1.34,1  5/16, 11/16,–,16.2,16  1/4 ,2.36,2  3/8 ,3.54,3  5/8 ,1  7/8 ,34      ,7  1/2 ,3    ,–,3.44,25.5,–,–,–,–,34800,1690,16.6,–,1960,–,1690,208,3.65,–,328,–,–,–,–,–,4.41,38.9,0.002692,–,–,177,–,638000,–,–,–
W,W40X397,W40X397,–,397,117,41.0,41      ,1.22,1  1/4 ,  5/8 ,–,16.1,16  1/8 ,2.20,2  3/16,3.38,3  1/2 ,1 13/16,34      ,7  1/2 ,3    ,–,3.66,28.0,–,–,–,–,32000,1560,16.6,–,1800,–,1540,191,3.64,–,300,–,–,–,–,–,4.38,38.8,0.002346,–,–,142,–,579000,–,–,–
W,W40X372,W40X372,–,372,110,40.6,40  5/8 ,1.16,1  3/16,  5/8 ,–,16.1,16  1/8 ,2.05,2  1/16,3.23,3  5/16,1 13/16,34      ,7  1/2 ,3    ,–,3.93,29.5,–,–,–,–,29600,1460,16.5,–,1680,–,1420,177,3.60,–,277,–,–,–,–,–,4.33,38.6,0.002058,–,–,116,–,528000,–,–,–
W,W40X362,W40X362,–,362,106,40.6,40  1/2 ,1.12,1  1/8 ,  9/16,–,16.0,16      ,2.01,2      ,3.19,3  1/4 ,1  3/4 ,34      ,7  1/2 ,3    ,–,3.99,30.5,–,–,–,–,28900,1420,16.5,–,1640,–,1380,173,3.60,–,270,–,–,–,–,–,4.33,38.6,0.001989,–,–,109,–,513000,–,–,–
W,W40X324,W40X324,–,324,95.3,40.2,40  1/8 ,1.00,1      ,  1/2 ,–,15.9,15  7/8 ,1.81,1 13/16,2.99,3  1/16,1 11/16,34      ,7  1/2 ,3    ,–,4.40,34.2,–,–,–,–,25600,1280,16.4,–,1460,–,1220,153,3.58,–,239,–,–,–,–,–,4.27,38.4,0.001615,–,–,79.4,–,448000,–,–,–
W,W40X297,W40X297,–,297,87.3,39.8,39  7/8 ,0.930, 15/16,  1/2 ,–,15.8,15  7/8 ,1.65,1  5/8 ,2.83,2 15/16,1 11/16,34      ,7  1/2 ,3    ,–,4.80,36.8,–,–,–,–,23200,1170,16.3,–,1330,–,1090,138,3.54,–,215,–,–,–,–,–,4.22,38.2,0.001369,–,–,61.2,–,399000,–,–,–
W,W40X277,W40X277,–,277,81.5,39.7,39  3/4 ,0.830, 13/16,  7/16,–,15.8,15  7/8 ,1.58,1  9/16,2.76,2  7/8 ,1  5/8 ,34      ,7  1/2 ,3    ,–,5.03,41.2,–,–,–,–,21900,1100,16.4,–,1250,–,1040,132,3.58,–,204,–,–,–,–,–,4.25,38.1,0.001229,–,–,51.5,–,379000,–,–,–
W,W40X249,W40X249,–,249,73.5,39.4,39  3/8 ,0.750,  3/4 ,  3/8 ,–,15.8,15  3/4 ,1.42,1  7/16,2.60,2 11/16,1  9/16,34      ,7  1/2 ,3    ,–,5.55,45.6,–,–,–,–,19600,993,16.3,–,1120,–,926,118,3.55,–,182,–,–,–,–,–,4.21,38.0,0.001010,–,–,38.1,–,334000,–,–,–
W,W40X215,W40X215,–,215,63.5,39.0,39      ,0.650,  5/8 ,  5/16,–,15.8,15  3/4 ,1.22,1  1/4 ,2.40,2  1/2 ,1  9/16,34      ,7  1/2 ,3    ,–,6.45,52.6,–,–,–,–,16700,859,16.2,–,964,–,803,101,3.54,–,156,–,–,–,–,–,4.19,37.8,0.000764,–,–,24.8,–,284000,–,–,–
W,W40X199,W40X199,–,199,58.8,38.7,38  5/8 ,0.650,  5/8 ,  5/16,–,15.8,15  3/4 ,1.07,1  1/16,2.25,2  5/16,1  9/16,34      ,7  1/2 ,3    ,–,7.39,52.6,–,–,–,–,14900,770,16.0,–,869,–,695,88.2,3.45,–,137,–,–,–,–,–,4.12,37.6,0.000632,–,–,18.3,–,246000,–,–,–
,,,,,,,,,,,,,,,,,,,,,,,,,,,,,,,,,,,,,,,,,,,,,,,,,,,,,,,
W,W40X392,W40X392,–,392,116,41.6,41  5/8 ,1.42,1  7/16,  3/4 ,–,12.4,12  3/8 ,2.52,2  1/2 ,3.70,3 13/16,1 15/16,34      ,7  1/2 ,–,–,2.45,24.1,–,–,–,–,29900,1440,16.1,–,1710,–,803,130,2.64,–,212,–,–,–,–,–,3.30,39.1,0.003055,–,–,172,–,306000,–,–,–
W,W40X331,W40X331,–,331,97.7,40.8,40  3/4 ,1.22,1  1/4 ,  5/8 ,–,12.2,12  1/8 ,2.13,2  1/8 ,3.31,3  3/8 ,1 13/16,34      ,7  1/2 ,–,–,2.86,28.0,–,–,–,–,24700,1210,15.9,–,1430,–,644,106,2.57,–,172,–,–,–,–,–,3.21,38.7,0.002242,–,–,105,–,241000,–,–,–
W,W40X327,W40X327,–,327,95.9,40.8,40  3/4 ,1.18,1  3/16,  5/8 ,–,12.1,12  1/8 ,2.13,2  1/8 ,3.31,3  3/8 ,1 13/16,34      ,7  1/2 ,–,–,2.85,29.0,–,–,–,–,24500,1200,16.0,–,1410,–,640,105,2.58,–,170,–,–,–,–,–,3.21,38.7,0.002218,–,–,103,–,239000,–,–,–
W,W40X294,W40X294,–,294,86.2,40.4,40  3/8 ,1.06,1  1/16,  9/16,–,12.0,12      ,1.93,1 15/16,3.11,3  3/16,1  3/4 ,34      ,7  1/2 ,–,–,3.11,32.2,–,–,–,–,21900,1080,15.9,–,1270,–,562,93.5,2.55,–,150,–,–,–,–,–,3.16,38.5,0.001842,–,–,76.6,–,208000,–,–,–
W,W40X278,W40X278,–,278,82.3,40.2,40  1/8 ,1.03,1      ,  1/2 ,–,12.0,12      ,1.81,1 13/16,2.99,3  1/16,1  3/4 ,34      ,7  1/2 ,–,–,3.31,33.3,–,–,–,–,20500,1020,15.8,–,1190,–,521,87.1,2.52,–,140,–,–,–,–,–,3.13,38.4,0.001660,–,–,65.0,–,192000,–,–,–
W,W40X264,W40X264,–,264,77.4,40.0,40      ,0.960, 15/16,  1/2 ,–,11.9,11  7/8 ,1.73,1  3/4 ,2.91,3      ,1 11/16,34      ,7  1/2 ,–,–,3.45,35.6,–,–,–,–,19400,971,15.8,–,1130,–,493,82.6,2.52,–,132,–,–,–,–,–,3.12,38.3,0.001508,–,–,56.1,–,181000,–,–,–
W,W40X235,W40X235,–,235,69.1,39.7,39  3/4 ,0.830, 13/16,  7/16,–,11.9,11  7/8 ,1.58,1  9/16,2.76,2  7/8 ,1  5/8 ,34      ,7  1/2 ,–,–,3.77,41.2,–,–,–,–,17400,875,15.9,–,1010,–,444,74.6,2.54,–,118,–,–,–,–,–,3.11,38.1,0.001239,–,–,41.3,–,161000,–,–,–
W,W40X211,W40X211,–,211,62.1,39.4,39  3/8 ,0.750,  3/4 ,  3/8 ,–,11.8,11  3/4 ,1.42,1  7/16,2.60,2 11/16,1  9/16,34      ,7  1/2 ,–,–,4.17,45.6,–,–,–,–,15500,786,15.8,–,906,–,390,66.1,2.51,–,105,–,–,–,–,–,3.07,38.0,0.001018,–,–,30.4,–,141000,–,–,–
W,W40X183,W40X183,–,183,53.3,39.0,39      ,0.650,  5/8 ,  5/16,–,11.8,11  3/4 ,1.20,1  3/16,2.38,2  1/2 ,1  9/16,34      ,7  1/2 ,–,–,4.92,52.6,–,–,–,–,13200,675,15.7,–,774,–,331,56.0,2.49,–,88.3,–,–,–,–,–,3.04,37.8,0.000756,–,–,19.3,–,118000,–,–,–
W,W40X167,W40X167,–,167,49.3,38.6,38  5/8 ,0.650,  5/8 ,  5/16,–,11.8,11  3/4 ,1.03,1      ,2.21,2  5/16,1  9/16,34      ,7  1/2 ,–,–,5.76,52.6,–,–,–,–,11600,600,15.3,–,693,–,283,47.9,2.40,–,76.0,–,–,–,–,–,2.98,37.6,0.000621,–,–,14.0,–,99700,–,–,–
W,W40X149,W40X149,–,149,43.8,38.2,38  1/4 ,0.630,  5/8 ,  5/16,–,11.8,11  3/4 ,0.830, 13/16,2.01,2  1/8 ,1  1/2 ,34      ,7  1/2 ,–,–,7.11,54.3,–,–,–,–,9800,513,15.0,–,598,–,229,38.8,2.29,–,62.2,–,–,–,–,–,2.89,37.4,0.000488,–,–,9.36,–,80000,–,–,–
,,,,,,,,,,,,,,,,,,,,,,,,,,,,,,,,,,,,,,,,,,,,,,,,,,,,,,,
W,W36X925,W36X925,–,925,272,43.1,43  1/8 ,3.02,3      ,1  1/2 ,–,18.6,18  5/8 ,4.53,4  1/2 ,5.28,5  3/8 ,2  5/16,32  3/8 ,7  1/2 ,3    ,–,2.05,10.8,–,–,–,–,73000,3390,16.4,–,4130,–,4940,531,4.26,–,862,–,–,–,–,–,5.30,38.6,0.010928,–,–,1430,–,1840000,–,–,–
W,W36X853,W36X853,–,853,251,43.1,43  1/8 ,2.52,2  1/2 ,1  1/4 ,–,18.2,18  1/4 ,4.53,4  1/2 ,5.28,5  3/8 ,2  1/16,32  3/8 ,7  1/2 ,3    ,–,2.01,12.9,–,–,–,–,70000,3250,16.7,–,3920,–,4600,505,4.28,–,805,–,–,–,–,–,5.22,38.6,0.009884,–,–,1240,–,1710000,–,–,–
W,W36X802,W36X802,–,802,236,42.6,42  5/8 ,2.38,2  3/8 ,1  3/16,–,18.0,18      ,4.29,4  5/16,5.04,5  1/8 ,2      ,32  3/8 ,7  1/2 ,3    ,–,2.10,13.7,–,–,–,–,64800,3040,16.6,–,3660,–,4210,468,4.22,–,744,–,–,–,–,–,5.15,38.3,0.009018,–,–,1050,–,1540000,–,–,–
W,W36X723,W36X723,–,723,213,41.8,41  3/4 ,2.17,2  3/16,1  1/8 ,–,17.8,17  3/4 ,3.90,3  7/8 ,4.65,4 11/16,1  7/8 ,32  3/8 ,7  1/2 ,3    ,–,2.28,15.0,–,–,–,–,57300,2740,16.4,–,3270,–,3700,416,4.17,–,658,–,–,–,–,–,5.06,37.9,0.007559,–,–,785,–,1330000,–,–,–
W,W36X652,W36X652,–,652,192,41.1,41      ,1.97,2      ,1      ,–,17.6,17  5/8 ,3.54,3  9/16,4.49,4 13/16,2  3/16,31  3/8 ,7  1/2 ,3    ,–,2.48,16.3,–,–,–,–,50600,2460,16.2,–,2910,–,3230,367,4.10,–,581,–,–,–,–,–,4.96,37.6,0.006411,–,–,593,–,1130000,–,–,–
W,W36X529,W36X529,–,529,156,39.8,39  3/4 ,1.61,1  5/8 , 13/16,–,17.2,17  1/4 ,2.91,2 15/16,3.86,4  3/16,2      ,31  3/8 ,7  1/2 ,3    ,–,2.96,19.9,–,–,–,–,39600,1990,16.0,–,2330,–,2490,289,4.00,–,454,–,–,–,–,–,4.80,36.9,0.004453,–,–,327,–,846000,–,–,–
W,W36X487,W36X487,–,487,143,39.3,39  3/8 ,1.50,1  1/2 ,  3/4 ,–,17.1,17  1/8 ,2.68,2 11/16,3.63,4      ,1  7/8 ,31  3/8 ,7  1/2 ,3    ,–,3.19,21.4,–,–,–,–,36000,1830,15.8,–,2130,–,2250,263,3.96,–,412,–,–,–,–,–,4.74,36.6,0.003852,–,–,258,–,754000,–,–,–
W,W36X441,W36X441,–,441,130,38.9,38  7/8 ,1.36,1  3/8 , 11/16,–,17.0,17      ,2.44,2  7/16,3.39,3  3/4 ,1  7/8 ,31  3/8 ,7  1/2 ,3    ,–,3.48,23.6,–,–,–,–,32100,1650,15.7,–,1910,–,1990,235,3.92,–,368,–,–,–,–,–,4.69,36.5,0.003221,–,–,194,–,661000,–,–,–
W,W36X395,W36X395,–,395,116,38.4,38  3/8 ,1.22,1  1/4 ,  5/8 ,–,16.8,16  7/8 ,2.20,2  3/16,3.15,3  7/16,1 13/16,31  3/8 ,7  1/2 ,3    ,–,3.83,26.3,–,–,–,–,28500,1490,15.7,–,1710,–,1750,208,3.88,–,325,–,–,–,–,–,4.61,36.2,0.002633,–,–,142,–,575000,–,–,–
W,W36X361,W36X361,–,361,106,38.0,38      ,1.12,1  1/8 ,  9/16,–,16.7,16  3/4 ,2.01,2      ,2.96,3  5/16,1  3/4 ,31  3/8 ,7  1/2 ,3    ,–,4.16,28.6,–,–,–,–,25700,1350,15.6,–,1550,–,1570,188,3.85,–,293,–,–,–,–,–,4.58,36.0,0.002243,–,–,109,–,509000,–,–,–
W,W36X330,W36X330,–,330,96.9,37.7,37  5/8 ,1.02,1      ,  1/2 ,–,16.6,16  5/8 ,1.85,1  7/8 ,2.80,3  1/8 ,1  3/4 ,31  3/8 ,7  1/2 ,3    ,–,4.49,31.4,–,–,–,–,23300,1240,15.5,–,1410,–,1420,171,3.83,–,265,–,–,–,–,–,4.53,35.9,0.001894,–,–,84.3,–,456000,–,–,–
W,W36X302,W36X302,–,302,89.0,37.3,37  3/8 ,0.945, 15/16,  1/2 ,–,16.7,16  5/8 ,1.68,1 11/16,2.63,3      ,1 11/16,31  3/8 ,7  1/2 ,3    ,–,4.96,33.9,–,–,–,–,21100,1130,15.4,–,1280,–,1300,156,3.82,–,241,–,–,–,–,–,4.53,35.6,0.001598,–,–,64.3,–,412000,–,–,–
W,W36X282,W36X282,–,282,82.9,37.1,37  1/8 ,0.885,  7/8 ,  7/16,–,16.6,16  5/8 ,1.57,1  9/16,2.52,2  7/8 ,1  5/8 ,31  3/8 ,7  1/2 ,3    ,–,5.29,36.2,–,–,–,–,19600,1050,15.4,–,1190,–,1200,144,3.80,–,223,–,–,–,–,–,4.50,35.5,0.001414,–,–,52.7,–,378000,–,–,–
W,W36X262,W36X262,–,262,77.2,36.9,36  7/8 ,0.840, 13/16,  7/16,–,16.6,16  1/2 ,1.44,1  7/16,2.39,2  3/4 ,1  5/8 ,31  3/8 ,7  1/2 ,3    ,–,5.75,38.2,–,–,–,–,17900,972,15.3,–,1100,–,1090,132,3.76,–,204,–,–,–,–,–,4.46,35.5,0.001206,–,–,41.6,–,342000,–,–,–
W,W36X247,W36X247,–,247,72.5,36.7,36  5/8 ,0.800, 13/16,  7/16,–,16.5,16  1/2 ,1.35,1  3/8 ,2.30,2  5/8 ,1  5/8 ,31  3/8 ,7  1/2 ,3    ,–,6.11,40.1,–,–,–,–,16700,913,15.2,–,1030,–,1010,123,3.74,–,190,–,–,–,–,–,4.42,35.4,0.001074,–,–,34.7,–,316000,–,–,–
W,W36X231,W36X231,–,231,68.2,36.5,36  1/2 ,0.760,  3/4 ,  3/8 ,–,16.5,16  1/2 ,1.26,1  1/4 ,2.21,2  9/16,1  9/16,31  3/8 ,7  1/2 ,3    ,–,6.54,42.2,–,–,–,–,15600,854,15.1,–,963,–,940,114,3.71,–,176,–,–,–,–,–,4.40,35.2,0.000955,–,–,28.7,–,292000,–,–,–
,,,,,,,,,,,,,,,,,,,,,,,,,,,,,,,,,,,,,,,,,,,,,,,,,,,,,,,
W,W36X256,W36X256,–,256,75.3,37.4,37  3/8 ,0.960, 15/16,  1/2 ,–,12.2,12  1/4 ,1.73,1  3/4 ,2.48,2 15/16,1 11/16,31  1/2 ,5  1/2 ,–,–,3.53,33.8,–,–,–,–,16800,895,14.9,–,1040,–,528,86.5,2.65,–,137,–,–,–,–,–,3.24,35.7,0.001656,–,–,52.9,–,168000,–,–,–
W,W36X232,W36X232,–,232,68.0,37.1,37  1/8 ,0.870,  7/8 ,  7/16,–,12.1,12  1/8 ,1.57,1  9/16,2.32,2 13/16,1  5/8 ,31  1/2 ,5  1/2 ,–,–,3.86,37.3,–,–,–,–,15000,809,14.8,–,936,–,468,77.2,2.62,–,122,–,–,–,–,–,3.21,35.5,0.001379,–,–,39.6,–,148000,–,–,–
W,W36X210,W36X210,–,210,61.9,36.7,36  3/4 ,0.830, 13/16,  7/16,–,12.2,12  1/8 ,1.36,1  3/8 ,2.11,2  5/8 ,1  5/8 ,31  1/2 ,5  1/2 ,–,–,4.48,39.1,–,–,–,–,13200,719,14.6,–,833,–,411,67.5,2.58,–,107,–,–,–,–,–,3.18,35.3,0.001103,–,–,28.0,–,128000,–,–,–
W,W36X194,W36X194,–,194,57.0,36.5,36  1/2 ,0.765,  3/4 ,  3/8 ,–,12.1,12  1/8 ,1.26,1  1/4 ,2.01,2  1/2 ,1  9/16,31  1/2 ,5  1/2 ,–,–,4.81,42.4,–,–,–,–,12100,664,14.6,–,767,–,375,61.9,2.56,–,97.7,–,–,–,–,–,3.15,35.2,0.000950,–,–,22.2,–,116000,–,–,–
W,W36X182,W36X182,–,182,53.6,36.3,36  3/8 ,0.725,  3/4 ,  3/8 ,–,12.1,12  1/8 ,1.18,1  3/16,1.93,2  3/8 ,1  9/16,31  1/2 ,5  1/2 ,–,–,5.12,44.8,–,–,–,–,11300,623,14.5,–,718,–,347,57.6,2.55,–,90.7,–,–,–,–,–,3.13,35.1,0.000846,–,–,18.5,–,107000,–,–,–
W,W36X170,W36X170,–,170,50.0,36.2,36  1/8 ,0.680, 11/16,  3/8 ,–,12.0,12      ,1.10,1  1/8 ,1.85,2  3/8 ,1  9/16,31  1/2 ,5  1/2 ,–,–,5.47,47.7,–,–,–,–,10500,581,14.5,–,668,–,320,53.2,2.53,–,83.8,–,–,–,–,–,3.11,35.1,0.000740,–,–,15.1,–,98500,–,–,–
W,W36X160,W36X160,–,160,47.0,36.0,36      ,0.650,  5/8 ,  5/16,–,12.0,12      ,1.02,1      ,1.77,2  1/4 ,1  9/16,31  1/2 ,5  1/2 ,–,–,5.88,49.9,–,–,–,–,9760,542,14.4,–,624,–,295,49.1,2.50,–,77.3,–,–,–,–,–,3.09,35.0,0.000654,–,–,12.4,–,90200,–,–,–
W,W36X150,W36X150,–,150,44.3,35.9,35  7/8 ,0.625,  5/8 ,  5/16,–,12.0,12      ,0.940, 15/16,1.69,2  3/16,1  1/2 ,31  1/2 ,5  1/2 ,–,–,6.37,51.9,–,–,–,–,9040,504,14.3,–,581,–,270,45.1,2.47,–,70.9,–,–,–,–,–,3.06,35.0,0.000573,–,–,10.1,–,82200,–,–,–
W,W36X135,W36X135,–,135,39.9,35.6,35  1/2 ,0.600,  5/8 ,  5/16,–,12.0,12      ,0.790, 13/16,1.54,2  1/16,1  1/2 ,31  1/2 ,5  1/2 ,–,–,7.56,54.1,–,–,–,–,7800,439,14.0,–,509,–,225,37.7,2.38,–,59.7,–,–,–,–,–,2.99,34.8,0.000458,–,–,7.00,–,68100,–,–,–
,,,,,,,,,,,,,,,,,,,,,,,,,,,,,,,,,,,,,,,,,,,,,,,,,,,,,,,
W,W33X387,W33X387,–,387,114,36.0,36      ,1.26,1  1/4 ,  5/8 ,–,16.2,16  1/4 ,2.28,2  1/4 ,3.07,3  9/16,1 13/16,28  7/8 ,5  1/2 ,3    ,–,3.55,23.7,–,–,–,–,24300,1350,14.6,–,1560,–,1620,200,3.77,–,312,–,–,–,–,–,4.49,33.7,0.003253,–,–,148,–,459000,–,–,–
W,W33X354,W33X354,–,354,104,35.6,35  1/2 ,1.16,1  3/16,  5/8 ,–,16.1,16  1/8 ,2.09,2  1/16,2.88,3  3/8 ,1 13/16,28  7/8 ,5  1/2 ,3    ,–,3.85,25.7,–,–,–,–,22000,1240,14.5,–,1420,–,1460,181,3.74,–,282,–,–,–,–,–,4.44,33.5,0.002768,–,–,115,–,408000,–,–,–
W,W33X318,W33X318,–,318,93.7,35.2,35  1/8 ,1.04,1  1/16,  9/16,–,16.0,16      ,1.89,1  7/8 ,2.68,3  3/16,1  3/4 ,28  7/8 ,5  1/2 ,3    ,–,4.23,28.7,–,–,–,–,19500,1110,14.5,–,1270,–,1290,161,3.71,–,250,–,–,–,–,–,4.40,33.3,0.002283,–,–,84.4,–,357000,–,–,–
W,W33X291,W33X291,–,291,85.6,34.8,34  7/8 ,0.960, 15/16,  1/2 ,–,15.9,15  7/8 ,1.73,1  3/4 ,2.52,2 15/16,1 11/16,28  7/8 ,5  1/2 ,3    ,–,4.60,31.0,–,–,–,–,17700,1020,14.4,–,1160,–,1160,146,3.68,–,226,–,–,–,–,–,4.34,33.1,0.001928,–,–,65.1,–,319000,–,–,–
W,W33X263,W33X263,–,263,77.4,34.5,34  1/2 ,0.870,  7/8 ,  7/16,–,15.8,15  3/4 ,1.57,1  9/16,2.36,2 13/16,1  5/8 ,28  7/8 ,5  1/2 ,3    ,–,5.03,34.3,–,–,–,–,15900,919,14.3,–,1040,–,1040,131,3.66,–,202,–,–,–,–,–,4.31,32.9,0.001611,–,–,48.7,–,281000,–,–,–
W,W33X241,W33X241,–,241,71.1,34.2,34  1/8 ,0.830, 13/16,  7/16,–,15.9,15  7/8 ,1.40,1  3/8 ,2.19,2 11/16,1  5/8 ,28  7/8 ,5  1/2 ,3    ,–,5.66,35.9,–,–,–,–,14200,831,14.1,–,940,–,933,118,3.62,–,182,–,–,–,–,–,4.29,32.8,0.001328,–,–,36.2,–,251000,–,–,–
W,W33X221,W33X221,–,221,65.3,33.9,33  7/8 ,0.775,  3/4 ,  3/8 ,–,15.8,15  3/4 ,1.28,1  1/4 ,2.06,2  1/2 ,1  5/8 ,28  7/8 ,5  1/2 ,3    ,–,6.20,38.5,–,–,–,–,12900,759,14.1,–,857,–,840,106,3.59,–,164,–,–,–,–,–,4.25,32.6,0.001124,–,–,27.8,–,224000,–,–,–
W,W33X201,W33X201,–,201,59.1,33.7,33  5/8 ,0.715, 11/16,  3/8 ,–,15.7,15  3/4 ,1.15,1  1/8 ,1.94,2  7/16,1  9/16,28  7/8 ,5  1/2 ,3    ,–,6.85,41.7,–,–,–,–,11600,686,14.0,–,773,–,749,95.2,3.56,–,147,–,–,–,–,–,4.21,32.6,0.000930,–,–,20.8,–,198000,–,–,–
,,,,,,,,,,,,,,,,,,,,,,,,,,,,,,,,,,,,,,,,,,,,,,,,,,,,,,,
W,W33X169,W33X169,–,169,49.5,33.8,33  7/8 ,0.670, 11/16,  3/8 ,–,11.5,11  1/2 ,1.22,1  1/4 ,1.92,2  7/16,1  9/16,28  7/8 ,5  1/2 ,–,–,4.71,44.7,–,–,–,–,9290,549,13.7,–,629,–,310,53.9,2.50,–,84.4,–,–,–,–,–,3.03,32.6,0.000989,–,–,17.7,–,82400,–,–,–
W,W33X152,W33X152,–,152,44.9,33.5,33  1/2 ,0.635,  5/8 ,  5/16,–,11.6,11  5/8 ,1.06,1  1/16,1.76,2  5/16,1  1/2 ,28  7/8 ,5  1/2 ,–,–,5.48,47.2,–,–,–,–,8160,487,13.5,–,559,–,273,47.2,2.47,–,73.9,–,–,–,–,–,3.01,32.4,0.000786,–,–,12.4,–,71700,–,–,–
W,W33X141,W33X141,–,141,41.5,33.3,33  1/4 ,0.605,  5/8 ,  5/16,–,11.5,11  1/2 ,0.960, 15/16,1.66,2  3/16,1  1/2 ,28  7/8 ,5  1/2 ,–,–,6.01,49.6,–,–,–,–,7450,448,13.4,–,514,–,246,42.7,2.43,–,66.9,–,–,–,–,–,2.98,32.3,0.000670,–,–,9.70,–,64400,–,–,–
W,W33X130,W33X130,–,130,38.3,33.1,33  1/8 ,0.580,  9/16,  5/16,–,11.5,11  1/2 ,0.855,  7/8 ,1.56,2  1/8 ,1  1/2 ,28  7/8 ,5  1/2 ,–,–,6.73,51.7,–,–,–,–,6710,406,13.2,–,467,–,218,37.9,2.39,–,59.5,–,–,–,–,–,2.94,32.2,0.000564,–,–,7.37,–,56600,–,–,–
W,W33X118,W33X118,–,118,34.7,32.9,32  7/8 ,0.550,  9/16,  5/16,–,11.5,11  1/2 ,0.740,  3/4 ,1.44,2      ,1  1/2 ,28  7/8 ,5  1/2 ,–,–,7.76,54.5,–,–,–,–,5900,359,13.0,–,415,–,187,32.6,2.32,–,51.3,–,–,–,–,–,2.89,32.2,0.000458,–,–,5.30,–,48300,–,–,–
,,,,,,,,,,,,,,,,,,,,,,,,,,,,,,,,,,,,,,,,,,,,,,,,,,,,,,,
W,W30X391,W30X391,–,391,115,33.2,33  1/4 ,1.36,1  3/8 , 11/16,–,15.6,15  5/8 ,2.44,2  7/16,3.23,3  3/4 ,1  7/8 ,25  3/4 ,5  1/2 ,3    ,–,3.19,19.7,–,–,–,–,20700,1250,13.4,–,1450,–,1550,198,3.67,–,310,–,–,–,–,–,4.37,30.8,0.004494,–,–,173,–,366000,–,–,–
W,W30X357,W30X357,–,357,105,32.8,32  3/4 ,1.24,1  1/4 ,  5/8 ,–,15.5,15  1/2 ,2.24,2  1/4 ,3.03,3  1/2 ,1 13/16,25  3/4 ,5  1/2 ,3    ,–,3.45,21.6,–,–,–,–,18700,1140,13.3,–,1320,–,1390,179,3.64,–,279,–,–,–,–,–,4.31,30.6,0.003841,–,–,134,–,324000,–,–,–
W,W30X326,W30X326,–,326,95.9,32.4,32  3/8 ,1.14,1  1/8 ,  9/16,–,15.4,15  3/8 ,2.05,2  1/16,2.84,3  5/16,1  3/4 ,25  3/4 ,5  1/2 ,3    ,–,3.75,23.4,–,–,–,–,16800,1040,13.2,–,1190,–,1240,162,3.60,–,252,–,–,–,–,–,4.26,30.4,0.003258,–,–,103,–,287000,–,–,–
W,W30X292,W30X292,–,292,86.0,32.0,32      ,1.02,1      ,  1/2 ,–,15.3,15  1/4 ,1.85,1  7/8 ,2.64,3  1/8 ,1  3/4 ,25  3/4 ,5  1/2 ,3    ,–,4.12,26.2,–,–,–,–,14900,930,13.2,–,1060,–,1100,144,3.58,–,223,–,–,–,–,–,4.22,30.2,0.002677,–,–,75.2,–,250000,–,–,–
W,W30X261,W30X261,–,261,77.0,31.6,31  5/8 ,0.930, 15/16,  1/2 ,–,15.2,15  1/8 ,1.65,1  5/8 ,2.44,2 15/16,1 11/16,25  3/4 ,5  1/2 ,3    ,–,4.59,28.7,–,–,–,–,13100,829,13.1,–,943,–,959,127,3.53,–,196,–,–,–,–,–,4.16,30.0,0.002175,–,–,54.1,–,215000,–,–,–
W,W30X235,W30X235,–,235,69.3,31.3,31  1/4 ,0.830, 13/16,  7/16,–,15.1,15      ,1.50,1  1/2 ,2.29,2  3/4 ,1  5/8 ,25  3/4 ,5  1/2 ,3    ,–,5.02,32.2,–,–,–,–,11700,748,13.0,–,847,–,855,114,3.51,–,175,–,–,–,–,–,4.13,29.8,0.001808,–,–,40.3,–,190000,–,–,–
W,W30X211,W30X211,–,211,62.3,30.9,31      ,0.775,  3/4 ,  3/8 ,–,15.1,15  1/8 ,1.32,1  5/16,2.10,2  9/16,1  5/8 ,25  3/4 ,5  1/2 ,3    ,–,5.74,34.5,–,–,–,–,10300,665,12.9,–,751,–,757,100,3.49,–,155,–,–,–,–,–,4.11,29.6,0.001443,–,–,28.4,–,166000,–,–,–
W,W30X191,W30X191,–,191,56.1,30.7,30  5/8 ,0.710, 11/16,  3/8 ,–,15.0,15      ,1.19,1  3/16,1.97,2  1/2 ,1  9/16,25  3/4 ,5  1/2 ,3    ,–,6.35,37.7,–,–,–,–,9200,600,12.8,–,675,–,673,89.5,3.46,–,138,–,–,–,–,–,4.06,29.5,0.001186,–,–,21.0,–,146000,–,–,–
W,W30X173,W30X173,–,173,50.9,30.4,30  1/2 ,0.655,  5/8 ,  5/16,–,15.0,15      ,1.07,1  1/16,1.85,2  5/16,1  9/16,25  3/4 ,5  1/2 ,3    ,–,7.04,40.8,–,–,–,–,8230,541,12.7,–,607,–,598,79.8,3.42,–,123,–,–,–,–,–,4.03,29.3,0.000984,–,–,15.6,–,129000,–,–,–
,,,,,,,,,,,,,,,,,,,,,,,,,,,,,,,,,,,,,,,,,,,,,,,,,,,,,,,
W,W30X148,W30X148,–,148,43.6,30.7,30  5/8 ,0.650,  5/8 ,  5/16,–,10.5,10  1/2 ,1.18,1  3/16,1.83,2  1/2 ,1  9/16,25  3/4 ,5  1/2 ,–,–,4.44,41.6,–,–,–,–,6680,436,12.4,–,500,–,227,43.3,2.28,–,68.0,–,–,–,–,–,2.77,29.5,0.001127,–,–,14.5,–,49400,–,–,–
W,W30X132,W30X132,–,132,38.8,30.3,30  1/4 ,0.615,  5/8 ,  5/16,–,10.5,10  1/2 ,1.00,1      ,1.65,2  1/4 ,1  1/2 ,25  3/4 ,5  1/2 ,–,–,5.27,43.9,–,–,–,–,5770,380,12.2,–,437,–,196,37.2,2.25,–,58.4,–,–,–,–,–,2.75,29.3,0.000873,–,–,9.72,–,42100,–,–,–
W,W30X124,W30X124,–,124,36.5,30.2,30  1/8 ,0.585,  9/16,  5/16,–,10.5,10  1/2 ,0.930, 15/16,1.58,2  1/4 ,1  1/2 ,25  3/4 ,5  1/2 ,–,–,5.65,46.2,–,–,–,–,5360,355,12.1,–,408,–,181,34.4,2.23,–,54.0,–,–,–,–,–,2.73,29.3,0.000768,–,–,7.99,–,38600,–,–,–
W,W30X116,W30X116,–,116,34.2,30.0,30      ,0.565,  9/16,  5/16,–,10.5,10  1/2 ,0.850,  7/8 ,1.50,2  1/8 ,1  1/2 ,25  3/4 ,5  1/2 ,–,–,6.17,47.8,–,–,–,–,4930,329,12.0,–,378,–,164,31.3,2.19,–,49.2,–,–,–,–,–,2.70,29.2,0.000669,–,–,6.43,–,34900,–,–,–
W,W30X108,W30X108,–,108,31.7,29.8,29  7/8 ,0.545,  9/16,  5/16,–,10.5,10  1/2 ,0.760,  3/4 ,1.41,2      ,1  1/2 ,25  3/4 ,5  1/2 ,–,–,6.89,49.6,–,–,–,–,4470,299,11.9,–,346,–,146,27.9,2.15,–,43.9,–,–,–,–,–,2.67,29.0,0.000575,–,–,4.99,–,30900,–,–,–
W,W30X99,W30X99,–,99.0,29.0,29.7,29  5/8 ,0.520,  1/2 ,  1/4 ,–,10.5,10  1/2 ,0.670, 11/16,1.32,2      ,1  1/2 ,25  3/4 ,5  1/2 ,–,–,7.80,51.9,–,–,–,–,3990,269,11.7,–,312,–,128,24.5,2.10,–,38.6,–,–,–,–,–,2.62,29.0,0.000483,–,–,3.77,–,26800,–,–,–
W,W30X90,W30X90,–,90.0,26.3,29.5,29  1/2 ,0.470,  1/2 ,  1/4 ,–,10.4,10  3/8 ,0.610,  5/8 ,1.26,1  7/8 ,1  7/16,25  3/4 ,5  1/2 ,–,–,8.52,57.5,–,–,–,–,3610,245,11.7,–,283,–,115,22.1,2.09,–,34.7,–,–,–,–,–,2.60,28.9,0.000401,–,–,2.84,–,24000,–,–,–
,,,,,,,,,,,,,,,,,,,,,,,,,,,,,,,,,,,,,,,,,,,,,,,,,,,,,,,
W,W27X539,W27X539,–,539,159,32.5,32  1/2 ,1.97,2      ,1      ,–,15.3,15  1/4 ,3.54,3  9/16,4.33,4  7/16,1 13/16,23      ,5  1/2 ,–,–,2.15,12.1,–,–,–,–,25600,1570,12.7,–,1890,–,2110,277,3.65,–,437,–,–,–,–,–,4.41,29.0,0.010894,–,–,496,–,443000,–,–,–
W,W27X368,W27X368,–,368,109,30.4,30  3/8 ,1.38,1  3/8 , 11/16,–,14.7,14  5/8 ,2.48,2  1/2 ,3.27,3 11/16,1  7/8 ,23      ,5  1/2 ,–,–,2.96,17.3,–,–,–,–,16200,1060,12.2,–,1240,–,1310,179,3.48,–,279,–,–,–,–,–,4.15,27.9,0.005748,–,–,170,–,255000,–,–,–
W,W27X336,W27X336,–,336,99.2,30.0,30      ,1.26,1  1/4 ,  5/8 ,–,14.6,14  1/2 ,2.28,2  1/4 ,3.07,3  1/2 ,1 13/16,23      ,5  1/2 ,–,–,3.19,18.9,–,–,–,–,14600,972,12.1,–,1130,–,1180,162,3.45,–,252,–,–,–,–,–,4.10,27.7,0.004865,–,–,131,–,226000,–,–,–
W,W27X307,W27X307,–,307,90.2,29.6,29  5/8 ,1.16,1  3/16,  5/8 ,–,14.4,14  1/2 ,2.09,2  1/16,2.88,3  5/16,1 13/16,23      ,5  1/2 ,–,–,3.46,20.6,–,–,–,–,13100,887,12.0,–,1030,–,1050,146,3.41,–,227,–,–,–,–,–,4.04,27.5,0.004141,–,–,101,–,199000,–,–,–
W,W27X281,W27X281,–,281,83.1,29.3,29  1/4 ,1.06,1  1/16,  9/16,–,14.4,14  3/8 ,1.93,1 15/16,2.72,3  1/8 ,1  3/4 ,23      ,5  1/2 ,–,–,3.72,22.5,–,–,–,–,11900,814,12.0,–,936,–,953,133,3.39,–,206,–,–,–,–,–,4.00,27.4,0.003564,–,–,79.5,–,178000,–,–,–
W,W27X258,W27X258,–,258,76.1,29.0,29      ,0.980,1      ,  1/2 ,–,14.3,14  1/4 ,1.77,1  3/4 ,2.56,3      ,1 11/16,23      ,5  1/2 ,–,–,4.03,24.4,–,–,–,–,10800,745,11.9,–,852,–,859,120,3.36,–,187,–,–,–,–,–,3.96,27.2,0.003040,–,–,61.6,–,159000,–,–,–
W,W27X235,W27X235,–,235,69.4,28.7,28  5/8 ,0.910, 15/16,  1/2 ,–,14.2,14  1/4 ,1.61,1  5/8 ,2.40,2  7/8 ,1 11/16,23      ,5  1/2 ,–,–,4.41,26.2,–,–,–,–,9700,677,11.8,–,772,–,769,108,3.33,–,168,–,–,–,–,–,3.92,27.1,0.002562,–,–,47.0,–,141000,–,–,–
W,W27X217,W27X217,–,217,63.9,28.4,28  3/8 ,0.830, 13/16,  7/16,–,14.1,14  1/8 ,1.50,1  1/2 ,2.29,2 11/16,1  5/8 ,23      ,5  1/2 ,–,–,4.71,28.7,–,–,–,–,8910,627,11.8,–,711,–,704,100,3.32,–,154,–,–,–,–,–,3.89,26.9,0.002229,–,–,37.6,–,128000,–,–,–
W,W27X194,W27X194,–,194,57.1,28.1,28  1/8 ,0.750,  3/4 ,  3/8 ,–,14.0,14      ,1.34,1  5/16,2.13,2  9/16,1  9/16,23      ,5  1/2 ,–,–,5.24,31.8,–,–,–,–,7860,559,11.7,–,631,–,619,88.1,3.29,–,136,–,–,–,–,–,3.85,26.8,0.001809,–,–,27.1,–,111000,–,–,–
W,W27X178,W27X178,–,178,52.5,27.8,27  3/4 ,0.725,  3/4 ,  3/8 ,–,14.1,14  1/8 ,1.19,1  3/16,1.98,2  3/8 ,1  9/16,23      ,5  1/2 ,–,–,5.92,32.9,–,–,–,–,7020,505,11.6,–,570,–,555,78.8,3.25,–,122,–,–,–,–,–,3.83,26.6,0.001496,–,–,20.1,–,98400,–,–,–
W,W27X161,W27X161,–,161,47.6,27.6,27  5/8 ,0.660, 11/16,  3/8 ,–,14.0,14      ,1.08,1  1/16,1.87,2  5/16,1  9/16,23      ,5  1/2 ,–,–,6.49,36.1,–,–,–,–,6310,458,11.5,–,515,–,497,70.9,3.23,–,109,–,–,–,–,–,3.79,26.5,0.001244,–,–,15.1,–,87300,–,–,–
W,W27X146,W27X146,–,146,43.2,27.4,27  3/8 ,0.605,  5/8 ,  5/16,–,14.0,14      ,0.975,1      ,1.76,2  3/16,1  1/2 ,23      ,5  1/2 ,–,–,7.16,39.4,–,–,–,–,5660,414,11.5,–,464,–,443,63.5,3.20,–,97.7,–,–,–,–,–,3.76,26.4,0.001034,–,–,11.3,–,77200,–,–,–
,,,,,,,,,,,,,,,,,,,,,,,,,,,,,,,,,,,,,,,,,,,,,,,,,,,,,,,
W,W27X129,W27X129,–,129,37.8,27.6,27  5/8 ,0.610,  5/8 ,  5/16,–,10.0,10      ,1.10,1  1/8 ,1.70,2  5/16,1  1/2 ,23      ,5  1/2 ,–,–,4.55,39.7,–,–,–,–,4760,345,11.2,–,395,–,184,36.8,2.21,–,57.6,–,–,–,–,–,2.66,26.5,0.001214,–,–,11.1,–,32500,–,–,–
W,W27X114,W27X114,–,114,33.6,27.3,27  1/4 ,0.570,  9/16,  5/16,–,10.1,10  1/8 ,0.930, 15/16,1.53,2  1/8 ,1  1/2 ,23      ,5  1/2 ,–,–,5.41,42.5,–,–,–,–,4080,299,11.0,–,343,–,159,31.5,2.18,–,49.3,–,–,–,–,–,2.65,26.4,0.000929,–,–,7.33,–,27600,–,–,–
W,W27X102,W27X102,–,102,30.0,27.1,27  1/8 ,0.515,  1/2 ,  1/4 ,–,10.0,10      ,0.830, 13/16,1.43,2  1/16,1  7/16,23      ,5  1/2 ,–,–,6.03,47.1,–,–,–,–,3620,267,11.0,–,305,–,139,27.8,2.15,–,43.4,–,–,–,–,–,2.62,26.3,0.000752,–,–,5.28,–,24000,–,–,–
W,W27X94,W27X94,–,94.0,27.6,26.9,26  7/8 ,0.490,  1/2 ,  1/4 ,–,10.0,10      ,0.745,  3/4 ,1.34,1 15/16,1  7/16,23      ,5  1/2 ,–,–,6.70,49.5,–,–,–,–,3270,243,10.9,–,278,–,124,24.8,2.12,–,38.8,–,–,–,–,–,2.59,26.2,0.000633,–,–,4.03,–,21300,–,–,–
W,W27X84,W27X84,–,84.0,24.7,26.7,26  3/4 ,0.460,  7/16,  1/4 ,–,10.0,10      ,0.640,  5/8 ,1.24,1  7/8 ,1  7/16,23      ,5  1/2 ,–,–,7.78,52.7,–,–,–,–,2850,213,10.7,–,244,–,106,21.2,2.07,–,33.2,–,–,–,–,–,2.54,26.1,0.000505,–,–,2.81,–,17900,–,–,–
,,,,,,,,,,,,,,,,,,,,,,,,,,,,,,,,,,,,,,,,,,,,,,,,,,,,,,,
W,W24X370,W24X370,–,370,109,28.0,28      ,1.52,1  1/2 ,  3/4 ,–,13.7,13  5/8 ,2.72,2  3/4 ,3.22,4      ,2      ,20      ,5  1/2 ,–,–,2.51,14.2,–,–,–,–,13400,957,11.1,–,1130,–,1160,170,3.27,–,267,–,–,–,–,–,3.92,25.3,0.008302,–,–,201,–,186000,–,–,–
W,W24X335,W24X335,–,335,98.3,27.5,27  1/2 ,1.38,1  3/8 , 11/16,–,13.5,13  1/2 ,2.48,2  1/2 ,2.98,3  3/4 ,1  7/8 ,20      ,5  1/2 ,–,–,2.73,15.6,–,–,–,–,11900,864,11.0,–,1020,–,1030,152,3.23,–,238,–,–,–,–,–,3.86,25.0,0.007037,–,–,152,–,161000,–,–,–
W,W24X306,W24X306,–,306,89.7,27.1,27  1/8 ,1.26,1  1/4 ,  5/8 ,–,13.4,13  3/8 ,2.28,2  1/4 ,2.78,3  9/16,1 13/16,20      ,5  1/2 ,–,–,2.94,17.1,–,–,–,–,10700,789,10.9,–,922,–,919,137,3.20,–,214,–,–,–,–,–,3.81,24.8,0.005979,–,–,117,–,142000,–,–,–
W,W24X279,W24X279,–,279,81.9,26.7,26  3/4 ,1.16,1  3/16,  5/8 ,–,13.3,13  1/4 ,2.09,2  1/16,2.59,3  3/8 ,1 13/16,20      ,5  1/2 ,–,–,3.18,18.6,–,–,–,–,9600,718,10.8,–,835,–,823,124,3.17,–,193,–,–,–,–,–,3.76,24.6,0.005124,–,–,90.5,–,125000,–,–,–
W,W24X250,W24X250,–,250,73.5,26.3,26  3/8 ,1.04,1  1/16,  9/16,–,13.2,13  1/8 ,1.89,1  7/8 ,2.39,3  1/8 ,1  3/4 ,20      ,5  1/2 ,–,–,3.49,20.7,–,–,–,–,8490,644,10.7,–,744,–,724,110,3.14,–,171,–,–,–,–,–,3.71,24.4,0.004238,–,–,66.6,–,108000,–,–,–
W,W24X229,W24X229,–,229,67.2,26.0,26      ,0.960, 15/16,  1/2 ,–,13.1,13  1/8 ,1.73,1  3/4 ,2.23,3      ,1 11/16,20      ,5  1/2 ,–,–,3.79,22.5,–,–,–,–,7650,588,10.7,–,675,–,651,99.4,3.11,–,154,–,–,–,–,–,3.67,24.3,0.003590,–,–,51.3,–,96100,–,–,–
W,W24X207,W24X207,–,207,60.7,25.7,25  3/4 ,0.870,  7/8 ,  7/16,–,13.0,13      ,1.57,1  9/16,2.07,2  7/8 ,1  5/8 ,20      ,5  1/2 ,–,–,4.14,24.8,–,–,–,–,6820,531,10.6,–,606,–,578,88.8,3.08,–,137,–,–,–,–,–,3.62,24.1,0.002993,–,–,38.3,–,84100,–,–,–
W,W24X192,W24X192,–,192,56.5,25.5,25  1/2 ,0.810, 13/16,  7/16,–,13.0,13      ,1.46,1  7/16,1.96,2  3/4 ,1  5/8 ,20      ,5  1/2 ,–,–,4.43,26.6,–,–,–,–,6260,491,10.5,–,559,–,530,81.8,3.07,–,126,–,–,–,–,–,3.60,24.0,0.002614,–,–,30.8,–,76300,–,–,–
W,W24X176,W24X176,–,176,51.7,25.2,25  1/4 ,0.750,  3/4 ,  3/8 ,–,12.9,12  7/8 ,1.34,1  5/16,1.84,2  5/8 ,1  9/16,20      ,5  1/2 ,–,–,4.81,28.7,–,–,–,–,5680,450,10.5,–,511,–,479,74.3,3.04,–,115,–,–,–,–,–,3.57,23.9,0.002222,–,–,23.9,–,68400,–,–,–
W,W24X162,W24X162,–,162,47.8,25.0,25      ,0.705, 11/16,  3/8 ,–,13.0,13      ,1.22,1  1/4 ,1.72,2  1/2 ,1  9/16,20      ,5  1/2 ,–,–,5.31,30.6,–,–,–,–,5170,414,10.4,–,468,–,443,68.4,3.05,–,105,–,–,–,–,–,3.57,23.8,0.001878,–,–,18.5,–,62600,–,–,–
W,W24X146,W24X146,–,146,43.0,24.7,24  3/4 ,0.650,  5/8 ,  5/16,–,12.9,12  7/8 ,1.09,1  1/16,1.59,2  3/8 ,1  9/16,20      ,5  1/2 ,–,–,5.92,33.2,–,–,–,–,4580,371,10.3,–,418,–,391,60.5,3.01,–,93.2,–,–,–,–,–,3.53,23.6,0.001530,–,–,13.4,–,54600,–,–,–
W,W24X131,W24X131,–,131,38.6,24.5,24  1/2 ,0.605,  5/8 ,  5/16,–,12.9,12  7/8 ,0.960, 15/16,1.46,2  1/4 ,1  1/2 ,20      ,5  1/2 ,–,–,6.70,35.6,–,–,–,–,4020,329,10.2,–,370,–,340,53.0,2.97,–,81.5,–,–,–,–,–,3.49,23.5,0.001229,–,–,9.50,–,47100,–,–,–
W,W24X117,W24X117,–,117,34.4,24.3,24  1/4 ,0.550,  9/16,  5/16,–,12.8,12  3/4 ,0.850,  7/8 ,1.35,2  1/8 ,1  1/2 ,20      ,5  1/2 ,–,–,7.53,39.2,–,–,–,–,3540,291,10.1,–,327,–,297,46.5,2.94,–,71.4,–,–,–,–,–,3.46,23.5,0.000983,–,–,6.72,–,40800,–,–,–
W,W24X104,W24X104,–,104,30.7,24.1,24      ,0.500,  1/2 ,  1/4 ,–,12.8,12  3/4 ,0.750,  3/4 ,1.25,2  1/16,1  7/16,20      ,5  1/2 ,–,–,8.50,43.1,–,–,–,–,3100,258,10.1,–,289,–,259,40.7,2.91,–,62.4,–,–,–,–,–,3.42,23.4,0.000782,–,–,4.72,–,35200,–,–,–
,,,,,,,,,,,,,,,,,,,,,,,,,,,,,,,,,,,,,,,,,,,,,,,,,,,,,,,
W,W24X103,W24X103,–,103,30.3,24.5,24  1/2 ,0.550,  9/16,  5/16,–,9.00,9      ,0.980,1      ,1.48,2  1/4 ,1  1/2 ,20      ,5  1/2 ,–,–,4.59,39.2,–,–,–,–,3000,245,10.0,–,280,–,119,26.5,1.99,–,41.5,–,–,–,–,–,2.40,23.5,0.001228,–,–,7.07,–,16600,–,–,–
W,W24X94,W24X94,–,94.0,27.7,24.3,24  1/4 ,0.515,  1/2 ,  1/4 ,–,9.07,9  1/8 ,0.875,  7/8 ,1.38,2  1/8 ,1  7/16,20      ,5  1/2 ,–,–,5.18,41.9,–,–,–,–,2700,222,9.87,–,254,–,109,24.0,1.98,–,37.5,–,–,–,–,–,2.40,23.4,0.001013,–,–,5.26,–,15000,–,–,–
W,W24X84,W24X84,–,84.0,24.7,24.1,24  1/8 ,0.470,  1/2 ,  1/4 ,–,9.02,9      ,0.770,  3/4 ,1.27,2  1/16,1  7/16,20      ,5  1/2 ,–,–,5.86,45.9,–,–,–,–,2370,196,9.79,–,224,–,94.4,20.9,1.95,–,32.6,–,–,–,–,–,2.37,23.3,0.000810,–,–,3.70,–,12800,–,–,–
W,W24X76,W24X76,–,76.0,22.4,23.9,23  7/8 ,0.440,  7/16,  1/4 ,–,8.99,9      ,0.680, 11/16,1.18,1 15/16,1  7/16,20      ,5  1/2 ,–,–,6.61,49.0,–,–,–,–,2100,176,9.69,–,200,–,82.5,18.4,1.92,–,28.6,–,–,–,–,–,2.33,23.2,0.000656,–,–,2.68,–,11100,–,–,–
W,W24X68,W24X68,–,68.0,20.1,23.7,23  3/4 ,0.415,  7/16,  1/4 ,–,8.97,9      ,0.585,  9/16,1.09,1  7/8 ,1  7/16,20      ,5  1/2 ,–,–,7.66,52.0,–,–,–,–,1830,154,9.55,–,177,–,70.4,15.7,1.87,–,24.5,–,–,–,–,–,2.30,23.1,0.000526,–,–,1.87,–,9430,–,–,–
,,,,,,,,,,,,,,,,,,,,,,,,,,,,,,,,,,,,,,,,,,,,,,,,,,,,,,,
W,W24X62,W24X62,–,62.0,18.2,23.7,23  3/4 ,0.430,  7/16,  1/4 ,–,7.04,7      ,0.590,  9/16,1.09,1  1/2 ,1  1/16,20  3/4 ,3  1/2 ,–,–,5.97,50.1,–,–,–,–,1550,131,9.23,–,153,–,34.5,9.80,1.38,–,15.7,–,–,–,–,–,1.75,23.1,0.000565,–,–,1.71,–,4620,–,–,–
W,W24X55,W24X55,–,55.0,16.2,23.6,23  5/8 ,0.395,  3/8 ,  3/16,–,7.01,7      ,0.505,  1/2 ,1.01,1  7/16,1      ,20  3/4 ,3  1/2 ,–,–,6.94,54.6,–,–,–,–,1350,114,9.11,–,134,–,29.1,8.30,1.34,–,13.3,–,–,–,–,–,1.72,23.1,0.000448,–,–,1.18,–,3870,–,–,–
,,,,,,,,,,,,,,,,,,,,,,,,,,,,,,,,,,,,,,,,,,,,,,,,,,,,,,,
W,W21X275,W21X275,–,275,81.8,24.1,24  1/8 ,1.22,1  1/4 ,  5/8 ,–,12.9,12  7/8 ,2.19,2  3/16,3.37,3  7/16,1 13/16,17  1/4 ,5  1/2 ,–,–,2.95,14.2,–,–,–,–,7690,638,9.70,–,749,–,787,122,3.10,–,191,–,–,–,–,–,3.68,21.9,0.007658,–,–,107,–,94400,–,–,–
W,W21X248,W21X248,–,248,73.8,23.7,23  3/4 ,1.10,1  1/8 ,  9/16,–,12.8,12  3/4 ,1.99,2      ,3.17,3  1/4 ,1  3/4 ,17  1/4 ,5  1/2 ,–,–,3.22,15.8,–,–,–,–,6830,576,9.62,–,671,–,699,109,3.08,–,170,–,–,–,–,–,3.63,21.7,0.006456,–,–,80.7,–,82400,–,–,–
W,W21X223,W21X223,–,223,66.5,23.4,23  3/8 ,1.00,1      ,  1/2 ,–,12.7,12  5/8 ,1.79,1 13/16,2.97,3  1/16,1 11/16,17  1/4 ,5  1/2 ,–,–,3.55,17.5,–,–,–,–,6080,520,9.56,–,601,–,614,96.7,3.04,–,150,–,–,–,–,–,3.57,21.6,0.005297,–,–,59.5,–,71700,–,–,–
W,W21X201,W21X201,–,201,59.3,23.0,23      ,0.910, 15/16,  1/2 ,–,12.6,12  5/8 ,1.63,1  5/8 ,2.13,2  7/8 ,1 11/16,17  1/4 ,5  1/2 ,–,–,3.86,20.6,–,–,–,–,5310,461,9.47,–,530,–,542,86.1,3.02,–,133,–,–,–,–,–,3.55,21.4,0.004146,–,–,40.9,–,62000,–,–,–
W,W21X182,W21X182,–,182,53.6,22.7,22  3/4 ,0.830, 13/16,  7/16,–,12.5,12  1/2 ,1.48,1  1/2 ,1.98,2  3/4 ,1  5/8 ,17  1/4 ,5  1/2 ,–,–,4.22,22.6,–,–,–,–,4730,417,9.40,–,476,–,483,77.2,3.00,–,119,–,–,–,–,–,3.51,21.2,0.003473,–,–,30.7,–,54400,–,–,–
W,W21X166,W21X166,–,166,48.8,22.5,22  1/2 ,0.750,  3/4 ,  3/8 ,–,12.4,12  3/8 ,1.36,1  3/8 ,1.86,2  5/8 ,1  9/16,17  1/4 ,5  1/2 ,–,–,4.57,25.0,–,–,–,–,4280,380,9.36,–,432,–,435,70.0,2.99,–,108,–,–,–,–,–,3.48,21.1,0.002943,–,–,23.6,–,48500,–,–,–
W,W21X147,W21X147,–,147,43.2,22.1,22      ,0.720,  3/4 ,  3/8 ,–,12.5,12  1/2 ,1.15,1  1/8 ,1.65,2  7/16,1  9/16,17  1/4 ,5  1/2 ,–,–,5.44,26.1,–,–,–,–,3630,329,9.17,–,373,–,376,60.1,2.95,–,92.6,–,–,–,–,–,3.46,21.0,0.002229,–,–,15.4,–,41100,–,–,–
W,W21X132,W21X132,–,132,38.8,21.8,21  7/8 ,0.650,  5/8 ,  5/16,–,12.4,12  1/2 ,1.04,1  1/16,1.54,2  1/4 ,1  9/16,17  1/4 ,5  1/2 ,–,–,6.01,28.9,–,–,–,–,3220,295,9.12,–,333,–,333,53.5,2.93,–,82.3,–,–,–,–,–,3.43,20.8,0.001842,–,–,11.3,–,36000,–,–,–
W,W21X122,W21X122,–,122,35.9,21.7,21  5/8 ,0.600,  5/8 ,  5/16,–,12.4,12  3/8 ,0.960, 15/16,1.46,2  1/4 ,1  1/2 ,17  1/4 ,5  1/2 ,–,–,6.45,31.3,–,–,–,–,2960,273,9.09,–,307,–,305,49.2,2.92,–,75.6,–,–,–,–,–,3.40,20.7,0.001589,–,–,8.98,–,32700,–,–,–
W,W21X111,W21X111,–,111,32.6,21.5,21  1/2 ,0.550,  9/16,  5/16,–,12.3,12  3/8 ,0.875,  7/8 ,1.38,2  1/8 ,1  1/2 ,17  1/4 ,5  1/2 ,–,–,7.05,34.1,–,–,–,–,2670,249,9.05,–,279,–,274,44.5,2.90,–,68.2,–,–,–,–,–,3.37,20.6,0.001332,–,–,6.83,–,29200,–,–,–
W,W21X101,W21X101,–,101,29.8,21.4,21  3/8 ,0.500,  1/2 ,  1/4 ,–,12.3,12  1/4 ,0.800, 13/16,1.30,2  1/16,1  7/16,17  1/4 ,5  1/2 ,–,–,7.68,37.5,–,–,–,–,2420,227,9.02,–,253,–,248,40.3,2.89,–,61.7,–,–,–,–,–,3.35,20.6,0.001114,–,–,5.21,–,26200,–,–,–
,,,,,,,,,,,,,,,,,,,,,,,,,,,,,,,,,,,,,,,,,,,,,,,,,,,,,,,
W,W21X93,W21X93,–,93.0,27.3,21.6,21  5/8 ,0.580,  9/16,  5/16,–,8.42,8  3/8 ,0.930, 15/16,1.43,1  5/8 , 15/16,18  3/8 ,5  1/2 ,–,–,4.53,32.3,–,–,–,–,2070,192,8.70,–,221,–,92.9,22.1,1.84,–,34.7,–,–,–,–,–,2.24,20.7,0.001517,–,–,6.03,–,9940,–,–,–
W,W21X83,W21X83,–,83.0,24.4,21.4,21  3/8 ,0.515,  1/2 ,  1/4 ,–,8.36,8  3/8 ,0.835, 13/16,1.34,1  1/2 ,  7/8 ,18  3/8 ,5  1/2 ,–,–,5.00,36.4,–,–,–,–,1830,171,8.67,–,196,–,81.4,19.5,1.83,–,30.5,–,–,–,–,–,2.21,20.6,0.001232,–,–,4.34,–,8630,–,–,–
W,W21X73,W21X73,–,73.0,21.5,21.2,21  1/4 ,0.455,  7/16,  1/4 ,–,8.30,8  1/4 ,0.740,  3/4 ,1.24,1  7/16,  7/8 ,18  3/8 ,5  1/2 ,–,–,5.60,41.2,–,–,–,–,1600,151,8.64,–,172,–,70.6,17.0,1.81,–,26.6,–,–,–,–,–,2.19,20.5,0.000976,–,–,3.02,–,7410,–,–,–
W,W21X68,W21X68,–,68.0,20.0,21.1,21  1/8 ,0.430,  7/16,  1/4 ,–,8.27,8  1/4 ,0.685, 11/16,1.19,1  3/8 ,  7/8 ,18  3/8 ,5  1/2 ,–,–,6.04,43.6,–,–,–,–,1480,140,8.60,–,160,–,64.7,15.7,1.80,–,24.4,–,–,–,–,–,2.17,20.4,0.000858,–,–,2.45,–,6760,–,–,–
W,W21X62,W21X62,–,62.0,18.3,21.0,21      ,0.400,  3/8 ,  3/16,–,8.24,8  1/4 ,0.615,  5/8 ,1.12,1  5/16, 13/16,18  3/8 ,5  1/2 ,–,–,6.70,46.9,–,–,–,–,1330,127,8.54,–,144,–,57.5,14.0,1.77,–,21.7,–,–,–,–,–,2.15,20.4,0.000706,–,–,1.83,–,5960,–,–,–
W,W21X55,W21X55,–,55.0,16.2,20.8,20  3/4 ,0.375,  3/8 ,  3/16,–,8.22,8  1/4 ,0.522,  1/2 ,1.02,1  3/16, 13/16,18  3/8 ,5  1/2 ,–,–,7.87,50.0,–,–,–,–,1140,110,8.40,–,126,–,48.4,11.8,1.73,–,18.4,–,–,–,–,–,2.11,20.3,0.000555,–,–,1.24,–,4980,–,–,–
W,W21X48,W21X48,–,48.0,14.1,20.6,20  5/8 ,0.350,  3/8 ,  3/16,–,8.14,8  1/8 ,0.430,  7/16,0.930,1  1/8 , 13/16,18  3/8 ,5  1/2 ,–,–,9.47,53.6,–,–,–,–,959,93.0,8.24,–,107,–,38.7,9.52,1.66,–,14.9,–,–,–,–,–,2.05,20.2,0.000427,–,–,0.803,–,3950,–,–,–
,,,,,,,,,,,,,,,,,,,,,,,,,,,,,,,,,,,,,,,,,,,,,,,,,,,,,,,
W,W21X57,W21X57,–,57.0,16.7,21.1,21      ,0.405,  3/8 ,  3/16,–,6.56,6  1/2 ,0.650,  5/8 ,1.15,1  5/16, 13/16,18  3/8 ,3  1/2 ,–,–,5.04,46.3,–,–,–,–,1170,111,8.36,–,129,–,30.6,9.35,1.35,–,14.8,–,–,–,–,–,1.68,20.5,0.000778,–,–,1.77,–,3190,–,–,–
W,W21X50,W21X50,–,50.0,14.7,20.8,20  7/8 ,0.380,  3/8 ,  3/16,–,6.53,6  1/2 ,0.535,  9/16,1.04,1  1/4 , 13/16,18  3/8 ,3  1/2 ,–,–,6.10,49.4,–,–,–,–,984,94.5,8.18,–,110,–,24.9,7.64,1.30,–,12.2,–,–,–,–,–,1.64,20.3,0.000594,–,–,1.14,–,2570,–,–,–
W,W21X44,W21X44,–,44.0,13.0,20.7,20  5/8 ,0.350,  3/8 ,  3/16,–,6.50,6  1/2 ,0.450,  7/16,0.950,1  1/8 , 13/16,18  3/8 ,3  1/2 ,–,–,7.22,53.6,–,–,–,–,843,81.6,8.06,–,95.4,–,20.7,6.37,1.26,–,10.2,–,–,–,–,–,1.60,20.3,0.000465,–,–,0.770,–,2110,–,–,–
,,,,,,,,,,,,,,,,,,,,,,,,,,,,,,,,,,,,,,,,,,,,,,,,,,,,,,,
W,W18X311,W18X311,–,311,91.6,22.3,22  3/8 ,1.52,1  1/2 ,  3/4 ,–,12.0,12      ,2.74,2  3/4 ,3.24,3  9/16,1  9/16,15  1/8 ,5  1/2 ,–,–,2.19,10.4,–,–,–,–,6970,624,8.72,–,754,–,795,132,2.95,–,207,–,–,–,–,–,3.53,19.6,0.014390,–,–,176,–,76200,–,–,–
W,W18X283,W18X283,–,283,83.3,21.9,21  7/8 ,1.40,1  3/8 , 11/16,–,11.9,11  7/8 ,2.50,2  1/2 ,3.00,3  3/8 ,1  1/2 ,15  1/8 ,5  1/2 ,–,–,2.38,11.3,–,–,–,–,6170,565,8.61,–,676,–,704,118,2.91,–,185,–,–,–,–,–,3.47,19.4,0.012225,–,–,134,–,65900,–,–,–
W,W18X258,W18X258,–,258,76.0,21.5,21  1/2 ,1.28,1  1/4 ,  5/8 ,–,11.8,11  3/4 ,2.30,2  5/16,2.70,3  3/16,1  7/16,15  1/8 ,5  1/2 ,–,–,2.56,12.5,–,–,–,–,5510,514,8.53,–,611,–,628,107,2.88,–,166,–,–,–,–,–,3.42,19.2,0.010437,–,–,103,–,57600,–,–,–
W,W18X234,W18X234,–,234,68.6,21.1,21      ,1.16,1  3/16,  5/8 ,–,11.7,11  5/8 ,2.11,2  1/8 ,2.51,3      ,1  3/8 ,15  1/8 ,5  1/2 ,–,–,2.76,13.8,–,–,–,–,4900,466,8.44,–,549,–,558,95.8,2.85,–,149,–,–,–,–,–,3.37,19.0,0.008889,–,–,78.7,–,50100,–,–,–
W,W18X211,W18X211,–,211,62.3,20.7,20  5/8 ,1.06,1  1/16,  9/16,–,11.6,11  1/2 ,1.91,1 15/16,2.31,2 13/16,1  3/8 ,15  1/8 ,5  1/2 ,–,–,3.02,15.1,–,–,–,–,4330,419,8.35,–,490,–,493,85.3,2.82,–,132,–,–,–,–,–,3.32,18.8,0.007439,–,–,58.6,–,43400,–,–,–
W,W18X192,W18X192,–,192,56.2,20.4,20  3/8 ,0.960, 15/16,  1/2 ,–,11.5,11  1/2 ,1.75,1  3/4 ,2.15,2  5/8 ,1  5/16,15  1/8 ,5  1/2 ,–,–,3.27,16.7,–,–,–,–,3870,380,8.28,–,442,–,440,76.8,2.79,–,119,–,–,–,–,–,3.28,18.7,0.006290,–,–,44.7,–,38000,–,–,–
W,W18X175,W18X175,–,175,51.4,20.0,20      ,0.890,  7/8 ,  7/16,–,11.4,11  3/8 ,1.59,1  9/16,1.99,2  7/16,1  1/4 ,15  1/8 ,5  1/2 ,–,–,3.58,18.0,–,–,–,–,3450,344,8.20,–,398,–,391,68.8,2.76,–,106,–,–,–,–,–,3.24,18.4,0.005340,–,–,33.8,–,33300,–,–,–
W,W18X158,W18X158,–,158,46.3,19.7,19  3/4 ,0.810, 13/16,  7/16,–,11.3,11  1/4 ,1.44,1  7/16,1.84,2  3/8 ,1  1/4 ,15  1/8 ,5  1/2 ,–,–,3.92,19.8,–,–,–,–,3060,310,8.12,–,356,–,347,61.4,2.74,–,94.8,–,–,–,–,–,3.20,18.3,0.004442,–,–,25.2,–,29000,–,–,–
W,W18X143,W18X143,–,143,42.0,19.5,19  1/2 ,0.730,  3/4 ,  3/8 ,–,11.2,11  1/4 ,1.32,1  5/16,1.72,2  3/16,1  3/16,15  1/8 ,5  1/2 ,–,–,4.25,22.0,–,–,–,–,2750,282,8.09,–,322,–,311,55.5,2.72,–,85.4,–,–,–,–,–,3.17,18.2,0.003741,–,–,19.2,–,25700,–,–,–
W,W18X130,W18X130,–,130,38.3,19.3,19  1/4 ,0.670, 11/16,  3/8 ,–,11.2,11  1/8 ,1.20,1  3/16,1.60,2  1/16,1  3/16,15  1/8 ,5  1/2 ,–,–,4.65,23.9,–,–,–,–,2460,256,8.03,–,290,–,278,49.9,2.70,–,76.7,–,–,–,–,–,3.13,18.1,0.003129,–,–,14.5,–,22700,–,–,–
W,W18X119,W18X119,–,119,35.1,19.0,19      ,0.655,  5/8 ,  5/16,–,11.3,11  1/4 ,1.06,1  1/16,1.46,1 15/16,1  3/16,15  1/8 ,5  1/2 ,–,–,5.31,24.5,–,–,–,–,2190,231,7.90,–,262,–,253,44.9,2.69,–,69.1,–,–,–,–,–,3.13,17.9,0.002564,–,–,10.6,–,20300,–,–,–
W,W18X106,W18X106,–,106,31.1,18.7,18  3/4 ,0.590,  9/16,  5/16,–,11.2,11  1/4 ,0.940, 15/16,1.34,1 13/16,1  1/8 ,15  1/8 ,5  1/2 ,–,–,5.96,27.2,–,–,–,–,1910,204,7.84,–,230,–,220,39.4,2.66,–,60.5,–,–,–,–,–,3.10,17.8,0.002060,–,–,7.48,–,17400,–,–,–
W,W18X97,W18X97,–,97.0,28.5,18.6,18  5/8 ,0.535,  9/16,  5/16,–,11.1,11  1/8 ,0.870,  7/8 ,1.27,1  3/4 ,1  1/8 ,15  1/8 ,5  1/2 ,–,–,6.41,30.0,–,–,–,–,1750,188,7.82,–,211,–,201,36.1,2.65,–,55.3,–,–,–,–,–,3.08,17.7,0.001761,–,–,5.86,–,15800,–,–,–
W,W18X86,W18X86,–,86.0,25.3,18.4,18  3/8 ,0.480,  1/2 ,  1/4 ,–,11.1,11  1/8 ,0.770,  3/4 ,1.17,1  5/8 ,1  1/16,15  1/8 ,5  1/2 ,–,–,7.20,33.4,–,–,–,–,1530,166,7.77,–,186,–,175,31.6,2.63,–,48.4,–,–,–,–,–,3.05,17.6,0.001403,–,–,4.10,–,13600,–,–,–
W,W18X76,W18X76,–,76.0,22.3,18.2,18  1/4 ,0.425,  7/16,  1/4 ,–,11.0,11      ,0.680, 11/16,1.08,1  9/16,1  1/16,15  1/8 ,5  1/2 ,–,–,8.11,37.8,–,–,–,–,1330,146,7.73,–,163,–,152,27.6,2.61,–,42.2,–,–,–,–,–,3.02,17.5,0.001108,–,–,2.83,–,11700,–,–,–
,,,,,,,,,,,,,,,,,,,,,,,,,,,,,,,,,,,,,,,,,,,,,,,,,,,,,,,
W,W18X71,W18X71,–,71.0,20.9,18.5,18  1/2 ,0.495,  1/2 ,  1/4 ,–,7.64,7  5/8 ,0.810, 13/16,1.21,1  1/2 ,  7/8 ,15  1/2 ,3  1/2 ,–,–,4.71,32.4,–,–,–,–,1170,127,7.50,–,146,–,60.3,15.8,1.70,–,24.7,–,–,–,–,–,2.05,17.7,0.001553,–,–,3.49,–,4700,–,–,–
W,W18X65,W18X65,–,65.0,19.1,18.4,18  3/8 ,0.450,  7/16,  1/4 ,–,7.59,7  5/8 ,0.750,  3/4 ,1.15,1  7/16,  7/8 ,15  1/2 ,3  1/2 ,–,–,5.06,35.7,–,–,–,–,1070,117,7.49,–,133,–,54.8,14.4,1.69,–,22.5,–,–,–,–,–,2.03,17.7,0.001318,–,–,2.73,–,4240,–,–,–
W,W18X60,W18X60,–,60.0,17.6,18.2,18  1/4 ,0.415,  7/16,  1/4 ,–,7.56,7  1/2 ,0.695, 11/16,1.10,1  3/8 , 13/16,15  1/2 ,3  1/2 ,–,–,5.44,38.7,–,–,–,–,984,108,7.47,–,123,–,50.1,13.3,1.68,–,20.6,–,–,–,–,–,2.02,17.5,0.001148,–,–,2.17,–,3850,–,–,–
W,W18X55,W18X55,–,55.0,16.2,18.1,18  1/8 ,0.390,  3/8 ,  3/16,–,7.53,7  1/2 ,0.630,  5/8 ,1.03,1  5/16, 13/16,15  1/2 ,3  1/2 ,–,–,5.98,41.1,–,–,–,–,890,98.3,7.41,–,112,–,44.9,11.9,1.67,–,18.5,–,–,–,–,–,2.00,17.5,0.000965,–,–,1.66,–,3430,–,–,–
W,W18X50,W18X50,–,50.0,14.7,18.0,18      ,0.355,  3/8 ,  3/16,–,7.50,7  1/2 ,0.570,  9/16,0.972,1  1/4 , 13/16,15  1/2 ,3  1/2 ,–,–,6.57,45.2,–,–,–,–,800,88.9,7.38,–,101,–,40.1,10.7,1.65,–,16.6,–,–,–,–,–,1.98,17.4,0.000802,–,–,1.24,–,3040,–,–,–
,,,,,,,,,,,,,,,,,,,,,,,,,,,,,,,,,,,,,,,,,,,,,,,,,,,,,,,
W,W18X46,W18X46,–,46.0,13.5,18.1,18      ,0.360,  3/8 ,  3/16,–,6.06,6      ,0.605,  5/8 ,1.01,1  1/4 , 13/16,15  1/2 ,3  1/2 ,–,–,5.01,44.6,–,–,–,–,712,78.8,7.25,–,90.7,–,22.5,7.43,1.29,–,11.7,–,–,–,–,–,1.58,17.5,0.000885,–,–,1.22,–,1720,–,–,–
W,W18X40,W18X40,–,40.0,11.8,17.9,17  7/8 ,0.315,  5/16,  3/16,–,6.02,6      ,0.525,  1/2 ,0.927,1  3/16, 13/16,15  1/2 ,3  1/2 ,–,–,5.73,50.9,–,–,–,–,612,68.4,7.21,–,78.4,–,19.1,6.35,1.27,–,10.0,–,–,–,–,–,1.56,17.4,0.000681,–,–,0.810,–,1440,–,–,–
W,W18X35,W18X35,–,35.0,10.3,17.7,17  3/4 ,0.300,  5/16,  3/16,–,6.00,6      ,0.425,  7/16,0.827,1  1/8 ,  3/4 ,15  1/2 ,3  1/2 ,–,–,7.06,53.5,–,–,–,–,510,57.6,7.04,–,66.5,–,15.3,5.12,1.22,–,8.06,–,–,–,–,–,1.51,17.3,0.000508,–,–,0.506,–,1140,–,–,–
,,,,,,,,,,,,,,,,,,,,,,,,,,,,,,,,,,,,,,,,,,,,,,,,,,,,,,,
W,W16X100,W16X100,–,100,29.4,17.0,17      ,0.585,  9/16,  5/16,–,10.4,10  3/8 ,0.985,1      ,1.39,1  7/8 ,1  1/8 ,13  1/4 ,5  1/2 ,–,–,5.29,24.3,–,–,–,–,1490,175,7.10,–,198,–,186,35.7,2.51,–,54.9,–,–,–,–,–,2.92,16.0,0.002761,–,–,7.73,–,11900,–,–,–
W,W16X89,W16X89,–,89.0,26.2,16.8,16  3/4 ,0.525,  1/2 ,  1/4 ,–,10.4,10  3/8 ,0.875,  7/8 ,1.28,1  3/4 ,1  1/16,13  1/4 ,5  1/2 ,–,–,5.92,27.0,–,–,–,–,1300,155,7.05,–,175,–,163,31.4,2.49,–,48.1,–,–,–,–,–,2.88,15.9,0.002211,–,–,5.45,–,10200,–,–,–
W,W16X77,W16X77,–,77.0,22.6,16.5,16  1/2 ,0.455,  7/16,  1/4 ,–,10.3,10  1/4 ,0.760,  3/4 ,1.16,1  5/8 ,1  1/16,13  1/4 ,5  1/2 ,–,–,6.77,31.2,–,–,–,–,1110,134,7.00,–,150,–,138,26.9,2.47,–,41.1,–,–,–,–,–,2.85,15.7,0.001697,–,–,3.57,–,8590,–,–,–
W,W16X67,W16X67,–,67.0,19.6,16.3,16  3/8 ,0.395,  3/8 ,  3/16,–,10.2,10  1/4 ,0.665, 11/16,1.07,1  9/16,1      ,13  1/4 ,5  1/2 ,–,–,7.70,35.9,–,–,–,–,954,117,6.96,–,130,–,119,23.2,2.46,–,35.5,–,–,–,–,–,2.82,15.6,0.001309,–,–,2.39,–,7300,–,–,–
,,,,,,,,,,,,,,,,,,,,,,,,,,,,,,,,,,,,,,,,,,,,,,,,,,,,,,,
W,W16X57,W16X57,–,57.0,16.8,16.4,16  3/8 ,0.430,  7/16,  1/4 ,–,7.12,7  1/8 ,0.715, 11/16,1.12,1  3/8 ,  7/8 ,13  5/8 ,3  1/2 ,–,–,4.98,33.0,–,–,–,–,758,92.2,6.72,–,105,–,43.1,12.1,1.60,–,18.9,–,–,–,–,–,1.92,15.7,0.001534,–,–,2.22,–,2660,–,–,–
W,W16X50,W16X50,–,50.0,14.7,16.3,16  1/4 ,0.380,  3/8 ,  3/16,–,7.07,7  1/8 ,0.630,  5/8 ,1.03,1  5/16, 13/16,13  5/8 ,3  1/2 ,–,–,5.61,37.4,–,–,–,–,659,81.0,6.68,–,92.0,–,37.2,10.5,1.59,–,16.3,–,–,–,–,–,1.89,15.7,0.001195,–,–,1.52,–,2270,–,–,–
W,W16X45,W16X45,–,45.0,13.3,16.1,16  1/8 ,0.345,  3/8 ,  3/16,–,7.04,7      ,0.565,  9/16,0.967,1  1/4 , 13/16,13  5/8 ,3  1/2 ,–,–,6.23,41.1,–,–,–,–,586,72.7,6.65,–,82.3,–,32.8,9.34,1.57,–,14.5,–,–,–,–,–,1.87,15.5,0.000985,–,–,1.11,–,1990,–,–,–
W,W16X40,W16X40,–,40.0,11.8,16.0,16      ,0.305,  5/16,  3/16,–,7.00,7      ,0.505,  1/2 ,0.907,1  3/16, 13/16,13  5/8 ,3  1/2 ,–,–,6.93,46.5,–,–,–,–,518,64.7,6.63,–,73.0,–,28.9,8.25,1.57,–,12.7,–,–,–,–,–,1.86,15.5,0.000792,–,–,0.794,–,1730,–,–,–
W,W16X36,W16X36,–,36.0,10.6,15.9,15  7/8 ,0.295,  5/16,  3/16,–,6.99,7      ,0.430,  7/16,0.832,1  1/8 ,  3/4 ,13  5/8 ,3  1/2 ,–,–,8.12,48.1,–,–,–,–,448,56.5,6.51,–,64.0,–,24.5,7.00,1.52,–,10.8,–,–,–,–,–,1.83,15.5,0.000622,–,–,0.545,–,1460,–,–,–
,,,,,,,,,,,,,,,,,,,,,,,,,,,,,,,,,,,,,,,,,,,,,,,,,,,,,,,
W,W16X31,W16X31,–,31.0,9.13,15.9,15  7/8 ,0.275,  1/4 ,  1/8 ,–,5.53,5  1/2 ,0.440,  7/16,0.842,1  1/8 ,  3/4 ,13  5/8 ,3  1/2 ,–,–,6.28,51.6,–,–,–,–,375,47.2,6.41,–,54.0,–,12.4,4.49,1.17,–,7.03,–,–,–,–,–,1.42,15.5,0.000630,–,–,0.461,–,739,–,–,–
W,W16X26,W16X26,–,26.0,7.68,15.7,15  3/4 ,0.250,  1/4 ,  1/8 ,–,5.50,5  1/2 ,0.345,  3/8 ,0.747,1  1/16,  3/4 ,13  5/8 ,3  1/2 ,–,–,7.97,56.8,–,–,–,–,301,38.4,6.26,–,44.2,–,9.6,3.49,1.12,–,5.48,–,–,–,–,–,1.38,15.4,0.000443,–,–,0.262,–,565,–,–,–
,,,,,,,,,,,,,,,,,,,,,,,,,,,,,,,,,,,,,,,,,,,,,,,,,,,,,,,
W,W14X873,W14X873,–,873,257,23.6,23  5/8 ,3.94,3 15/16,2      ,–,18.8,18  3/4 ,5.51,5  1/2 ,6.10,6  3/16,2  9/16,11  1/4 ,8  1/2 ,3    ,–,1.71,2.89,–,–,–,–,18100,1530,8.39,–,2030,–,6170,656,4.90,–,1020,–,–,–,–,–,6.04,18.1,0.081970,–,–,2270,–,505000,–,–,–
W,W14X808,W14X808,–,808,238,22.8,22  3/4 ,3.74,3  3/4 ,1  7/8 ,–,18.6,18  5/8 ,5.12,5  1/8 ,5.71,5  3/4 ,2  1/2 ,11  1/4 ,8  1/2 ,3    ,–,1.82,3.04,–,–,–,–,15900,1390,8.17,–,1830,–,5550,597,4.83,–,930,–,–,–,–,–,5.94,17.7,0.074788,–,–,1840,–,434000,–,–,–
W,W14X730,W14X730,–,730,215,22.4,22  3/8 ,3.07,3  1/16,1  9/16,–,17.9,17  7/8 ,4.91,4 15/16,5.51,6  3/16,2  3/4 ,10      ,7  1/2 ,3    ,–,1.82,3.71,–,–,–,–,14300,1280,8.17,–,1660,–,4720,527,4.69,–,816,–,–,–,–,–,5.68,17.5,0.064732,–,–,1450,–,362000,–,–,–
W,W14X665,W14X665,–,665,196,21.6,21  5/8 ,2.83,2 13/16,1  7/16,–,17.7,17  5/8 ,4.52,4  1/2 ,5.12,5 13/16,2  5/8 ,10      ,7  1/2 ,3    ,–,1.95,4.03,–,–,–,–,12400,1150,7.98,–,1480,–,4170,472,4.62,–,730,–,–,–,–,–,5.57,17.1,0.056954,–,–,1120,–,305000,–,–,–
W,W14X605,W14X605,–,605,178,20.9,20  7/8 ,2.60,2  5/8 ,1  5/16,–,17.4,17  3/8 ,4.16,4  3/16,4.76,5  7/16,2  1/2 ,10      ,7  1/2 ,3    ,–,2.09,4.39,–,–,–,–,10800,1040,7.80,–,1320,–,3680,423,4.55,–,652,–,–,–,–,–,5.44,16.7,0.050035,–,–,869,–,258000,–,–,–
W,W14X550,W14X550,–,550,162,20.2,20  1/4 ,2.38,2  3/8 ,1  3/16,–,17.2,17  1/4 ,3.82,3 13/16,4.42,5  1/8 ,2  3/8 ,10      ,7  1/2 ,3    ,–,2.25,4.79,–,–,–,–,9430,931,7.63,–,1180,–,3250,378,4.49,–,583,–,–,–,–,–,5.35,16.4,0.043816,–,–,669,–,219000,–,–,–
W,W14X500,W14X500,–,500,147,19.6,19  5/8 ,2.19,2  3/16,1  1/8 ,–,17.0,17      ,3.50,3  1/2 ,4.10,4 13/16,2  5/16,10      ,7  1/2 ,3    ,–,2.43,5.21,–,–,–,–,8210,838,7.48,–,1050,–,2880,339,4.43,–,522,–,–,–,–,–,5.26,16.1,0.038097,–,–,514,–,187000,–,–,–
W,W14X455,W14X455,–,455,134,19.0,19      ,2.02,2      ,1      ,–,16.8,16  7/8 ,3.21,3  3/16,3.81,4  1/2 ,2  1/4 ,10      ,7  1/2 ,3    ,–,2.62,5.66,–,–,–,–,7190,756,7.33,–,936,–,2560,304,4.38,–,468,–,–,–,–,–,5.17,15.8,0.033069,–,–,395,–,160000,–,–,–
W,W14X426,W14X426,–,426,125,18.7,18  5/8 ,1.88,1  7/8 , 15/16,–,16.7,16  3/4 ,3.04,3  1/16,3.63,4  5/16,2  1/8 ,10      ,7  1/2 ,3    ,–,2.75,6.08,–,–,–,–,6600,706,7.26,–,869,–,2360,283,4.34,–,434,–,–,–,–,–,5.11,15.7,0.029862,–,–,331,–,144000,–,–,–
W,W14X398,W14X398,–,398,117,18.3,18  1/4 ,1.77,1  3/4 ,  7/8 ,–,16.6,16  5/8 ,2.85,2  7/8 ,3.44,4  1/8 ,2  1/8 ,10      ,7  1/2 ,3    ,–,2.92,6.44,–,–,–,–,6000,656,7.16,–,801,–,2170,262,4.31,–,402,–,–,–,–,–,5.05,15.5,0.026849,–,–,273,–,129000,–,–,–
W,W14X370,W14X370,–,370,109,17.9,17  7/8 ,1.66,1 11/16, 13/16,–,16.5,16  1/2 ,2.66,2 11/16,3.26,3 15/16,2  1/16,10      ,7  1/2 ,3    ,–,3.10,6.89,–,–,–,–,5440,607,7.07,–,736,–,1990,241,4.27,–,370,–,–,–,–,–,5.00,15.2,0.024061,–,–,222,–,116000,–,–,–
W,W14X342,W14X342,–,342,101,17.5,17  1/2 ,1.54,1  9/16, 13/16,–,16.4,16  3/8 ,2.47,2  1/2 ,3.07,3  3/4 ,2      ,10      ,7  1/2 ,3    ,–,3.31,7.41,–,–,–,–,4900,558,6.98,–,672,–,1810,221,4.24,–,338,–,–,–,–,–,4.95,15.0,0.021266,–,–,178,–,103000,–,–,–
W,W14X311,W14X311,–,311,91.4,17.1,17  1/8 ,1.41,1  7/16,  3/4 ,–,16.2,16  1/4 ,2.26,2  1/4 ,2.86,3  9/16,1 15/16,10      ,7  1/2 ,3    ,–,3.59,8.09,–,–,–,–,4330,506,6.88,–,603,–,1610,199,4.20,–,304,–,–,–,–,–,4.87,14.8,0.018160,–,–,136,–,89100,–,–,–
W,W14X283,W14X283,–,283,83.3,16.7,16  3/4 ,1.29,1  5/16, 11/16,–,16.1,16  1/8 ,2.07,2  1/16,2.67,3  3/8 ,1  7/8 ,10      ,7  1/2 ,3    ,–,3.89,8.84,–,–,–,–,3840,459,6.79,–,542,–,1440,179,4.17,–,274,–,–,–,–,–,4.80,14.6,0.015519,–,–,104,–,77700,–,–,–
W,W14X257,W14X257,–,257,75.6,16.4,16  3/8 ,1.18,1  3/16,  5/8 ,–,16.0,16      ,1.89,1  7/8 ,2.49,3  3/16,1 13/16,10      ,7  1/2 ,3    ,–,4.23,9.71,–,–,–,–,3400,415,6.71,–,487,–,1290,161,4.13,–,246,–,–,–,–,–,4.75,14.5,0.013145,–,–,79.1,–,67800,–,–,–
W,W14X233,W14X233,–,233,68.5,16.0,16      ,1.07,1  1/16,  9/16,–,15.9,15  7/8 ,1.72,1  3/4 ,2.32,3      ,1  3/4 ,10      ,7  1/2 ,3    ,–,4.62,10.7,–,–,–,–,3010,375,6.63,–,436,–,1150,145,4.10,–,221,–,–,–,–,–,4.69,14.3,0.011096,–,–,59.5,–,59000,–,–,–
W,W14X211,W14X211,–,211,62.0,15.7,15  3/4 ,0.980,1      ,  1/2 ,–,15.8,15  3/4 ,1.56,1  9/16,2.16,2  7/8 ,1 11/16,10      ,7  1/2 ,3    ,–,5.06,11.6,–,–,–,–,2660,338,6.55,–,390,–,1030,130,4.07,–,198,–,–,–,–,–,4.64,14.1,0.009358,–,–,44.6,–,51500,–,–,–
W,W14X193,W14X193,–,193,56.8,15.5,15  1/2 ,0.890,  7/8 ,  7/16,–,15.7,15  3/4 ,1.44,1  7/16,2.04,2  3/4 ,1 11/16,10      ,7  1/2 ,3    ,–,5.45,12.8,–,–,–,–,2400,310,6.50,–,355,–,931,119,4.05,–,180,–,–,–,–,–,4.59,14.1,0.007962,–,–,34.8,–,45900,–,–,–
W,W14X176,W14X176,–,176,51.8,15.2,15  1/4 ,0.830, 13/16,  7/16,–,15.7,15  5/8 ,1.31,1  5/16,1.91,2  5/8 ,1  5/8 ,10      ,7  1/2 ,3    ,–,5.97,13.7,–,–,–,–,2140,281,6.43,–,320,–,838,107,4.02,–,163,–,–,–,–,–,4.55,13.9,0.006785,–,–,26.5,–,40500,–,–,–
W,W14X159,W14X159,–,159,46.7,15.0,15      ,0.745,  3/4 ,  3/8 ,–,15.6,15  5/8 ,1.19,1  3/16,1.79,2  1/2 ,1  9/16,10      ,7  1/2 ,3    ,–,6.54,15.3,–,–,–,–,1900,254,6.38,–,287,–,748,96.2,4.00,–,146,–,–,–,–,–,4.51,13.8,0.005620,–,–,19.7,–,35600,–,–,–
W,W14X145,W14X145,–,145,42.7,14.8,14  3/4 ,0.680, 11/16,  3/8 ,–,15.5,15  1/2 ,1.09,1  1/16,1.69,2  3/8 ,1  9/16,10      ,7  1/2 ,3    ,–,7.11,16.8,–,–,–,–,1710,232,6.33,–,260,–,677,87.3,3.98,–,133,–,–,–,–,–,4.47,13.7,0.004782,–,–,15.2,–,31700,–,–,–
,,,,,,,,,,,,,,,,,,,,,,,,,,,,,,,,,,,,,,,,,,,,,,,,,,,,,,,
W,W14X132,W14X132,–,132,38.8,14.7,14  5/8 ,0.645,  5/8 ,  5/16,–,14.7,14  3/4 ,1.03,1      ,1.63,2  5/16,1  9/16,10      ,5  1/2 ,–,–,7.15,17.7,–,–,–,–,1530,209,6.28,–,234,–,548,74.5,3.76,–,113,–,–,–,–,–,4.23,13.7,0.004296,–,–,12.3,–,25500,–,–,–
W,W14X120,W14X120,–,120,35.3,14.5,14  1/2 ,0.590,  9/16,  5/16,–,14.7,14  5/8 ,0.940, 15/16,1.54,2  1/4 ,1  1/2 ,10      ,5  1/2 ,–,–,7.80,19.3,–,–,–,–,1380,190,6.24,–,212,–,495,67.5,3.74,–,102,–,–,–,–,–,4.20,13.6,0.003626,–,–,9.37,–,22700,–,–,–
W,W14X109,W14X109,–,109,32.0,14.3,14  3/8 ,0.525,  1/2 ,  1/4 ,–,14.6,14  5/8 ,0.860,  7/8 ,1.46,2  3/16,1  1/2 ,10      ,5  1/2 ,–,–,8.49,21.7,–,–,–,–,1240,173,6.22,–,192,–,447,61.2,3.73,–,92.7,–,–,–,–,–,4.17,13.4,0.003071,–,–,7.12,–,20200,–,–,–
W,W14X99,W14X99,–,99.0,29.1,14.2,14  1/8 ,0.485,  1/2 ,  1/4 ,–,14.6,14  5/8 ,0.780,  3/4 ,1.38,2  1/16,1  7/16,10      ,5  1/2 ,–,–,9.34,23.5,–,–,–,–,1110,157,6.17,–,173,–,402,55.2,3.71,–,83.6,–,–,–,–,–,4.14,13.4,0.002553,–,–,5.37,–,18000,–,–,–
W,W14X90,W14X90,–,90.0,26.5,14.0,14      ,0.440,  7/16,  1/4 ,–,14.5,14  1/2 ,0.710, 11/16,1.31,2      ,1  7/16,10      ,5  1/2 ,–,–,10.2,25.9,–,–,–,–,999,143,6.14,–,157,–,362,49.9,3.70,–,75.6,–,–,–,–,–,4.10,13.3,0.002135,–,–,4.06,–,16000,–,–,–
,,,,,,,,,,,,,,,,,,,,,,,,,,,,,,,,,,,,,,,,,,,,,,,,,,,,,,,
W,W14X82,W14X82,–,82.0,24.0,14.3,14  1/4 ,0.510,  1/2 ,  1/4 ,–,10.1,10  1/8 ,0.855,  7/8 ,1.45,1 11/16,1  1/16,10  7/8 ,5  1/2 ,–,–,5.92,22.4,–,–,–,–,881,123,6.05,–,139,–,148,29.3,2.48,–,44.8,–,–,–,–,–,2.85,13.4,0.003076,–,–,5.07,–,6710,–,–,–
W,W14X74,W14X74,–,74.0,21.8,14.2,14  1/8 ,0.450,  7/16,  1/4 ,–,10.1,10  1/8 ,0.785, 13/16,1.38,1  5/8 ,1  1/16,10  7/8 ,5  1/2 ,–,–,6.41,25.4,–,–,–,–,795,112,6.04,–,126,–,134,26.6,2.48,–,40.5,–,–,–,–,–,2.83,13.4,0.002579,–,–,3.87,–,5990,–,–,–
W,W14X68,W14X68,–,68.0,20.0,14.0,14      ,0.415,  7/16,  1/4 ,–,10.0,10      ,0.720,  3/4 ,1.31,1  9/16,1  1/16,10  7/8 ,5  1/2 ,–,–,6.97,27.5,–,–,–,–,722,103,6.01,–,115,–,121,24.2,2.46,–,36.9,–,–,–,–,–,2.80,13.3,0.002197,–,–,3.01,–,5380,–,–,–
W,W14X61,W14X61,–,61.0,17.9,13.9,13  7/8 ,0.375,  3/8 ,  3/16,–,10.0,10      ,0.645,  5/8 ,1.24,1  1/2 ,1      ,10  7/8 ,5  1/2 ,–,–,7.75,30.4,–,–,–,–,640,92.1,5.98,–,102,–,107,21.5,2.45,–,32.8,–,–,–,–,–,2.78,13.3,0.001788,–,–,2.19,–,4710,–,–,–
,,,,,,,,,,,,,,,,,,,,,,,,,,,,,,,,,,,,,,,,,,,,,,,,,,,,,,,
W,W14X53,W14X53,–,53.0,15.6,13.9,13  7/8 ,0.370,  3/8 ,  3/16,–,8.06,8      ,0.660, 11/16,1.25,1  1/2 ,1      ,10  7/8 ,5  1/2 ,–,–,6.11,30.9,–,–,–,–,541,77.8,5.89,–,87.1,–,57.7,14.3,1.92,–,22.0,–,–,–,–,–,2.22,13.2,0.001889,–,–,1.94,–,2540,–,–,–
W,W14X48,W14X48,–,48.0,14.1,13.8,13  3/4 ,0.340,  5/16,  3/16,–,8.03,8      ,0.595,  5/8 ,1.19,1  7/16,1      ,10  7/8 ,5  1/2 ,–,–,6.75,33.6,–,–,–,–,484,70.2,5.85,–,78.4,–,51.4,12.8,1.91,–,19.6,–,–,–,–,–,2.20,13.2,0.001565,–,–,1.45,–,2240,–,–,–
W,W14X43,W14X43,–,43.0,12.6,13.7,13  5/8 ,0.305,  5/16,  3/16,–,8.00,8      ,0.530,  1/2 ,1.12,1  3/8 ,1      ,10  7/8 ,5  1/2 ,–,–,7.54,37.4,–,–,–,–,428,62.6,5.82,–,69.6,–,45.2,11.3,1.89,–,17.3,–,–,–,–,–,2.18,13.2,0.001271,–,–,1.05,–,1950,–,–,–
,,,,,,,,,,,,,,,,,,,,,,,,,,,,,,,,,,,,,,,,,,,,,,,,,,,,,,,
W,W14X38,W14X38,–,38.0,11.2,14.1,14  1/8 ,0.310,  5/16,  3/16,–,6.77,6  3/4 ,0.515,  1/2 ,0.915,1  1/4 , 13/16,11  5/8 ,3  1/2 ,–,–,6.57,39.6,–,–,–,–,385,54.6,5.87,–,61.5,–,26.7,7.88,1.55,–,12.1,–,–,–,–,–,1.82,13.6,0.001075,–,–,0.798,–,1230,–,–,–
W,W14X34,W14X34,–,34.0,10.0,14.0,14      ,0.285,  5/16,  3/16,–,6.75,6  3/4 ,0.455,  7/16,0.855,1  3/16,  3/4 ,11  5/8 ,3  1/2 ,–,–,7.41,43.1,–,–,–,–,340,48.6,5.83,–,54.6,–,23.3,6.91,1.53,–,10.6,–,–,–,–,–,1.80,13.5,0.000867,–,–,0.569,–,1070,–,–,–
W,W14X30,W14X30,–,30.0,8.85,13.8,13  7/8 ,0.270,  1/4 ,  1/8 ,–,6.73,6  3/4 ,0.385,  3/8 ,0.785,1  1/8 ,  3/4 ,11  5/8 ,3  1/2 ,–,–,8.74,45.4,–,–,–,–,291,42.0,5.73,–,47.3,–,19.6,5.82,1.49,–,8.99,–,–,–,–,–,1.77,13.4,0.000675,–,–,0.380,–,887,–,–,–
,,,,,,,,,,,,,,,,,,,,,,,,,,,,,,,,,,,,,,,,,,,,,,,,,,,,,,,
W,W14X26,W14X26,–,26.0,7.69,13.9,13  7/8 ,0.255,  1/4 ,  1/8 ,–,5.03,5      ,0.420,  7/16,0.820,1  1/8 ,  3/4 ,11  5/8 ,2  3/4 ,–,–,5.98,48.1,–,–,–,–,245,35.3,5.65,–,40.2,–,8.91,3.55,1.08,–,5.54,–,–,–,–,–,1.30,13.5,0.000751,–,–,0.358,–,405,–,–,–
W,W14X22,W14X22,–,22.0,6.49,13.7,13  3/4 ,0.230,  1/4 ,  1/8 ,–,5.00,5      ,0.335,  5/16,0.735,1  1/16,  3/4 ,11  5/8 ,2  3/4 ,–,–,7.46,53.3,–,–,–,–,199,29.0,5.54,–,33.2,–,7.00,2.80,1.04,–,4.39,–,–,–,–,–,1.27,13.4,0.000535,–,–,0.208,–,314,–,–,–
,,,,,,,,,,,,,,,,,,,,,,,,,,,,,,,,,,,,,,,,,,,,,,,,,,,,,,,
W,W12X336,W12X336,–,336,98.9,16.8,16  7/8 ,1.78,1  3/4 ,  7/8 ,–,13.4,13  3/8 ,2.96,2 15/16,3.55,3  7/8 ,1 11/16,9  1/8 ,5  1/2 ,–,–,2.26,5.47,–,–,–,–,4060,483,6.41,–,603,–,1190,177,3.47,–,274,–,–,–,–,–,4.13,13.8,0.036457,–,–,243,–,57000,–,–,–
W,W12X305,W12X305,–,305,89.5,16.3,16  3/8 ,1.63,1  5/8 , 13/16,–,13.2,13  1/4 ,2.71,2 11/16,3.30,3  5/8 ,1  5/8 ,9  1/8 ,5  1/2 ,–,–,2.45,5.98,–,–,–,–,3550,435,6.29,–,537,–,1050,159,3.42,–,244,–,–,–,–,–,4.05,13.6,0.031271,–,–,185,–,48600,–,–,–
W,W12X279,W12X279,–,279,81.9,15.9,15  7/8 ,1.53,1  1/2 ,  3/4 ,–,13.1,13  1/8 ,2.47,2  1/2 ,3.07,3  3/8 ,1  5/8 ,9  1/8 ,5  1/2 ,–,–,2.66,6.35,–,–,–,–,3110,393,6.16,–,481,–,937,143,3.38,–,220,–,–,–,–,–,4.00,13.4,0.027154,–,–,143,–,42000,–,–,–
W,W12X252,W12X252,–,252,74.1,15.4,15  3/8 ,1.40,1  3/8 , 11/16,–,13.0,13      ,2.25,2  1/4 ,2.85,3  1/8 ,1  1/2 ,9  1/8 ,5  1/2 ,–,–,2.89,6.96,–,–,–,–,2720,353,6.06,–,428,–,828,127,3.34,–,196,–,–,–,–,–,3.93,13.2,0.023178,–,–,108,–,35800,–,–,–
W,W12X230,W12X230,–,230,67.7,15.1,15      ,1.29,1  5/16, 11/16,–,12.9,12  7/8 ,2.07,2  1/16,2.67,2 15/16,1  1/2 ,9  1/8 ,5  1/2 ,–,–,3.11,7.56,–,–,–,–,2420,321,5.97,–,386,–,742,115,3.31,–,177,–,–,–,–,–,3.87,13.0,0.020081,–,–,83.8,–,31200,–,–,–
W,W12X210,W12X210,–,210,61.8,14.7,14  3/4 ,1.18,1  3/16,  5/8 ,–,12.8,12  3/4 ,1.90,1  7/8 ,2.50,2 13/16,1  7/16,9  1/8 ,5  1/2 ,–,–,3.37,8.23,–,–,–,–,2140,292,5.89,–,348,–,664,104,3.28,–,159,–,–,–,–,–,3.81,12.8,0.017311,–,–,64.7,–,27200,–,–,–
W,W12X190,W12X190,–,190,56.0,14.4,14  3/8 ,1.06,1  1/16,  9/16,–,12.7,12  5/8 ,1.74,1  3/4 ,2.33,2  5/8 ,1  3/8 ,9  1/8 ,5  1/2 ,–,–,3.65,9.16,–,–,–,–,1890,263,5.82,–,311,–,589,93.0,3.25,–,143,–,–,–,–,–,3.77,12.7,0.014610,–,–,48.8,–,23600,–,–,–
W,W12X170,W12X170,–,170,50.0,14.0,14      ,0.960, 15/16,  1/2 ,–,12.6,12  5/8 ,1.56,1  9/16,2.16,2  7/16,1  5/16,9  1/8 ,5  1/2 ,–,–,4.03,10.1,–,–,–,–,1650,235,5.74,–,275,–,517,82.3,3.22,–,126,–,–,–,–,–,3.70,12.4,0.012217,–,–,35.6,–,20100,–,–,–
W,W12X152,W12X152,–,152,44.7,13.7,13  3/4 ,0.870,  7/8 ,  7/16,–,12.5,12  1/2 ,1.40,1  3/8 ,2.00,2  5/16,1  1/4 ,9  1/8 ,5  1/2 ,–,–,4.46,11.2,–,–,–,–,1430,209,5.66,–,243,–,454,72.8,3.19,–,111,–,–,–,–,–,3.66,12.3,0.010036,–,–,25.8,–,17200,–,–,–
W,W12X136,W12X136,–,136,39.9,13.4,13  3/8 ,0.790, 13/16,  7/16,–,12.4,12  3/8 ,1.25,1  1/4 ,1.85,2  1/8 ,1  1/4 ,9  1/8 ,5  1/2 ,–,–,4.96,12.3,–,–,–,–,1240,186,5.58,–,214,–,398,64.2,3.16,–,98.0,–,–,–,–,–,3.61,12.2,0.008153,–,–,18.5,–,14700,–,–,–
W,W12X120,W12X120,–,120,35.2,13.1,13  1/8 ,0.710, 11/16,  3/8 ,–,12.3,12  3/8 ,1.11,1  1/8 ,1.70,2      ,1  3/16,9  1/8 ,5  1/2 ,–,–,5.57,13.7,–,–,–,–,1070,163,5.51,–,186,–,345,56.0,3.13,–,85.4,–,–,–,–,–,3.56,12.0,0.006595,–,–,12.9,–,12400,–,–,–
W,W12X106,W12X106,–,106,31.2,12.9,12  7/8 ,0.610,  5/8 ,  5/16,–,12.2,12  1/4 ,0.990,1      ,1.59,1  7/8 ,1  1/8 ,9  1/8 ,5  1/2 ,–,–,6.17,15.9,–,–,–,–,933,145,5.47,–,164,–,301,49.3,3.11,–,75.1,–,–,–,–,–,3.52,11.9,0.005291,–,–,9.13,–,10700,–,–,–
W,W12X96,W12X96,–,96.0,28.2,12.7,12  3/4 ,0.550,  9/16,  5/16,–,12.2,12  1/8 ,0.900,  7/8 ,1.50,1 13/16,1  1/8 ,9  1/8 ,5  1/2 ,–,–,6.76,17.7,–,–,–,–,833,131,5.44,–,147,–,270,44.4,3.09,–,67.5,–,–,–,–,–,3.49,11.8,0.004431,–,–,6.85,–,9410,–,–,–
W,W12X87,W12X87,–,87.0,25.6,12.5,12  1/2 ,0.515,  1/2 ,  1/4 ,–,12.1,12  1/8 ,0.810, 13/16,1.41,1 11/16,1  1/16,9  1/8 ,5  1/2 ,–,–,7.48,18.9,–,–,–,–,740,118,5.38,–,132,–,241,39.7,3.07,–,60.4,–,–,–,–,–,3.46,11.7,0.003694,–,–,5.10,–,8270,–,–,–
W,W12X79,W12X79,–,79.0,23.2,12.4,12  3/8 ,0.470,  1/2 ,  1/4 ,–,12.1,12  1/8 ,0.735,  3/4 ,1.33,1  5/8 ,1  1/16,9  1/8 ,5  1/2 ,–,–,8.22,20.7,–,–,–,–,662,107,5.34,–,119,–,216,35.8,3.05,–,54.3,–,–,–,–,–,3.43,11.7,0.003067,–,–,3.84,–,7330,–,–,–
W,W12X72,W12X72,–,72.0,21.1,12.3,12  1/4 ,0.430,  7/16,  1/4 ,–,12.0,12      ,0.670, 11/16,1.27,1  9/16,1  1/16,9  1/8 ,5  1/2 ,–,–,8.99,22.6,–,–,–,–,597,97.4,5.31,–,108,–,195,32.4,3.04,–,49.2,–,–,–,–,–,3.41,11.6,0.002593,–,–,2.93,–,6540,–,–,–
W,W12X65,W12X65,–,65.0,19.1,12.1,12  1/8 ,0.390,  3/8 ,  3/16,–,12.0,12      ,0.605,  5/8 ,1.20,1  1/2 ,1      ,9  1/8 ,5  1/2 ,–,–,9.92,24.9,–,–,–,–,533,87.9,5.28,–,96.8,–,174,29.1,3.02,–,44.1,–,–,–,–,–,3.38,11.5,0.002157,–,–,2.18,–,5780,–,–,–
,,,,,,,,,,,,,,,,,,,,,,,,,,,,,,,,,,,,,,,,,,,,,,,,,,,,,,,
W,W12X58,W12X58,–,58.0,17.0,12.2,12  1/4 ,0.360,  3/8 ,  3/16,–,10.0,10      ,0.640,  5/8 ,1.24,1  1/2 , 15/16,9  1/4 ,5  1/2 ,–,–,7.82,27.0,–,–,–,–,475,78.0,5.28,–,86.4,–,107,21.4,2.51,–,32.5,–,–,–,–,–,2.81,11.6,0.002321,–,–,2.10,–,3570,–,–,–
W,W12X53,W12X53,–,53.0,15.6,12.1,12      ,0.345,  3/8 ,  3/16,–,10.0,10      ,0.575,  9/16,1.18,1  3/8 , 15/16,9  1/4 ,5  1/2 ,–,–,8.69,28.1,–,–,–,–,425,70.6,5.23,–,77.9,–,95.8,19.2,2.48,–,29.1,–,–,–,–,–,2.79,11.5,0.001946,–,–,1.58,–,3160,–,–,–
,,,,,,,,,,,,,,,,,,,,,,,,,,,,,,,,,,,,,,,,,,,,,,,,,,,,,,,
W,W12X50,W12X50,–,50.0,14.6,12.2,12  1/4 ,0.370,  3/8 ,  3/16,–,8.08,8  1/8 ,0.640,  5/8 ,1.14,1  1/2 , 15/16,9  1/4 ,5  1/2 ,–,–,6.31,26.8,–,–,–,–,391,64.2,5.18,–,71.9,–,56.3,13.9,1.96,–,21.3,–,–,–,–,–,2.25,11.6,0.002296,–,–,1.71,–,1880,–,–,–
W,W12X45,W12X45,–,45.0,13.1,12.1,12      ,0.335,  5/16,  3/16,–,8.05,8      ,0.575,  9/16,1.08,1  3/8 , 15/16,9  1/4 ,5  1/2 ,–,–,7.00,29.6,–,–,–,–,348,57.7,5.15,–,64.2,–,50.0,12.4,1.95,–,19.0,–,–,–,–,–,2.23,11.5,0.001899,–,–,1.26,–,1650,–,–,–
W,W12X40,W12X40,–,40.0,11.7,11.9,12      ,0.295,  5/16,  3/16,–,8.01,8      ,0.515,  1/2 ,1.02,1  3/8 ,  7/8 ,9  1/4 ,5  1/2 ,–,–,7.77,33.6,–,–,–,–,307,51.5,5.13,–,57.0,–,44.1,11.0,1.94,–,16.8,–,–,–,–,–,2.21,11.4,0.001543,–,–,0.906,–,1440,–,–,–
,,,,,,,,,,,,,,,,,,,,,,,,,,,,,,,,,,,,,,,,,,,,,,,,,,,,,,,
W,W12X35,W12X35,–,35.0,10.3,12.5,12  1/2 ,0.300,  5/16,  3/16,–,6.56,6  1/2 ,0.520,  1/2 ,0.820,1  3/16,  3/4 ,10  1/8 ,3  1/2 ,–,–,6.31,36.2,–,–,–,–,285,45.6,5.25,–,51.2,–,24.5,7.47,1.54,–,11.5,–,–,–,–,–,1.79,12.0,0.001354,–,–,0.741,–,879,–,–,–
W,W12X30,W12X30,–,30.0,8.79,12.3,12  3/8 ,0.260,  1/4 ,  1/8 ,–,6.52,6  1/2 ,0.440,  7/16,0.740,1  1/8 ,  3/4 ,10  1/8 ,3  1/2 ,–,–,7.41,41.8,–,–,–,–,238,38.6,5.21,–,43.1,–,20.3,6.24,1.52,–,9.56,–,–,–,–,–,1.77,11.9,0.000995,–,–,0.457,–,720,–,–,–
W,W12X26,W12X26,–,26.0,7.65,12.2,12  1/4 ,0.230,  1/4 ,  1/8 ,–,6.49,6  1/2 ,0.380,  3/8 ,0.680,1  1/16,  3/4 ,10  1/8 ,3  1/2 ,–,–,8.54,47.2,–,–,–,–,204,33.4,5.17,–,37.2,–,17.3,5.34,1.51,–,8.17,–,–,–,–,–,1.75,11.8,0.000761,–,–,0.300,–,607,–,–,–
,,,,,,,,,,,,,,,,,,,,,,,,,,,,,,,,,,,,,,,,,,,,,,,,,,,,,,,
W,W12X22,W12X22,–,22.0,6.48,12.3,12  1/4 ,0.260,  1/4 ,  1/8 ,–,4.03,4      ,0.425,  7/16,0.725, 15/16,  5/8 ,10  3/8 ,2  1/4 ,–,–,4.74,41.8,–,–,–,–,156,25.4,4.91,–,29.3,–,4.66,2.31,0.848,–,3.66,–,–,–,–,–,1.04,11.9,0.000969,–,–,0.293,–,164,–,–,–
W,W12X19,W12X19,–,19.0,5.57,12.2,12  1/8 ,0.235,  1/4 ,  1/8 ,–,4.01,4      ,0.350,  3/8 ,0.650,  7/8 ,  9/16,10  3/8 ,2  1/4 ,–,–,5.72,46.2,–,–,–,–,130,21.3,4.82,–,24.7,–,3.76,1.88,0.822,–,2.98,–,–,–,–,–,1.02,11.9,0.000710,–,–,0.180,–,131,–,–,–
W,W12X16,W12X16,–,16.0,4.71,12.0,12      ,0.220,  1/4 ,  1/8 ,–,3.99,4      ,0.265,  1/4 ,0.565, 13/16,  9/16,10  3/8 ,2  1/4 ,–,–,7.53,49.4,–,–,–,–,103,17.1,4.67,–,20.1,–,2.82,1.41,0.773,–,2.26,–,–,–,–,–,0.983,11.7,0.000515,–,–,0.103,–,96.9,–,–,–
W,W12X14,W12X14,–,14.0,4.16,11.9,11  7/8 ,0.200,  3/16,  1/8 ,–,3.97,4      ,0.225,  1/4 ,0.525,  3/4 ,  9/16,10  3/8 ,2  1/4 ,–,–,8.82,54.3,–,–,–,–,88.6,14.9,4.62,–,17.4,–,2.36,1.19,0.753,–,1.90,–,–,–,–,–,0.961,11.7,0.000404,–,–,0.0704,–,80.4,–,–,–
,,,,,,,,,,,,,,,,,,,,,,,,,,,,,,,,,,,,,,,,,,,,,,,,,,,,,,,
W,W10X112,W10X112,–,112,32.9,11.4,11  3/8 ,0.755,  3/4 ,  3/8 ,–,10.4,10  3/8 ,1.25,1  1/4 ,1.75,1 15/16,1      ,7  1/2 ,5  1/2 ,–,–,4.17,10.4,–,–,–,–,716,126,4.66,–,147,–,236,45.3,2.68,–,69.2,–,–,–,–,–,3.08,10.2,0.011749,–,–,15.1,–,6020,–,–,–
W,W10X100,W10X100,–,100,29.3,11.1,11  1/8 ,0.680, 11/16,  3/8 ,–,10.3,10  3/8 ,1.12,1  1/8 ,1.62,1 13/16,1      ,7  1/2 ,5  1/2 ,–,–,4.62,11.6,–,–,–,–,623,112,4.60,–,130,–,207,40.0,2.65,–,61.0,–,–,–,–,–,3.04,10.0,0.009732,–,–,10.9,–,5150,–,–,–
W,W10X88,W10X88,–,88.0,26.0,10.8,10  7/8 ,0.605,  5/8 ,  5/16,–,10.3,10  1/4 ,0.990,1      ,1.49,1 11/16, 15/16,7  1/2 ,5  1/2 ,–,–,5.18,13.0,–,–,–,–,534,98.5,4.54,–,113,–,179,34.8,2.63,–,53.1,–,–,–,–,–,2.99,9.81,0.007793,–,–,7.53,–,4330,–,–,–
W,W10X77,W10X77,–,77.0,22.7,10.6,10  5/8 ,0.530,  1/2 ,  1/4 ,–,10.2,10  1/4 ,0.870,  7/8 ,1.37,1  9/16,  7/8 ,7  1/2 ,5  1/2 ,–,–,5.86,14.8,–,–,–,–,455,85.9,4.49,–,97.6,–,154,30.1,2.60,–,45.9,–,–,–,–,–,2.95,9.73,0.006114,–,–,5.11,–,3630,–,–,–
W,W10X68,W10X68,–,68.0,19.9,10.4,10  3/8 ,0.470,  1/2 ,  1/4 ,–,10.1,10  1/8 ,0.770,  3/4 ,1.27,1  7/16,  7/8 ,7  1/2 ,5  1/2 ,–,–,6.58,16.7,–,–,–,–,394,75.7,4.44,–,85.3,–,134,26.4,2.59,–,40.1,–,–,–,–,–,2.92,9.63,0.004883,–,–,3.56,–,3100,–,–,–
W,W10X60,W10X60,–,60.0,17.7,10.2,10  1/4 ,0.420,  7/16,  1/4 ,–,10.1,10  1/8 ,0.680, 11/16,1.18,1  3/8 , 13/16,7  1/2 ,5  1/2 ,–,–,7.41,18.7,–,–,–,–,341,66.7,4.39,–,74.6,–,116,23.0,2.57,–,35.0,–,–,–,–,–,2.88,9.52,0.003906,–,–,2.48,–,2640,–,–,–
W,W10X54,W10X54,–,54.0,15.8,10.1,10  1/8 ,0.370,  3/8 ,  3/16,–,10.0,10      ,0.615,  5/8 ,1.12,1  5/16, 13/16,7  1/2 ,5  1/2 ,–,–,8.15,21.2,–,–,–,–,303,60.0,4.37,–,66.6,–,103,20.6,2.56,–,31.3,–,–,–,–,–,2.85,9.49,0.003196,–,–,1.82,–,2320,–,–,–
W,W10X49,W10X49,–,49.0,14.4,10.0,10      ,0.340,  5/16,  3/16,–,10.0,10      ,0.560,  9/16,1.06,1  1/4 , 13/16,7  1/2 ,5  1/2 ,–,–,8.93,23.1,–,–,–,–,272,54.6,4.35,–,60.4,–,93.4,18.7,2.54,–,28.3,–,–,–,–,–,2.84,9.44,0.002697,–,–,1.39,–,2070,–,–,–
,,,,,,,,,,,,,,,,,,,,,,,,,,,,,,,,,,,,,,,,,,,,,,,,,,,,,,,
W,W10X45,W10X45,–,45.0,13.3,10.1,10  1/8 ,0.350,  3/8 ,  3/16,–,8.02,8      ,0.620,  5/8 ,1.12,1  5/16, 13/16,7  1/2 ,5  1/2 ,–,–,6.47,22.5,–,–,–,–,248,49.1,4.32,–,54.9,–,53.4,13.3,2.01,–,20.3,–,–,–,–,–,2.27,9.48,0.003244,–,–,1.51,–,1200,–,–,–
W,W10X39,W10X39,–,39.0,11.5,9.92,9  7/8 ,0.315,  5/16,  3/16,–,7.99,8      ,0.530,  1/2 ,1.03,1  3/16, 13/16,7  1/2 ,5  1/2 ,–,–,7.53,25.0,–,–,–,–,209,42.1,4.27,–,46.8,–,45.0,11.3,1.98,–,17.2,–,–,–,–,–,2.24,9.39,0.002469,–,–,0.976,–,992,–,–,–
W,W10X33,W10X33,–,33.0,9.71,9.73,9  3/4 ,0.290,  5/16,  3/16,–,7.96,8      ,0.435,  7/16,0.935,1  1/8 ,  3/4 ,7  1/2 ,5  1/2 ,–,–,9.15,27.1,–,–,–,–,171,35.0,4.19,–,38.8,–,36.6,9.20,1.94,–,14.0,–,–,–,–,–,2.20,9.30,0.001791,–,–,0.583,–,791,–,–,–
,,,,,,,,,,,,,,,,,,,,,,,,,,,,,,,,,,,,,,,,,,,,,,,,,,,,,,,
W,W10X30,W10X30,–,30.0,8.84,10.5,10  1/2 ,0.300,  5/16,  3/16,–,5.81,5  3/4 ,0.510,  1/2 ,0.810,1  1/8 , 11/16,8  1/4 ,2  3/4 ,–,–,5.70,29.5,–,–,–,–,170,32.4,4.38,–,36.6,–,16.7,5.75,1.37,–,8.84,–,–,–,–,–,1.60,9.99,0.001922,–,–,0.622,–,414,–,–,–
W,W10X26,W10X26,–,26.0,7.61,10.3,10  3/8 ,0.260,  1/4 ,  1/8 ,–,5.77,5  3/4 ,0.440,  7/16,0.740,1  1/16, 11/16,8  1/4 ,2  3/4 ,–,–,6.56,34.0,–,–,–,–,144,27.9,4.35,–,31.3,–,14.1,4.89,1.36,–,7.50,–,–,–,–,–,1.58,9.86,0.001461,–,–,0.402,–,345,–,–,–
W,W10X22,W10X22,–,22.0,6.49,10.2,10  1/8 ,0.240,  1/4 ,  1/8 ,–,5.75,5  3/4 ,0.360,  3/8 ,0.660, 15/16,  5/8 ,8  1/4 ,2  3/4 ,–,–,7.99,36.9,–,–,–,–,118,23.2,4.27,–,26.0,–,11.4,3.97,1.33,–,6.10,–,–,–,–,–,1.55,9.84,0.001047,–,–,0.239,–,275,–,–,–
,,,,,,,,,,,,,,,,,,,,,,,,,,,,,,,,,,,,,,,,,,,,,,,,,,,,,,,
W,W10X19,W10X19,–,19.0,5.62,10.2,10  1/4 ,0.250,  1/4 ,  1/8 ,–,4.02,4      ,0.395,  3/8 ,0.695, 15/16,  5/8 ,8  3/8 ,2  1/4 ,–,–,5.09,35.4,–,–,–,–,96.3,18.8,4.14,–,21.6,–,4.29,2.14,0.874,–,3.35,–,–,–,–,–,1.06,9.81,0.001263,–,–,0.233,–,104,–,–,–
W,W10X17,W10X17,–,17.0,4.99,10.1,10  1/8 ,0.240,  1/4 ,  1/8 ,–,4.01,4      ,0.330,  5/16,0.630,  7/8 ,  9/16,8  3/8 ,2  1/4 ,–,–,6.08,36.9,–,–,–,–,81.9,16.2,4.05,–,18.7,–,3.56,1.78,0.845,–,2.80,–,–,–,–,–,1.04,9.77,0.000986,–,–,0.156,–,85.1,–,–,–
W,W10X15,W10X15,–,15.0,4.41,9.99,10      ,0.230,  1/4 ,  1/8 ,–,4.00,4      ,0.270,  1/4 ,0.570, 13/16,  9/16,8  3/8 ,2  1/4 ,–,–,7.41,38.5,–,–,–,–,68.9,13.8,3.95,–,16.0,–,2.89,1.45,0.810,–,2.30,–,–,–,–,–,1.01,9.72,0.000775,–,–,0.104,–,68.3,–,–,–
W,W10X12,W10X12,–,12.0,3.54,9.87,9  7/8 ,0.190,  3/16,  1/8 ,–,3.96,4      ,0.210,  3/16,0.510,  3/4 ,  9/16,8  3/8 ,2  1/4 ,–,–,9.43,46.6,–,–,–,–,53.8,10.9,3.90,–,12.6,–,2.18,1.10,0.785,–,1.74,–,–,–,–,–,0.983,9.66,0.000519,–,–,0.0547,–,50.9,–,–,–
,,,,,,,,,,,,,,,,,,,,,,,,,,,,,,,,,,,,,,,,,,,,,,,,,,,,,,,
W,W8X67,W8X67,–,67.0,19.7,9.00,9      ,0.570,  9/16,  5/16,–,8.28,8  1/4 ,0.935, 15/16,1.33,1  5/8 , 15/16,5  3/4 ,5  1/2 ,–,–,4.43,11.1,–,–,–,–,272,60.4,3.72,–,70.1,–,88.6,21.4,2.12,–,32.7,–,–,–,–,–,2.43,8.07,0.010361,–,–,5.05,–,1440,–,–,–
W,W8X58,W8X58,–,58.0,17.1,8.75,8  3/4 ,0.510,  1/2 ,  1/4 ,–,8.22,8  1/4 ,0.810, 13/16,1.20,1  1/2 ,  7/8 ,5  3/4 ,5  1/2 ,–,–,5.07,12.4,–,–,–,–,228,52.0,3.65,–,59.8,–,75.1,18.3,2.10,–,27.9,–,–,–,–,–,2.39,7.94,0.008065,–,–,3.33,–,1180,–,–,–
W,W8X48,W8X48,–,48.0,14.1,8.50,8  1/2 ,0.400,  3/8 ,  3/16,–,8.11,8  1/8 ,0.685, 11/16,1.08,1  3/8 , 13/16,5  3/4 ,5  1/2 ,–,–,5.92,15.9,–,–,–,–,184,43.2,3.61,–,49.0,–,60.9,15.0,2.08,–,22.9,–,–,–,–,–,2.35,7.82,0.005802,–,–,1.96,–,931,–,–,–
W,W8X40,W8X40,–,40.0,11.7,8.25,8  1/4 ,0.360,  3/8 ,  3/16,–,8.07,8  1/8 ,0.560,  9/16,0.954,1  1/4 , 13/16,5  3/4 ,5  1/2 ,–,–,7.21,17.6,–,–,–,–,146,35.5,3.53,–,39.8,–,49.1,12.2,2.04,–,18.5,–,–,–,–,–,2.31,7.69,0.004103,–,–,1.12,–,726,–,–,–
W,W8X35,W8X35,–,35.0,10.3,8.12,8  1/8 ,0.310,  5/16,  3/16,–,8.02,8      ,0.495,  1/2 ,0.889,1  3/16, 13/16,5  3/4 ,5  1/2 ,–,–,8.10,20.5,–,–,–,–,127,31.2,3.51,–,34.7,–,42.6,10.6,2.03,–,16.1,–,–,–,–,–,2.28,7.63,0.003230,–,–,0.769,–,619,–,–,–
W,W8X31,W8X31,–,31.0,9.13,8.00,8      ,0.285,  5/16,  3/16,–,8.00,8      ,0.435,  7/16,0.829,1  1/8 ,  3/4 ,5  3/4 ,5  1/2 ,–,–,9.19,22.3,–,–,–,–,110,27.5,3.47,–,30.4,–,37.1,9.27,2.02,–,14.1,–,–,–,–,–,2.26,7.57,0.002575,–,–,0.536,–,530,–,–,–
,,,,,,,,,,,,,,,,,,,,,,,,,,,,,,,,,,,,,,,,,,,,,,,,,,,,,,,
W,W8X28,W8X28,–,28.0,8.25,8.06,8      ,0.285,  5/16,  3/16,–,6.54,6  1/2 ,0.465,  7/16,0.859, 15/16,  5/8 ,6  1/8 ,4      ,–,–,7.03,22.3,–,–,–,–,98.0,24.3,3.45,–,27.2,–,21.7,6.63,1.62,–,10.1,–,–,–,–,–,1.84,7.60,0.002908,–,–,0.537,–,312,–,–,–
W,W8X24,W8X24,–,24.0,7.08,7.93,7  7/8 ,0.245,  1/4 ,  1/8 ,–,6.50,6  1/2 ,0.400,  3/8 ,0.794,  7/8 ,  9/16,6  1/8 ,4      ,–,–,8.12,25.9,–,–,–,–,82.7,20.9,3.42,–,23.1,–,18.3,5.63,1.61,–,8.57,–,–,–,–,–,1.81,7.53,0.002199,–,–,0.346,–,259,–,–,–
,,,,,,,,,,,,,,,,,,,,,,,,,,,,,,,,,,,,,,,,,,,,,,,,,,,,,,,
W,W8X21,W8X21,–,21.0,6.16,8.28,8  1/4 ,0.250,  1/4 ,  1/8 ,–,5.27,5  1/4 ,0.400,  3/8 ,0.700,  7/8 ,  9/16,6  1/2 ,2  3/4 ,–,–,6.59,27.5,–,–,–,–,75.3,18.2,3.49,–,20.4,–,9.77,3.71,1.26,–,5.69,–,–,–,–,–,1.46,7.88,0.001966,–,–,0.282,–,152,–,–,–
W,W8X18,W8X18,–,18.0,5.26,8.14,8  1/8 ,0.230,  1/4 ,  1/8 ,–,5.25,5  1/4 ,0.330,  5/16,0.630, 13/16,  9/16,6  1/2 ,2  3/4 ,–,–,7.95,29.9,–,–,–,–,61.9,15.2,3.43,–,17.0,–,7.97,3.04,1.23,–,4.66,–,–,–,–,–,1.43,7.81,0.001449,–,–,0.172,–,122,–,–,–
,,,,,,,,,,,,,,,,,,,,,,,,,,,,,,,,,,,,,,,,,,,,,,,,,,,,,,,
W,W8X15,W8X15,–,15.0,4.44,8.11,8  1/8 ,0.245,  1/4 ,  1/8 ,–,4.02,4      ,0.315,  5/16,0.615, 13/16,  9/16,6  1/2 ,2  1/4 ,–,–,6.37,28.1,–,–,–,–,48.0,11.8,3.29,–,13.6,–,3.41,1.70,0.876,–,2.67,–,–,–,–,–,1.06,7.80,0.001488,–,–,0.137,–,51.8,–,–,–
W,W8X13,W8X13,–,13.0,3.84,7.99,8      ,0.230,  1/4 ,  1/8 ,–,4.00,4      ,0.255,  1/4 ,0.555,  3/4 ,  9/16,6  1/2 ,2  1/4 ,–,–,7.84,29.9,–,–,–,–,39.6,9.91,3.21,–,11.4,–,2.73,1.37,0.843,–,2.15,–,–,–,–,–,1.03,7.74,0.001136,–,–,0.0871,–,40.8,–,–,–
W,W8X10,W8X10,–,10.0,2.96,7.89,7  7/8 ,0.170,  3/16,  1/8 ,–,3.94,4      ,0.205,  3/16,0.505, 11/16,  1/2 ,6  1/2 ,2  1/4 ,–,–,9.61,40.5,–,–,–,–,30.8,7.81,3.22,–,8.87,–,2.09,1.06,0.841,–,1.66,–,–,–,–,–,1.01,7.69,0.000709,–,–,0.0426,–,30.9,–,–,–
,,,,,,,,,,,,,,,,,,,,,,,,,,,,,,,,,,,,,,,,,,,,,,,,,,,,,,,
W,W6X25,W6X25,–,25.0,7.34,6.38,6  3/8 ,0.320,  5/16,  3/16,–,6.08,6  1/8 ,0.455,  7/16,0.705, 15/16,  9/16,4  1/2 ,3  1/2 ,–,–,6.68,15.5,–,–,–,–,53.4,16.7,2.70,–,18.9,–,17.1,5.61,1.52,–,8.56,–,–,–,–,–,1.74,5.93,0.004655,–,–,0.461,–,150,–,–,–
W,W6X20,W6X20,–,20.0,5.87,6.20,6  1/4 ,0.260,  1/4 ,  1/8 ,–,6.02,6      ,0.365,  3/8 ,0.615,  7/8 ,  9/16,4  1/2 ,3  1/2 ,–,–,8.25,19.1,–,–,–,–,41.4,13.4,2.66,–,14.9,–,13.3,4.41,1.50,–,6.72,–,–,–,–,–,1.70,5.84,0.003067,–,–,0.240,–,113,–,–,–
W,W6X15,W6X15,–,15.0,4.43,5.99,6      ,0.230,  1/4 ,  1/8 ,–,5.99,6      ,0.260,  1/4 ,0.510,  3/4 ,  9/16,4  1/2 ,3  1/2 ,–,–,11.5,21.6,–,–,–,–,29.1,9.72,2.56,–,10.8,–,9.32,3.11,1.45,–,4.75,–,–,–,–,–,1.66,5.73,0.001813,–,–,0.101,–,76.5,–,–,–
,,,,,,,,,,,,,,,,,,,,,,,,,,,,,,,,,,,,,,,,,,,,,,,,,,,,,,,
W,W6X16,W6X16,–,16.0,4.74,6.28,6  1/4 ,0.260,  1/4 ,  1/8 ,–,4.03,4      ,0.405,  3/8 ,0.655,  7/8 ,  9/16,4  1/2 ,2  1/4 ,–,–,4.98,19.1,–,–,–,–,32.1,10.2,2.60,–,11.7,–,4.43,2.20,0.967,–,3.39,–,–,–,–,–,1.13,5.88,0.003718,–,–,0.223,–,38.2,–,–,–
W,W6X12,W6X12,–,12.0,3.55,6.03,6      ,0.230,  1/4 ,  1/8 ,–,4.00,4      ,0.280,  1/4 ,0.530,  3/4 ,  9/16,4  1/2 ,2  1/4 ,–,–,7.14,21.6,–,–,–,–,22.1,7.31,2.49,–,8.30,–,2.99,1.50,0.918,–,2.32,–,–,–,–,–,1.08,5.75,0.002148,–,–,0.0903,–,24.7,–,–,–
W,W6X9,W6X9,–,9.00,2.68,5.90,5  7/8 ,0.170,  3/16,  1/8 ,–,3.94,4      ,0.215,  3/16,0.465, 11/16,  1/2 ,4  1/2 ,2  1/4 ,–,–,9.16,29.2,–,–,–,–,16.4,5.56,2.47,–,6.23,–,2.20,1.11,0.905,–,1.72,–,–,–,–,–,1.06,5.69,0.001280,–,–,0.0405,–,17.7,–,–,–
W,W6X8.5,W6X8.5,–,8.50,2.52,5.83,5  7/8 ,0.170,  3/16,  1/8 ,–,3.94,4      ,0.195,  3/16,0.445, 11/16,  1/2 ,4  1/2 ,2  1/4 ,–,–,10.1,29.1,–,–,–,–,14.9,5.10,2.43,–,5.73,–,1.99,1.01,0.890,–,1.56,–,–,–,–,–,1.05,5.64,0.001158,–,–,0.0333,–,15.8,–,–,–
,,,,,,,,,,,,,,,,,,,,,,,,,,,,,,,,,,,,,,,,,,,,,,,,,,,,,,,
W,W5X19,W5X19,–,19.0,5.56,5.15,5  1/8 ,0.270,  1/4 ,  1/8 ,–,5.03,5      ,0.430,  7/16,0.730, 13/16,  7/16,3  1/2 ,2  3/4 ,–,–,5.85,13.7,–,–,–,–,26.3,10.2,2.17,–,11.6,–,9.13,3.63,1.28,–,5.53,–,–,–,–,–,1.45,4.72,0.006564,–,–,0.316,–,50.9,–,–,–
W,W5X16,W5X16,–,16.0,4.71,5.01,5      ,0.240,  1/4 ,  1/8 ,–,5.00,5      ,0.360,  3/8 ,0.660,  3/4 ,  7/16,3  1/2 ,2  3/4 ,–,–,6.94,15.4,–,–,–,–,21.4,8.55,2.13,–,9.63,–,7.51,3.00,1.26,–,4.58,–,–,–,–,–,1.43,4.65,0.004829,–,–,0.192,–,40.6,–,–,–
,,,,,,,,,,,,,,,,,,,,,,,,,,,,,,,,,,,,,,,,,,,,,,,,,,,,,,,
W,W4X13,W4X13,–,13.0,3.83,4.16,4  1/8 ,0.280,  1/4 ,  1/8 ,–,4.06,4      ,0.345,  3/8 ,0.595,  3/4 ,  1/2 ,2  5/8 ,2  1/4 ,–,–,5.88,10.6,–,–,–,–,11.3,5.46,1.72,–,6.28,–,3.86,1.90,1.00,–,2.92,–,–,–,–,–,1.16,3.82,0.007240,–,–,0.151,–,14.0,–,–,–
,,,,,,,,,,,,,,,,,,,,,,,,,,,,,,,,,,,,,,,,,,,,,,,,,,,,,,,
M,M12.5X12.4,M12.5X12.4,–,12.4,3.63,12.5,12  1/2 ,0.155,  1/8 ,  1/16,–,3.75,3  3/4 ,0.228,  1/4 ,0.563,  9/16,  3/8 ,11  3/8 ,–,–,–,8.22,74.8,–,–,–,–,89.3,14.2,4.96,–,16.5,–,2.01,1.07,0.744,–,1.68,–,–,–,–,–,0.933,12.3,0.000282,–,–,0.0493,–,76.0,–,–,–
M,M12.5X11.6,M12.5X11.6,–,11.6,3.40,12.5,12  1/2 ,0.155,  1/8 ,  1/16,–,3.50,3  1/2 ,0.211,  3/16,0.563,  9/16,  3/8 ,11  3/8 ,–,–,–,8.29,74.8,–,–,–,–,80.3,12.8,4.86,–,15.0,–,1.51,0.864,0.667,–,1.37,–,–,–,–,–,0.852,12.3,0.000263,–,–,0.0414,–,57.1,–,–,–
,,,,,,,,,,,,,,,,,,,,,,,,,,,,,,,,,,,,,,,,,,,,,,,,,,,,,,,
M,M12X11.8,M12X11.8,–,11.8,3.47,12.0,12      ,0.177,  3/16,  1/8 ,–,3.07,3  1/8 ,0.225,  1/4 ,0.563,  9/16,  3/8 ,10  7/8 ,–,–,–,6.81,62.5,–,–,–,–,72.2,12.0,4.56,–,14.3,–,1.09,0.709,0.559,–,1.15,–,–,–,–,–,0.731,11.8,0.000353,–,–,0.0500,–,37.7,–,–,–
M,M12X10.8,M12X10.8,–,10.8,3.18,12.0,12      ,0.160,  3/16,  1/8 ,–,3.07,3  1/8 ,0.210,  3/16,0.563,  9/16,  3/8 ,10  7/8 ,–,–,–,7.30,69.2,–,–,–,–,66.7,11.1,4.58,–,13.2,–,1.01,0.661,0.564,–,1.07,–,–,–,–,–,0.732,11.8,0.000300,–,–,0.0393,–,35.0,–,–,–
,,,,,,,,,,,,,,,,,,,,,,,,,,,,,,,,,,,,,,,,,,,,,,,,,,,,,,,
M,M12X10,M12X10,–,10.0,2.95,12.0,12      ,0.149,  1/8 ,  1/16,–,3.25,3  1/4 ,0.180,  3/16,0.500,  1/2 ,  3/8 ,11      ,–,–,–,9.03,74.7,–,–,–,–,61.7,10.3,4.57,–,12.2,–,1.03,0.636,0.592,–,1.02,–,–,–,–,–,0.768,11.8,0.000240,–,–,0.0292,–,35.9,–,–,–
,,,,,,,,,,,,,,,,,,,,,,,,,,,,,,,,,,,,,,,,,,,,,,,,,,,,,,,
M,M10X9,M10X9,–,9.00,2.65,10.0,10      ,0.157,  3/16,  1/8 ,–,2.69,2  3/4 ,0.206,  3/16,0.563,  9/16,  3/8 ,8  7/8 ,–,–,–,6.53,58.4,–,–,–,–,39.0,7.79,3.83,–,9.22,–,0.672,0.500,0.503,–,0.809,–,–,–,–,–,0.650,9.79,0.000412,–,–,0.0314,–,16.1,–,–,–
M,M10X8,M10X8,–,8.00,2.37,9.95,10      ,0.141,  1/8 ,  1/16,–,2.69,2  3/4 ,0.182,  3/16,0.563,  9/16,  3/8 ,8  7/8 ,–,–,–,7.39,65.0,–,–,–,–,34.6,6.95,3.82,–,8.20,–,0.593,0.441,0.500,–,0.711,–,–,–,–,–,0.646,9.77,0.000330,–,–,0.0224,–,14.2,–,–,–
,,,,,,,,,,,,,,,,,,,,,,,,,,,,,,,,,,,,,,,,,,,,,,,,,,,,,,,
M,M10X7.5,M10X7.5,–,7.50,2.22,9.99,10      ,0.130,  1/8 ,  1/16,–,2.69,2  3/4 ,0.173,  3/16,0.438,  7/16,  5/16,9  1/8 ,–,–,–,7.77,71.0,–,–,–,–,33.0,6.60,3.85,–,7.77,–,0.562,0.418,0.503,–,0.670,–,–,–,–,–,0.646,9.82,0.000289,–,–,0.0187,–,13.5,–,–,–
,,,,,,,,,,,,,,,,,,,,,,,,,,,,,,,,,,,,,,,,,,,,,,,,,,,,,,,
M,M8X6.5,M8X6.5,–,6.50,1.92,8.00,8      ,0.135,  1/8 ,  1/16,–,2.28,2  1/4 ,0.189,  3/16,0.563,  9/16,  3/8 ,6  7/8 ,–,–,–,6.03,53.8,–,–,–,–,18.5,4.63,3.11,–,5.43,–,0.376,0.329,0.443,–,0.529,–,–,–,–,–,0.563,7.81,0.000509,–,–,0.0184,–,5.73,–,–,–
M,M8X6.2,M8X6.2,–,6.20,1.82,8.00,8      ,0.129,  1/8 ,  1/16,–,2.28,2  1/4 ,0.177,  3/16,0.438,  7/16,  1/4 ,7  1/8 ,–,–,–,6.44,56.5,–,–,–,–,17.6,4.39,3.10,–,5.15,–,0.352,0.308,0.439,–,0.495,–,–,–,–,–,0.560,7.82,0.000454,–,–,0.0156,–,5.38,–,–,–
,,,,,,,,,,,,,,,,,,,,,,,,,,,,,,,,,,,,,,,,,,,,,,,,,,,,,,,
M,M6X4.4,M6X4.4,–,4.40,1.29,6.00,6      ,0.114,  1/8 ,  1/16,–,1.84,1  7/8 ,0.171,  3/16,0.375,  3/8 ,  1/4 ,5  1/4 ,–,–,–,5.39,47.0,–,–,–,–,7.23,2.41,2.36,–,2.80,–,0.180,0.195,0.372,–,0.311,–,–,–,–,–,0.467,5.83,0.000705,–,–,0.00990,–,1.53,–,–,–
M,M6X3.7,M6X3.7,–,3.70,1.09,5.92,5  7/8 ,0.0980,  1/8 ,  1/16,–,2.00,2      ,0.129,  1/8 ,0.313,  5/16,  1/4 ,5  1/4 ,–,–,–,7.75,54.7,–,–,–,–,5.96,2.01,2.34,–,2.33,–,0.173,0.173,0.398,–,0.273,–,–,–,–,–,0.499,5.79,0.000455,–,–,0.00530,–,1.45,–,–,–
,,,,,,,,,,,,,,,,,,,,,,,,,,,,,,,,,,,,,,,,,,,,,,,,,,,,,,,
M,M5X18.9,M5X18.9,–,18.9,5.56,5.00,5      ,0.316,  5/16,  3/16,–,5.00,5      ,0.416,  7/16,0.813, 13/16,  1/2 ,3  3/8 ,2  3/4 ,–,–,6.01,11.2,–,–,–,–,24.2,9.67,2.08,–,11.1,–,8.70,3.48,1.25,–,5.33,–,–,–,–,–,1.44,4.58,0.007067,–,–,0.313,–,45.7,–,–,–
,,,,,,,,,,,,,,,,,,,,,,,,,,,,,,,,,,,,,,,,,,,,,,,,,,,,,,,
M,M4X6,M4X6,–,6.00,1.75,3.80,3  3/4 ,0.130,  1/8 ,  1/16,–,3.80,3  3/4 ,0.160,  3/16,0.500,  1/2 ,  3/8 ,2  3/4 ,–,–,–,11.9,22.0,–,–,–,–,4.72,2.48,1.64,–,2.74,–,1.47,0.771,0.915,–,1.18,–,–,–,–,–,1.04,3.64,0.002038,–,–,0.0184,–,4.87,–,–,–
M,M4X4.08,M4X4.08,–,4.08,1.27,4.00,4      ,0.115,  1/8 ,  1/16,–,2.25,2  1/4 ,0.170,  3/16,0.563,  9/16,  3/8 ,2  7/8 ,–,–,–,6.62,26.4,–,–,–,–,3.53,1.77,1.67,–,2.00,–,0.325,0.289,0.506,–,0.453,–,–,–,–,–,0.593,3.83,0.002168,–,–,0.0147,–,1.19,–,–,–
M,M4X3.45,M4X3.45,,3.45,1.010,4.00,4      ,0.0920,  1/16,  1/16,,2.25,2  1/4 ,0.130,  1/8 ,0.500,  1/2 ,  3/8 ,3      ,–,–,,8.65,33.9,,,,,2.86,1.43,1.68,,1.60,,0.248,0.221,0.496,,0.346,,,,,,0.580,3.87,0.001482,,,0.00820,,0.930,,,
M,M4X3.2,M4X3.2,,3.20,1.010,4.00,4      ,0.0920,  1/16,  1/16,,2.25,2  1/4 ,0.130,  1/8 ,0.500,  1/2 ,  3/8 ,3      ,–,–,,8.65,33.9,,,,,2.86,1.43,1.68,,1.60,,0.248,0.221,0.496,,0.346,,,,,,0.580,3.87,0.001482,,,0.00820,,0.930,,,
,,,,,,,,,,,,,,,,,,,,,,,,,,,,,,,,,,,,,,,,,,,,,,,,,,,,,,,
M,M3X2.9,M3X2.9,–,2.90,0.914,3.00,3      ,0.0900,  1/16,  1/16,–,2.25,2  1/4 ,0.130,  1/8 ,0.500,  1/2 ,  3/8 ,2      ,–,–,–,8.65,23.6,–,–,–,–,1.50,1.00,1.28,–,1.12,–,0.248,0.221,0.521,–,0.344,–,–,–,–,–,0.597,2.87,0.002753,–,–,0.00790,–,0.511,–,–,–
,,,,,,,,,,,,,,,,,,,,,,,,,,,,,,,,,,,,,,,,,,,,,,,,,,,,,,,
S,S24X121,S24X121,–,121,35.5,24.5,24  1/2 ,0.800, 13/16,  7/16,–,8.05,8      ,1.09,1  1/16,2.00,2      ,–,20  1/2 ,4      ,–,–,3.69,25.9,–,–,–,–,3160,258,9.43,–,306,–,83.0,20.6,1.53,–,36.3,–,–,–,–,–,1.94,23.4,0.002120,–,–,12.8,–,11400,–,–,–
S,S24X106,S24X106,–,106,31.1,24.5,24  1/2 ,0.620,  5/8 ,  5/16,–,7.87,7  7/8 ,1.09,1  1/16,2.00,2      ,–,20  1/2 ,4      ,–,–,3.61,33.4,–,–,–,–,2940,240,9.71,–,279,–,76.8,19.5,1.57,–,33.4,–,–,–,–,–,1.93,23.4,0.001798,–,–,10.1,–,10500,–,–,–
,,,,,,,,,,,,,,,,,,,,,,,,,,,,,,,,,,,,,,,,,,,,,,,,,,,,,,,
S,S24X100,S24X100,–,100,29.3,24.0,24      ,0.745,  3/4 ,  3/8 ,–,7.25,7  1/4 ,0.870,  7/8 ,1.75,1  3/4 ,–,20  1/2 ,4      ,–,–,4.16,27.8,–,–,–,–,2380,199,9.01,–,239,–,47.4,13.1,1.27,–,24.0,–,–,–,–,–,1.66,23.1,0.001651,–,–,7.59,–,6350,–,–,–
S,S24X90,S24X90,–,90.0,26.5,24.0,24      ,0.625,  5/8 ,  5/16,–,7.13,7  1/8 ,0.870,  7/8 ,1.75,1  3/4 ,–,20  1/2 ,4      ,–,–,4.09,33.1,–,–,–,–,2250,187,9.21,–,222,–,44.7,12.5,1.30,–,22.4,–,–,–,–,–,1.66,23.1,0.001401,–,–,6.05,–,5980,–,–,–
S,S24X80,S24X80,–,80.0,23.5,24.0,24      ,0.500,  1/2 ,  1/4 ,–,7.00,7      ,0.870,  7/8 ,1.75,1  3/4 ,–,20  1/2 ,4      ,–,–,4.02,41.4,–,–,–,–,2100,175,9.47,–,204,–,42.0,12.0,1.34,–,20.8,–,–,–,–,–,1.67,23.1,0.001210,–,–,4.89,–,5620,–,–,–
,,,,,,,,,,,,,,,,,,,,,,,,,,,,,,,,,,,,,,,,,,,,,,,,,,,,,,,
S,S20X96,S20X96,–,96.0,28.2,20.3,20  1/4 ,0.800, 13/16,  7/16,–,7.20,7  1/4 ,0.920, 15/16,1.75,1  3/4 ,–,16  3/4 ,4      ,–,–,3.91,21.1,–,–,–,–,1670,165,7.71,–,198,–,49.9,13.9,1.33,–,24.9,–,–,–,–,–,1.71,19.4,0.002624,–,–,8.40,–,4690,–,–,–
S,S20X86,S20X86,–,86.0,25.3,20.3,20  1/4 ,0.660, 11/16,  3/8 ,–,7.06,7      ,0.920, 15/16,1.75,1  3/4 ,–,16  3/4 ,4      ,–,–,3.84,25.6,–,–,–,–,1570,155,7.89,–,183,–,46.6,13.2,1.36,–,23.1,–,–,–,–,–,1.71,19.4,0.002212,–,–,6.65,–,4370,–,–,–
,,,,,,,,,,,,,,,,,,,,,,,,,,,,,,,,,,,,,,,,,,,,,,,,,,,,,,,
S,S20X75,S20X75,–,75.0,22.0,20.0,20      ,0.635,  5/8 ,  5/16,–,6.39,6  3/8 ,0.795, 13/16,1.63,1  5/8 ,–,16  3/4 ,3  1/2 ,–,–,4.02,26.6,–,–,–,–,1280,128,7.62,–,152,–,29.5,9.25,1.16,–,16.7,–,–,–,–,–,1.49,19.2,0.001868,–,–,4.59,–,2720,–,–,–
S,S20X66,S20X66,–,66.0,19.4,20.0,20      ,0.505,  1/2 ,  1/4 ,–,6.26,6  1/4 ,0.795, 13/16,1.63,1  5/8 ,–,16  3/4 ,3  1/2 ,–,–,3.93,33.5,–,–,–,–,1190,119,7.83,–,139,–,27.5,8.78,1.19,–,15.4,–,–,–,–,–,1.49,19.2,0.001567,–,–,3.58,–,2530,–,–,–
,,,,,,,,,,,,,,,,,,,,,,,,,,,,,,,,,,,,,,,,,,,,,,,,,,,,,,,
S,S18X70,S18X70,–,70.0,20.5,18.0,18      ,0.711, 11/16,  3/8 ,–,6.25,6  1/4 ,0.691, 11/16,1.50,1  1/2 ,–,15      ,3  1/2 ,–,–,4.52,21.5,–,–,–,–,923,103,6.70,–,124,–,24.0,7.69,1.08,–,14.3,–,–,–,–,–,1.42,17.3,0.002301,–,–,4.10,–,1800,–,–,–
S,S18X54.7,S18X54.7,–,54.7,16.0,18.0,18      ,0.461,  7/16,  1/4 ,–,6.00,6      ,0.691, 11/16,1.50,1  1/2 ,–,15      ,3  1/2 ,–,–,4.34,33.2,–,–,–,–,801,89.0,7.07,–,104,–,20.7,6.91,1.14,–,12.1,–,–,–,–,–,1.42,17.3,0.001513,–,–,2.33,–,1550,–,–,–
,,,,,,,,,,,,,,,,,,,,,,,,,,,,,,,,,,,,,,,,,,,,,,,,,,,,,,,
S,S15X50,S15X50,–,50.0,14.7,15.0,15      ,0.550,  9/16,  5/16,–,5.64,5  5/8 ,0.622,  5/8 ,1.38,1  3/8 ,–,12  1/4 ,3  1/2 ,–,–,4.53,22.7,–,–,–,–,485,64.7,5.75,–,77.0,–,15.6,5.53,1.03,–,10.0,–,–,–,–,–,1.32,14.4,0.002275,–,–,2.12,–,805,–,–,–
S,S15X42.9,S15X42.9,–,42.9,12.6,15.0,15      ,0.411,  7/16,  1/4 ,–,5.50,5  1/2 ,0.622,  5/8 ,1.38,1  3/8 ,–,12  1/4 ,3  1/2 ,–,–,4.42,30.4,–,–,–,–,446,59.4,5.95,–,69.2,–,14.3,5.19,1.06,–,9.08,–,–,–,–,–,1.31,14.4,0.001800,–,–,1.54,–,737,–,–,–
,,,,,,,,,,,,,,,,,,,,,,,,,,,,,,,,,,,,,,,,,,,,,,,,,,,,,,,
S,S12X50,S12X50,–,50.0,14.7,12.0,12      ,0.687, 11/16,  3/8 ,–,5.48,5  1/2 ,0.659, 11/16,1.44,1  7/16,–,9  1/8 ,3      ,–,–,4.16,13.7,–,–,–,–,303,50.6,4.55,–,60.9,–,15.6,5.69,1.03,–,10.3,–,–,–,–,–,1.32,11.3,0.004845,–,–,2.77,–,501,–,–,–
S,S12X40.8,S12X40.8,–,40.8,11.9,12.0,12      ,0.462,  7/16,  1/4 ,–,5.25,5  1/4 ,0.659, 11/16,1.44,1  7/16,–,9  1/8 ,3      ,–,–,3.98,20.6,–,–,–,–,270,45.1,4.76,–,52.7,–,13.5,5.13,1.06,–,8.86,–,–,–,–,–,1.30,11.3,0.003316,–,–,1.69,–,433,–,–,–
,,,,,,,,,,,,,,,,,,,,,,,,,,,,,,,,,,,,,,,,,,,,,,,,,,,,,,,
S,S12X35,S12X35,–,35.0,10.2,12.0,12      ,0.428,  7/16,  1/4 ,–,5.08,5  1/8 ,0.544,  9/16,1.19,1  3/16,–,9  5/8 ,3      ,–,–,4.67,23.1,–,–,–,–,228,38.1,4.72,–,44.6,–,9.84,3.88,0.980,–,6.80,–,–,–,–,–,1.22,11.5,0.002396,–,–,1.05,–,323,–,–,–
S,S12X31.8,S12X31.8,–,31.8,9.31,12.0,12      ,0.350,  3/8 ,  3/16,–,5.00,5      ,0.544,  9/16,1.19,1  3/16,–,9  5/8 ,3      ,–,–,4.60,28.3,–,–,–,–,217,36.2,4.83,–,41.8,–,9.33,3.73,1.00,–,6.44,–,–,–,–,–,1.21,11.5,0.002109,–,–,0.878,–,306,–,–,–
,,,,,,,,,,,,,,,,,,,,,,,,,,,,,,,,,,,,,,,,,,,,,,,,,,,,,,,
S,S10X35,S10X35,–,35.0,10.3,10.0,10      ,0.594,  5/8 ,  5/16,–,4.94,5      ,0.491,  1/2 ,1.13,1  1/8 ,–,7  3/4 ,2  3/4 ,–,–,5.03,13.4,–,–,–,–,147,29.4,3.78,–,35.4,–,8.30,3.36,0.899,–,6.19,–,–,–,–,–,1.16,9.51,0.004614,–,–,1.29,–,188,–,–,–
S,S10X25.4,S10X25.4,–,25.4,7.45,10.0,10      ,0.311,  5/16,  3/16,–,4.66,4  5/8 ,0.491,  1/2 ,1.13,1  1/8 ,–,7  3/4 ,2  3/4 ,–,–,4.75,25.6,–,–,–,–,123,24.6,4.07,–,28.3,–,6.73,2.89,0.950,–,4.99,–,–,–,–,–,1.14,9.51,0.002578,–,–,0.603,–,152,–,–,–
,,,,,,,,,,,,,,,,,,,,,,,,,,,,,,,,,,,,,,,,,,,,,,,,,,,,,,,
S,S8X23,S8X23,–,23.0,6.76,8.00,8      ,0.441,  7/16,  1/4 ,–,4.17,4  1/8 ,0.425,  7/16,1.00,1      ,–,6      ,2  1/4 ,–,–,4.91,14.1,–,–,–,–,64.7,16.2,3.09,–,19.2,–,4.27,2.05,0.795,–,3.67,–,–,–,–,–,0.999,7.58,0.004479,–,–,0.550,–,61.2,–,–,–
S,S8X18.4,S8X18.4,–,18.4,5.40,8.00,8      ,0.271,  1/4 ,  1/8 ,–,4.00,4      ,0.425,  7/16,1.00,1      ,–,6      ,2  1/4 ,–,–,4.71,22.9,–,–,–,–,57.5,14.4,3.26,–,16.5,–,3.69,1.84,0.827,–,3.18,–,–,–,–,–,0.985,7.58,0.003069,–,–,0.335,–,52.9,–,–,–
,,,,,,,,,,,,,,,,,,,,,,,,,,,,,,,,,,,,,,,,,,,,,,,,,,,,,,,
S,S6X17.25,S6X17.25,–,17.25,5.05,6.00,6      ,0.465,  7/16,  1/4 ,–,3.57,3  5/8 ,0.359,  3/8 ,0.813, 13/16,–,4  3/8 ,–,–,–,4.97,9.67,–,–,–,–,26.2,8.74,2.28,–,10.5,–,2.29,1.28,0.673,–,2.35,–,–,–,–,–,0.859,5.64,0.007526,–,–,0.371,–,18.2,–,–,–
S,S6X12.5,S6X12.5,–,12.5,3.66,6.00,6      ,0.232,  1/4 ,  1/8 ,–,3.33,3  3/8 ,0.359,  3/8 ,0.813, 13/16,–,4  3/8 ,–,–,–,4.64,19.4,–,–,–,–,22.0,7.34,2.45,–,8.45,–,1.80,1.08,0.702,–,1.86,–,–,–,–,–,0.831,5.64,0.004034,–,–,0.167,–,14.3,–,–,–
,,,,,,,,,,,,,,,,,,,,,,,,,,,,,,,,,,,,,,,,,,,,,,,,,,,,,,,
S,S5X10,S5X10,–,10.0,2.93,5.00,5      ,0.214,  3/16,  1/8 ,–,3.00,3      ,0.326,  5/16,0.750,  3/4 ,–,3  1/2 ,–,–,–,4.61,16.8,–,–,–,–,12.3,4.90,2.05,–,5.66,–,1.19,0.795,0.638,–,1.37,–,–,–,–,–,0.754,4.67,0.004982,–,–,0.114,–,6.52,–,–,–
,,,,,,,,,,,,,,,,,,,,,,,,,,,,,,,,,,,,,,,,,,,,,,,,,,,,,,,
S,S4X9.5,S4X9.5,–,9.50,2.79,4.00,4      ,0.326,  5/16,  3/16,–,2.80,2  3/4 ,0.293,  5/16,0.750,  3/4 ,–,2  1/2 ,–,–,–,4.77,8.33,–,–,–,–,6.76,3.38,1.56,–,4.04,–,0.887,0.635,0.564,–,1.13,–,–,–,–,–,0.698,3.71,0.009570,–,–,0.120,–,3.05,–,–,–
S,S4X7.7,S4X7.7,–,7.70,2.26,4.00,4      ,0.193,  3/16,  1/8 ,–,2.66,2  5/8 ,0.293,  5/16,0.750,  3/4 ,–,2  1/2 ,–,–,–,4.54,14.1,–,–,–,–,6.05,3.03,1.64,–,3.50,–,0.748,0.562,0.576,–,0.970,–,–,–,–,–,0.676,3.71,0.006512,–,–,0.0732,–,2.57,–,–,–
,,,,,,,,,,,,,,,,,,,,,,,,,,,,,,,,,,,,,,,,,,,,,,,,,,,,,,,
S,S3X7.5,S3X7.5,–,7.50,2.20,3.00,3      ,0.349,  3/8 ,  3/16,–,2.51,2  1/2 ,0.260,  1/4 ,0.625,  5/8 ,–,1  3/4 ,–,–,–,4.83,5.38,–,–,–,–,2.91,1.94,1.15,–,2.35,–,0.578,0.461,0.513,–,0.821,–,–,–,–,–,0.638,2.74,0.016856,–,–,0.0896,–,1.08,–,–,–
S,S3X5.7,S3X5.7,–,5.70,1.66,3.00,3      ,0.170,  3/16,  1/8 ,–,2.33,2  3/8 ,0.260,  1/4 ,0.625,  5/8 ,–,1  3/4 ,–,–,–,4.48,11.0,–,–,–,–,2.50,1.67,1.23,–,1.94,–,0.447,0.383,0.518,–,0.656,–,–,–,–,–,0.605,2.74,0.009463,–,–,0.0433,–,0.838,–,–,–
,,,,,,,,,,,,,,,,,,,,,,,,,,,,,,,,,,,,,,,,,,,,,,,,,,,,,,,
HP,HP18X204,HP18X204,–,204,60.2,18.3,18  1/4 ,1.13,1  1/8 ,  9/16,–,18.1,18  1/8 ,1.13,1  1/8 ,2.31,2  5/16,1  3/4 ,13  1/2 ,7  1/2 ,–,–,8.01,12.1,–,–,–,–,3480,380,7.60,–,433,–,1120,124,4.31,–,191,–,–,–,–,–,5.03,17.2,0.004513,–,–,29.5,–,82500,–,–,–
HP,HP18X181,HP18X181,–,181,53.2,18.0,18      ,1.00,1      ,  1/2 ,–,18.0,18      ,1.000,1      ,2.18,2  3/16,1 11/16,13  1/2 ,7  1/2 ,–,–,9.00,13.6,–,–,–,–,3020,336,7.53,–,379,–,974,108,4.28,–,167,–,–,–,–,–,4.96,17.0,0.003624,–,–,20.7,–,70400,–,–,–
HP,HP18X157,HP18X157,–,157,46.2,17.7,17  3/4 ,0.870,  7/8 ,  7/16,–,17.9,17  7/8 ,0.870,  7/8 ,2.05,2  1/16,1  5/8 ,13  1/2 ,7  1/2 ,–,–,10.3,15.6,–,–,–,–,2570,290,7.46,–,327,–,833,93.1,4.25,–,143,–,–,–,–,–,4.92,16.8,0.002853,–,–,13.9,–,59000,–,–,–
HP,HP18X135,HP18X135,–,135,39.9,17.5,17  1/2 ,0.750,  3/4 ,  3/8 ,–,17.8,17  3/4 ,0.750,  3/4 ,1.93,1 15/16,1  9/16,13  1/2 ,7  1/2 ,–,–,11.9,18.2,–,–,–,–,2200,251,7.43,–,281,–,706,79.3,4.21,–,122,–,–,–,–,–,4.85,16.8,0.002163,–,–,9.12,–,49500,–,–,–
,,,,,,,,,,,,,,,,,,,,,,,,,,,,,,,,,,,,,,,,,,,,,,,,,,,,,,,
HP,HP16X183,HP16X183,–,183,54.1,16.5,16  1/2 ,1.13,1  1/8 ,  9/16,–,16.3,16  1/2 ,1.13,1  1/8 ,2.31,2  5/16,1  3/4 ,11  3/4 ,5  1/2 ,–,–,7.21,10.5,–,–,–,–,2510,304,6.81,–,349,–,818,100,3.89,–,156,–,–,–,–,–,4.55,15.4,0.005746,–,–,26.9,–,48300,–,–,–
HP,HP16X162,HP16X162,–,162,47.7,16.3,16  1/4 ,1.00,1      ,  1/2 ,–,16.1,16  1/8 ,1.00,1      ,2.18,2  3/16,1 11/16,11  3/4 ,5  1/2 ,–,–,8.05,11.9,–,–,–,–,2190,269,6.78,–,306,–,697,86.6,3.82,–,134,–,–,–,–,–,4.45,15.3,0.004568,–,–,18.8,–,40800,–,–,–
HP,HP16X141,HP16X141,–,141,41.7,16.0,16      ,0.875,  7/8 ,  7/16,–,16.0,16      ,0.875,  7/8 ,2.06,2  1/16,1  5/8 ,11  3/4 ,5  1/2 ,–,–,9.14,13.6,–,–,–,–,1870,234,6.70,–,264,–,599,74.9,3.79,–,116,–,–,–,–,–,4.40,15.1,0.003651,–,–,12.9,–,34300,–,–,–
HP,HP16X121,HP16X121,–,121,35.8,15.8,15  3/4 ,0.750,  3/4 ,  3/8 ,–,15.9,15  7/8 ,0.750,  3/4 ,1.93,1 15/16,1  9/16,11  3/4 ,5  1/2 ,–,–,10.6,15.9,–,–,–,–,1590,201,6.66,–,226,–,504,63.4,3.75,–,97.6,–,–,–,–,–,4.34,15.1,0.002751,–,–,8.35,–,28500,–,–,–
HP,HP16X101,HP16X101,–,101,29.9,15.5,15  1/2 ,0.625,  5/8 ,  5/16,–,15.8,15  3/4 ,0.625,  5/8 ,1.81,1 13/16,1  1/2 ,11  3/4 ,5  1/2 ,–,–,12.6,19.0,–,–,–,–,1300,168,6.59,–,187,–,412,52.2,3.71,–,80.1,–,–,–,–,–,4.27,14.9,0.002025,–,–,5.07,–,22800,–,–,–
HP,HP16X88,HP16X88,–,88.0,25.8,15.3,15  3/8 ,0.540,  9/16,  5/16,–,15.7,15 11/16,0.540,  9/16,1.72,1  3/4 ,1  7/16,11  3/4 ,5  1/2 ,–,–,14.5,22.0,–,–,–,–,1110,145,6.56,–,161,–,349,44.5,3.68,–,68.2,–,–,–,–,–,4.21,14.8,0.001608,–,–,3.45,–,19000,–,–,–
,,,,,,,,,,,,,,,,,,,,,,,,,,,,,,,,,,,,,,,,,,,,,,,,,,,,,,,
HP,HP14X117,HP14X117,–,117,34.4,14.2,14  1/4 ,0.805, 13/16,  7/16,–,14.9,14  7/8 ,0.805, 13/16,1.50,2  1/16,1  5/8 ,11  1/4 ,5  1/2 ,–,–,9.25,14.2,–,–,–,–,1220,172,5.96,–,194,–,443,59.5,3.59,–,91.4,–,–,–,–,–,4.15,13.4,0.003480,–,–,8.02,–,19900,–,–,–
HP,HP14X102,HP14X102,–,102,30.1,14.0,14      ,0.705, 11/16,  3/8 ,–,14.8,14  3/4 ,0.705, 11/16,1.38,1 15/16,1  9/16,11  1/4 ,5  1/2 ,–,–,10.5,16.2,–,–,–,–,1050,150,5.92,–,169,–,380,51.4,3.56,–,78.8,–,–,–,–,–,4.10,13.3,0.002702,–,–,5.39,–,16800,–,–,–
HP,HP14X89,HP14X89,–,89.0,26.1,13.8,13  7/8 ,0.615,  5/8 ,  5/16,–,14.7,14  3/4 ,0.615,  5/8 ,1.31,1  7/8 ,1  1/2 ,11  1/4 ,5  1/2 ,–,–,11.9,18.5,–,–,–,–,904,131,5.88,–,146,–,326,44.3,3.53,–,67.7,–,–,–,–,–,4.05,13.2,0.002076,–,–,3.59,–,14200,–,–,–
HP,HP14X73,HP14X73,–,73.0,21.4,13.6,13  5/8 ,0.505,  1/2 ,  1/4 ,–,14.6,14  5/8 ,0.505,  1/2 ,1.19,1  3/4 ,1  7/16,11  1/4 ,5  1/2 ,–,–,14.4,22.6,–,–,–,–,729,107,5.84,–,118,–,261,35.8,3.49,–,54.6,–,–,–,–,–,4.00,13.1,0.001434,–,–,2.01,–,11200,–,–,–
,,,,,,,,,,,,,,,,,,,,,,,,,,,,,,,,,,,,,,,,,,,,,,,,,,,,,,,
HP,HP12X89,HP12X89,–,89.0,25.9,12.4,12  3/8 ,0.720,  3/4 ,  3/8 ,–,12.3,12  3/8 ,0.720,  3/4 ,1.32,1  5/8 ,1  3/16,9  1/2 ,5  1/2 ,–,–,8.54,13.6,–,–,–,–,693,112,5.17,–,127,–,224,36.4,2.94,–,56.0,–,–,–,–,–,3.42,11.7,0.003755,–,–,4.92,–,7640,–,–,–
HP,HP12X84,HP12X84,–,84.0,24.6,12.3,12  1/4 ,0.685, 11/16,  3/8 ,–,12.3,12  1/4 ,0.685, 11/16,1.38,1  9/16,1  3/16,9  1/2 ,5  1/2 ,–,–,8.97,14.2,–,–,–,–,650,106,5.14,–,120,–,213,34.6,2.94,–,53.2,–,–,–,–,–,3.41,11.6,0.003448,–,–,4.24,–,7140,–,–,–
HP,HP12X74,HP12X74,–,74.0,21.8,12.1,12  1/8 ,0.605,  5/8 ,  5/16,–,12.2,12  1/4 ,0.610,  5/8 ,1.31,1  1/2 ,1  1/8 ,9  1/2 ,5  1/2 ,–,–,10.0,16.1,–,–,–,–,569,93.8,5.11,–,105,–,186,30.4,2.92,–,46.6,–,–,–,–,–,3.38,11.5,0.002763,–,–,2.98,–,6160,–,–,–
HP,HP12X63,HP12X63,–,63.0,18.4,11.9,12      ,0.515,  1/2 ,  1/4 ,–,12.1,12  1/8 ,0.515,  1/2 ,1.25,1  7/16,1  1/16,9  1/2 ,5  1/2 ,–,–,11.8,18.9,–,–,–,–,472,79.1,5.06,–,88.3,–,153,25.3,2.88,–,38.7,–,–,–,–,–,3.33,11.4,0.002029,–,–,1.83,–,5000,–,–,–
HP,HP12X53,HP12X53,–,53.0,15.5,11.8,11  3/4 ,0.435,  7/16,  1/4 ,–,12.0,12      ,0.435,  7/16,1.13,1  5/16,1  1/16,9  1/2 ,5  1/2 ,–,–,13.8,22.3,–,–,–,–,393,66.7,5.03,–,74.0,–,127,21.1,2.86,–,32.2,–,–,–,–,–,3.29,11.4,0.001473,–,–,1.12,–,4080,–,–,–
,,,,,,,,,,,,,,,,,,,,,,,,,,,,,,,,,,,,,,,,,,,,,,,,,,,,,,,
HP,HP10X57,HP10X57,–,57.0,16.7,9.99,10      ,0.565,  9/16,  5/16,–,10.2,10  1/4 ,0.565,  9/16,1.25,1  1/4 , 15/16,7  1/2 ,5  1/2 ,–,–,9.03,13.9,–,–,–,–,294,58.8,4.18,–,66.5,–,101,19.7,2.45,–,30.3,–,–,–,–,–,2.84,9.43,0.003553,–,–,1.97,–,2240,–,–,–
HP,HP10X42,HP10X42,–,42.0,12.4,9.70,9  3/4 ,0.415,  7/16,  1/4 ,–,10.1,10  1/8 ,0.420,  7/16,1.13,1  1/8 , 13/16,7  1/2 ,5  1/2 ,–,–,12.0,18.9,–,–,–,–,210,43.4,4.13,–,48.3,–,71.7,14.2,2.41,–,21.8,–,–,–,–,–,2.77,9.28,0.002019,–,–,0.813,–,1540,–,–,–
,,,,,,,,,,,,,,,,,,,,,,,,,,,,,,,,,,,,,,,,,,,,,,,,,,,,,,,
HP,HP8X36,HP8X36,–,36.0,10.6,8.02,8      ,0.445,  7/16,  1/4 ,–,8.16,8  1/8 ,0.445,  7/16,1.13,1  1/8 ,  7/8 ,5  3/4 ,5  1/2 ,–,–,9.16,14.2,–,–,–,–,119,29.8,3.36,–,33.6,–,40.3,9.88,1.95,–,15.2,–,–,–,–,–,2.26,7.58,0.003409,–,–,0.770,–,578,–,–,–
,,,,,,,,,,,,,,,,,,,,,,,,,,,,,,,,,,,,,,,,,,,,,,,,,,,,,,,
C,C15X50,C15X50,–,50.0,14.7,15.0,15      ,0.716, 11/16,  3/8 ,–,3.72,3  3/4 ,0.650,  5/8 ,1.44,1  7/16,–,12  1/8 ,2  1/4 ,–,0.583,–,17.3,–,–,–,–,404,53.8,5.24,–,68.5,–,11.0,3.77,0.865,0.799,8.14,0.490,–,–,–,–,1.17,14.4,0.003421,–,–,2.65,–,492,5.49,0.937,–
C,C15X40,C15X40,–,40.0,11.8,15.0,15      ,0.520,  1/2 ,  1/4 ,–,3.52,3  1/2 ,0.650,  5/8 ,1.44,1  7/16,–,12  1/8 ,2      ,–,0.767,–,23.8,–,–,–,–,348,46.5,5.43,–,57.5,–,9.17,3.34,0.883,0.778,6.84,0.392,–,–,–,–,1.15,14.4,0.002165,–,–,1.45,–,410,5.71,0.927,–
C,C15X33.9,C15X33.9,–,33.9,10.0,15.0,15      ,0.400,  3/8 ,  3/16,–,3.40,3  3/8 ,0.650,  5/8 ,1.44,1  7/16,–,12  1/8 ,2      ,–,0.896,–,30.9,–,–,–,–,315,42.0,5.61,–,50.8,–,8.07,3.09,0.901,0.788,6.19,0.332,–,–,–,–,1.13,14.4,0.001670,–,–,1.01,–,358,5.94,0.920,–
,,,,,,,,,,,,,,,,,,,,,,,,,,,,,,,,,,,,,,,,,,,,,,,,,,,,,,,
C,C12X30,C12X30,–,30.0,8.81,12.0,12      ,0.510,  1/2 ,  1/4 ,–,3.17,3  1/8 ,0.501,  1/2 ,1.13,1  1/8 ,–,9  3/4 ,1  3/4 ,–,0.618,–,19.4,–,–,–,–,162,27.0,4.29,–,33.8,–,5.12,2.05,0.762,0.674,4.32,0.367,–,–,–,–,1.01,11.5,0.002773,–,–,0.861,–,151,4.54,0.919,–
C,C12X25,C12X25,–,25.0,7.34,12.0,12      ,0.387,  3/8 ,  3/16,–,3.05,3      ,0.501,  1/2 ,1.13,1  1/8 ,–,9  3/4 ,1  3/4 ,–,0.746,–,25.6,–,–,–,–,144,24.0,4.43,–,29.4,–,4.45,1.87,0.779,0.674,3.82,0.306,–,–,–,–,1.00,11.5,0.001949,–,–,0.538,–,130,4.72,0.909,–
C,C12X20.7,C12X20.7,–,20.7,6.08,12.0,12      ,0.282,  5/16,  3/16,–,2.94,3      ,0.501,  1/2 ,1.13,1  1/8 ,–,9  3/4 ,1  3/4 ,–,0.870,–,35.2,–,–,–,–,129,21.5,4.61,–,25.6,–,3.86,1.72,0.797,0.698,3.47,0.253,–,–,–,–,0.983,11.5,0.001492,–,–,0.369,–,112,4.93,0.899,–
,,,,,,,,,,,,,,,,,,,,,,,,,,,,,,,,,,,,,,,,,,,,,,,,,,,,,,,
C,C10X30,C10X30,–,30.0,8.81,10.0,10      ,0.673, 11/16,  3/8 ,–,3.03,3      ,0.436,  7/16,1.00,1  1/16,–,8      ,1  3/4 ,–,0.368,–,12.1,–,–,–,–,103,20.7,3.43,–,26.7,–,3.93,1.65,0.668,0.649,3.78,0.441,–,–,–,–,0.924,9.56,0.006165,–,–,1.22,–,79.5,3.63,0.921,–
C,C10X25,C10X25,–,25.0,7.35,10.0,10      ,0.526,  1/2 ,  1/4 ,–,2.89,2  7/8 ,0.436,  7/16,1.00,1  1/16,–,8      ,1  3/4 ,–,0.494,–,15.5,–,–,–,–,91.1,18.2,3.52,–,23.1,–,3.34,1.47,0.675,0.617,3.18,0.367,–,–,–,–,0.911,9.56,0.003948,–,–,0.687,–,68.3,3.76,0.912,–
C,C10X20,C10X20,–,20.0,5.87,10.0,10      ,0.379,  3/8 ,  3/16,–,2.74,2  3/4 ,0.436,  7/16,1.00,1  1/16,–,8      ,1  1/2 ,–,0.636,–,21.6,–,–,–,–,78.9,15.8,3.67,–,19.4,–,2.80,1.31,0.690,0.606,2.70,0.294,–,–,–,–,0.894,9.56,0.002436,–,–,0.368,–,56.9,3.93,0.900,–
C,C10X15.3,C10X15.3,–,15.3,4.48,10.0,10      ,0.240,  1/4 ,  1/8 ,–,2.60,2  5/8 ,0.436,  7/16,1.00,1  1/16,–,8      ,1  1/2 ,–,0.796,–,34.0,–,–,–,–,67.3,13.5,3.88,–,15.9,–,2.27,1.15,0.711,0.634,2.34,0.224,–,–,–,–,0.868,9.56,0.001619,–,–,0.209,–,45.5,4.19,0.884,–
,,,,,,,,,,,,,,,,,,,,,,,,,,,,,,,,,,,,,,,,,,,,,,,,,,,,,,,
C,C9X20,C9X20,–,20.0,5.87,9.00,9      ,0.448,  7/16,  1/4 ,–,2.65,2  5/8 ,0.413,  7/16,1.00,1      ,–,7      ,1  1/2 ,–,0.515,–,16.2,–,–,–,–,60.9,13.5,3.22,–,16.9,–,2.41,1.17,0.640,0.583,2.46,0.326,–,–,–,–,0.850,8.59,0.003682,–,–,0.427,–,39.4,3.46,0.899,–
C,C9X15,C9X15,–,15.0,4.40,9.00,9      ,0.285,  5/16,  3/16,–,2.49,2  1/2 ,0.413,  7/16,1.00,1      ,–,7      ,1  3/8 ,–,0.681,–,25.4,–,–,–,–,51.0,11.3,3.40,–,13.6,–,1.91,1.01,0.659,0.586,2.04,0.245,–,–,–,–,0.825,8.59,0.002143,–,–,0.208,–,31.0,3.69,0.882,–
C,C9X13.4,C9X13.4,–,13.4,3.94,9.00,9      ,0.233,  1/4 ,  1/8 ,–,2.43,2  3/8 ,0.413,  7/16,1.00,1      ,–,7      ,1  3/8 ,–,0.742,–,31.1,–,–,–,–,47.8,10.6,3.48,–,12.6,–,1.75,0.954,0.666,0.601,1.94,0.219,–,–,–,–,0.814,8.59,0.001845,–,–,0.168,–,28.2,3.79,0.875,–
,,,,,,,,,,,,,,,,,,,,,,,,,,,,,,,,,,,,,,,,,,,,,,,,,,,,,,,
C,C8X18.75,C8X18.75,–,18.75,5.51,8.00,8      ,0.487,  1/2 ,  1/4 ,–,2.53,2  1/2 ,0.390,  3/8 ,0.938, 15/16,–,6  1/8 ,1  1/2 ,–,0.431,–,13.0,–,–,–,–,43.9,11.0,2.82,–,13.9,–,1.97,1.01,0.598,0.565,2.17,0.344,–,–,–,–,0.800,7.61,0.005185,–,–,0.434,–,25.1,3.05,0.894,–
C,C8X13.75,C8X13.75,–,13.75,4.03,8.00,8      ,0.303,  5/16,  3/16,–,2.34,2  3/8 ,0.390,  3/8 ,0.938, 15/16,–,6  1/8 ,1  3/8 ,–,0.604,–,21.0,–,–,–,–,36.1,9.02,2.99,–,11.0,–,1.52,0.848,0.613,0.554,1.73,0.252,–,–,–,–,0.774,7.61,0.002710,–,–,0.186,–,19.2,3.26,0.874,–
C,C8X11.5,C8X11.5,–,11.5,3.37,8.00,8      ,0.220,  1/4 ,  1/8 ,–,2.26,2  1/4 ,0.390,  3/8 ,0.938, 15/16,–,6  1/8 ,1  3/8 ,–,0.697,–,28.9,–,–,–,–,32.5,8.14,3.11,–,9.63,–,1.31,0.775,0.623,0.572,1.57,0.211,–,–,–,–,0.756,7.61,0.002099,–,–,0.130,–,16.5,3.41,0.862,–
,,,,,,,,,,,,,,,,,,,,,,,,,,,,,,,,,,,,,,,,,,,,,,,,,,,,,,,
C,C7X14.75,C7X14.75,–,14.75,4.33,7.00,7      ,0.419,  7/16,  1/4 ,–,2.30,2  1/4 ,0.366,  3/8 ,0.875,  7/8 ,–,5  1/4 ,1  1/4 ,–,0.441,–,12.9,–,–,–,–,27.2,7.78,2.51,–,9.75,–,1.37,0.772,0.561,0.532,1.63,0.309,–,–,–,–,0.738,6.63,0.005176,–,–,0.267,–,13.1,2.75,0.875,–
C,C7X12.25,C7X12.25,–,12.25,3.59,7.00,7      ,0.314,  5/16,  3/16,–,2.19,2  1/4 ,0.366,  3/8 ,0.875,  7/8 ,–,5  1/4 ,1  1/4 ,–,0.538,–,17.3,–,–,–,–,24.2,6.92,2.59,–,8.46,–,1.16,0.696,0.568,0.525,1.42,0.257,–,–,–,–,0.722,6.63,0.003509,–,–,0.161,–,11.2,2.86,0.862,–
C,C7X9.8,C7X9.8,–,9.80,2.87,7.00,7      ,0.210,  3/16,  1/8 ,–,2.09,2  1/8 ,0.366,  3/8 ,0.875,  7/8 ,–,5  1/4 ,1  1/4 ,–,0.647,–,25.8,–,–,–,–,21.2,6.07,2.72,–,7.19,–,0.957,0.617,0.578,0.541,1.26,0.205,–,–,–,–,0.698,6.63,0.002475,–,–,0.0996,–,9.15,3.02,0.845,–
,,,,,,,,,,,,,,,,,,,,,,,,,,,,,,,,,,,,,,,,,,,,,,,,,,,,,,,
C,C6X13,C6X13,–,13.0,3.82,6.00,6      ,0.437,  7/16,  1/4 ,–,2.16,2  1/8 ,0.343,  5/16,0.813, 13/16,–,4  3/8 ,1  3/8 ,–,0.380,–,10.5,–,–,–,–,17.3,5.78,2.13,–,7.29,–,1.05,0.638,0.524,0.514,1.35,0.318,–,–,–,–,0.689,5.66,0.007244,–,–,0.237,–,7.19,2.37,0.858,–
C,C6X10.5,C6X10.5,–,10.5,3.07,6.00,6      ,0.314,  5/16,  3/16,–,2.03,2      ,0.343,  5/16,0.813, 13/16,–,4  3/8 ,1  1/8 ,–,0.486,–,14.7,–,–,–,–,15.1,5.04,2.22,–,6.18,–,0.860,0.561,0.529,0.500,1.14,0.256,–,–,–,–,0.669,5.66,0.004487,–,–,0.128,–,5.91,2.48,0.842,–
C,C6X8.2,C6X8.2,–,8.20,2.39,6.00,6      ,0.200,  3/16,  1/8 ,–,1.92,1  7/8 ,0.343,  5/16,0.813, 13/16,–,4  3/8 ,1  1/8 ,–,0.599,–,23.0,–,–,–,–,13.1,4.35,2.34,–,5.16,–,0.687,0.488,0.536,0.512,0.987,0.199,–,–,–,–,0.643,5.66,0.002989,–,–,0.0736,–,4.70,2.65,0.824,–
,,,,,,,,,,,,,,,,,,,,,,,,,,,,,,,,,,,,,,,,,,,,,,,,,,,,,,,
C,C5X9,C5X9,–,9.00,2.64,5.00,5      ,0.325,  5/16,  3/16,–,1.89,1  7/8 ,0.320,  5/16,0.750,  3/4 ,–,3  1/2 ,1  1/8 ,–,0.427,–,11.1,–,–,–,–,8.89,3.56,1.84,–,4.39,–,0.624,0.444,0.486,0.478,0.913,0.264,–,–,–,–,0.616,4.68,0.006542,–,–,0.109,–,2.93,2.10,0.815,–
C,C5X6.7,C5X6.7,–,6.70,1.97,5.00,5      ,0.190,  3/16,  1/8 ,–,1.75,1  3/4 ,0.320,  5/16,0.750,  3/4 ,–,3  1/2 ,–,–,0.552,–,19.1,–,–,–,–,7.48,2.99,1.95,–,3.55,–,0.470,0.372,0.489,0.484,0.757,0.215,–,–,–,–,0.584,4.68,0.003923,–,–,0.0549,–,2.22,2.26,0.790,–
,,,,,,,,,,,,,,,,,,,,,,,,,,,,,,,,,,,,,,,,,,,,,,,,,,,,,,,
C,C4X7.25,C4X7.25,–,7.25,2.13,4.00,4      ,0.321,  5/16,  3/16,–,1.72,1  3/4 ,0.296,  5/16,0.750,  3/4 ,–,2  1/2 ,1      ,–,0.386,–,8.41,–,–,–,–,4.58,2.29,1.47,–,2.84,–,0.425,0.337,0.447,0.459,0.695,0.266,–,–,–,–,0.563,3.70,0.009642,–,–,0.0817,–,1.24,1.75,0.767,–
C,C4X6.25,C4X6.25,–,6.25,1.84,4.00,4      ,0.247,  1/4 ,  1/8 ,–,1.65,1  5/8 ,0.296,  5/16,0.750,  3/4 ,–,2  1/2 ,–,–,0.447,–,10.9,–,–,–,–,4.19,2.10,1.51,–,2.55,–,0.374,0.312,0.451,0.453,0.623,0.233,–,–,–,–,0.549,3.70,0.007066,–,–,0.0549,–,1.07,1.81,0.753,–
C,C4X5.4,C4X5.4,–,5.40,1.58,4.00,4      ,0.184,  3/16,  1/8 ,–,1.58,1  5/8 ,0.296,  5/16,0.750,  3/4 ,–,2  1/2 ,–,–,0.501,–,14.7,–,–,–,–,3.85,1.92,1.56,–,2.29,–,0.312,0.277,0.444,0.457,0.565,0.231,–,–,–,–,0.528,3.70,0.005617,–,–,0.0399,–,0.921,1.88,0.742,–
C,C4X4.5,C4X4.5,–,4.50,1.34,4.00,4      ,0.125,  1/8 ,  1/16,–,1.52,1  1/2 ,0.296,  5/16,0.750,  3/4 ,–,2  1/2 ,–,–,0.556,–,21.6,–,–,–,–,3.53,1.77,1.62,–,2.05,–,0.265,0.253,0.445,0.473,0.495,0.305,–,–,–,–,0.506,3.70,0.004672,–,–,0.0306,–,0.778,1.97,0.727,–
,,,,,,,,,,,,,,,,,,,,,,,,,,,,,,,,,,,,,,,,,,,,,,,,,,,,,,,
C,C3X6,C3X6,–,6.00,1.76,3.00,3      ,0.356,  3/8 ,  3/16,–,1.60,1  5/8 ,0.273,  1/4 ,0.688, 11/16,–,1  5/8 ,–,–,0.322,–,5.03,–,–,–,–,2.07,1.38,1.09,–,1.74,–,0.300,0.263,0.413,0.455,0.543,0.294,–,–,–,–,0.519,2.73,0.019244,–,–,0.0725,–,0.462,1.40,0.690,–
C,C3X5,C3X5,–,5.00,1.47,3.00,3      ,0.258,  1/4 ,  1/8 ,–,1.50,1  1/2 ,0.273,  1/4 ,0.688, 11/16,–,1  5/8 ,–,–,0.392,–,6.94,–,–,–,–,1.85,1.23,1.12,–,1.52,–,0.241,0.228,0.405,0.439,0.464,0.245,–,–,–,–,0.496,2.73,0.012657,–,–,0.0425,–,0.379,1.45,0.673,–
C,C3X4.1,C3X4.1,–,4.10,1.20,3.00,3      ,0.170,  3/16,  1/8 ,–,1.41,1  3/8 ,0.273,  1/4 ,0.688, 11/16,–,1  5/8 ,–,–,0.461,–,10.5,–,–,–,–,1.65,1.10,1.18,–,1.32,–,0.191,0.196,0.398,0.437,0.399,0.262,–,–,–,–,0.469,2.73,0.008958,–,–,0.0269,–,0.307,1.53,0.655,–
C,C3X3.5,C3X3.5,–,3.50,1.09,3.00,3      ,0.132,  1/8 ,  1/16,–,1.37,1  3/8 ,0.273,  1/4 ,0.688, 11/16,–,1  5/8 ,–,–,0.493,–,13.6,–,–,–,–,1.57,1.04,1.20,–,1.24,–,0.169,0.182,0.394,0.443,0.364,0.296,–,–,–,–,0.456,2.73,0.007960,–,–,0.0226,–,0.276,1.57,0.646,–
,,,,,,,,,,,,,,,,,,,,,,,,,,,,,,,,,,,,,,,,,,,,,,,,,,,,,,,
MC,MC18X58,MC18X58,–,58.0,17.1,18.0,18      ,0.700, 11/16,  3/8 ,–,4.20,4  1/4 ,0.625,  5/8 ,1.44,1  7/16,–,15  1/8 ,2  1/2 ,–,0.695,–,21.6,–,–,–,–,675,75.0,6.29,–,95.4,–,17.6,5.28,1.02,0.862,10.7,0.474,–,–,–,–,1.35,17.4,0.002153,–,–,2.81,–,1070,6.56,0.944,–
MC,MC18X51.9,MC18X51.9,–,51.9,15.3,18.0,18      ,0.600,  5/8 ,  5/16,–,4.10,4  1/8 ,0.625,  5/8 ,1.44,1  7/16,–,15  1/8 ,2  1/2 ,–,0.797,–,25.2,–,–,–,–,627,69.6,6.41,–,87.3,–,16.3,5.02,1.03,0.858,9.86,0.424,–,–,–,–,1.35,17.4,0.001676,–,–,2.03,–,985,6.70,0.939,–
MC,MC18X45.8,MC18X45.8,–,45.8,13.5,18.0,18      ,0.500,  1/2 ,  1/4 ,–,4.00,4      ,0.625,  5/8 ,1.44,1  7/16,–,15  1/8 ,2  1/2 ,–,0.909,–,30.2,–,–,–,–,578,64.2,6.55,–,79.2,–,14.9,4.77,1.05,0.866,9.14,0.374,–,–,–,–,1.34,17.4,0.001298,–,–,1.45,–,897,6.87,0.933,–
MC,MC18X42.7,MC18X42.7,–,42.7,12.6,18.0,18      ,0.450,  7/16,  1/4 ,–,3.95,4      ,0.625,  5/8 ,1.44,1  7/16,–,15  1/8 ,2  1/2 ,–,0.969,–,33.6,–,–,–,–,554,61.5,6.64,–,75.1,–,14.3,4.64,1.07,0.877,8.82,0.349,–,–,–,–,1.34,17.4,0.001149,–,–,1.23,–,852,6.97,0.930,–
,,,,,,,,,,,,,,,,,,,,,,,,,,,,,,,,,,,,,,,,,,,,,,,,,,,,,,,
MC,MC13X50,MC13X50,–,50.0,14.7,13.0,13      ,0.787, 13/16,  7/16,–,4.41,4  3/8 ,0.610,  5/8 ,1.44,1  7/16,–,10  1/8 ,2  1/2 ,–,0.815,–,13.2,–,–,–,–,314,48.3,4.62,–,60.8,–,16.4,4.77,1.06,0.974,10.2,0.566,–,–,–,–,1.41,12.4,0.004942,–,–,2.96,–,558,5.07,0.875,–
MC,MC13X40,MC13X40,–,40.0,11.7,13.0,13      ,0.560,  9/16,  5/16,–,4.19,4  1/8 ,0.610,  5/8 ,1.44,1  7/16,–,10  1/8 ,2  1/2 ,–,1.03,–,18.5,–,–,–,–,273,41.9,4.82,–,51.2,–,13.7,4.24,1.08,0.963,8.66,0.452,–,–,–,–,1.38,12.4,0.002983,–,–,1.55,–,462,5.32,0.859,–
MC,MC13X35,MC13X35,–,35.0,10.3,13.0,13      ,0.447,  7/16,  1/4 ,–,4.07,4  1/8 ,0.610,  5/8 ,1.44,1  7/16,–,10  1/8 ,2  1/2 ,–,1.16,–,23.2,–,–,–,–,252,38.8,4.95,–,46.5,–,12.3,3.97,1.09,0.980,8.04,0.396,–,–,–,–,1.35,12.4,0.002349,–,–,1.13,–,412,5.50,0.849,–
MC,MC13X31.8,MC13X31.8,–,31.8,9.35,13.0,13      ,0.375,  3/8 ,  3/16,–,4.00,4      ,0.610,  5/8 ,1.44,1  7/16,–,10  1/8 ,2  1/2 ,–,1.24,–,27.6,–,–,–,–,239,36.7,5.05,–,43.4,–,11.4,3.79,1.10,1.00,7.69,0.360,–,–,–,–,1.34,12.4,0.002059,–,–,0.937,–,380,5.64,0.842,–
,,,,,,,,,,,,,,,,,,,,,,,,,,,,,,,,,,,,,,,,,,,,,,,,,,,,,,,
MC,MC12X50,MC12X50,–,50.0,14.7,12.0,12      ,0.835, 13/16,  7/16,–,4.14,4  1/8 ,0.700, 11/16,1.31,1  5/16,–,9  3/8 ,2  1/2 ,–,0.741,–,11.0,–,–,–,–,269,44.9,4.28,–,56.5,–,17.4,5.64,1.09,1.05,10.9,0.613,–,–,–,–,1.37,11.3,0.006366,–,–,3.23,–,411,4.77,0.859,–
MC,MC12X45,MC12X45,–,45.0,13.2,12.0,12      ,0.710, 11/16,  3/8 ,–,4.01,4      ,0.700, 11/16,1.31,1  5/16,–,9  3/8 ,2  1/2 ,–,0.844,–,13.0,–,–,–,–,251,41.9,4.36,–,52.0,–,15.8,5.30,1.09,1.04,10.1,0.550,–,–,–,–,1.35,11.3,0.004921,–,–,2.33,–,373,4.88,0.851,–
MC,MC12X40,MC12X40,–,40.0,11.8,12.0,12      ,0.590,  9/16,  5/16,–,3.89,3  7/8 ,0.700, 11/16,1.31,1  5/16,–,9  3/8 ,2  1/2 ,–,0.952,–,15.6,–,–,–,–,234,39.0,4.46,–,47.7,–,14.2,4.98,1.10,1.04,9.31,0.490,–,–,–,–,1.33,11.3,0.003835,–,–,1.69,–,336,5.01,0.842,–
MC,MC12X35,MC12X35,–,35.0,10.3,12.0,12      ,0.465,  7/16,  1/4 ,–,3.77,3  3/4 ,0.700, 11/16,1.31,1  5/16,–,9  3/8 ,2  1/2 ,–,1.07,–,19.8,–,–,–,–,216,36.0,4.59,–,43.2,–,12.6,4.64,1.11,1.05,8.62,0.428,–,–,–,–,1.30,11.3,0.003048,–,–,1.24,–,297,5.18,0.831,–
MC,MC12X31,MC12X31,–,31.0,9.12,12.0,12      ,0.370,  3/8 ,  3/16,–,3.67,3  5/8 ,0.700, 11/16,1.31,1  5/16,–,9  3/8 ,2  1/4 ,–,1.17,–,24.9,–,–,–,–,202,33.7,4.71,–,39.7,–,11.3,4.37,1.11,1.08,8.15,0.425,–,–,–,–,1.28,11.3,0.002626,–,–,1.00,–,267,5.34,0.822,–
,,,,,,,,,,,,,,,,,,,,,,,,,,,,,,,,,,,,,,,,,,,,,,,,,,,,,,,
MC,MC12X14.3,MC12X14.3,–,14.3,4.18,12.0,12      ,0.250,  1/4 ,  1/8 ,–,2.12,2  1/8 ,0.313,  5/16,0.750,  3/4 ,–,10  1/2 ,1  1/4 ,–,0.435,–,42.6,–,–,–,–,76.1,12.7,4.27,–,15.9,–,1.00,0.574,0.489,0.377,1.21,0.174,–,–,–,–,0.672,11.7,0.000787,–,–,0.117,–,32.8,4.37,0.965,–
,,,,,,,,,,,,,,,,,,,,,,,,,,,,,,,,,,,,,,,,,,,,,,,,,,,,,,,
MC,MC12X10.6,MC12X10.6,–,10.6,3.10,12.0,12      ,0.190,  3/16,  1/8 ,–,1.50,1  1/2 ,0.309,  5/16,0.750,  3/4 ,–,10  1/2 ,–,–,0.284,–,56.5,–,–,–,–,55.3,9.22,4.22,–,11.6,–,0.378,0.307,0.349,0.269,0.635,0.129,–,–,–,–,0.478,11.7,0.000552,–,–,0.0596,–,11.7,4.27,0.983,–
,,,,,,,,,,,,,,,,,,,,,,,,,,,,,,,,,,,,,,,,,,,,,,,,,,,,,,,
MC,MC10X41.1,MC10X41.1,–,41.1,12.1,10.0,10      ,0.796, 13/16,  7/16,–,4.32,4  3/8 ,0.575,  9/16,1.31,1  5/16,–,7  3/8 ,2  1/2 ,–,0.864,–,9.15,–,–,–,–,157,31.5,3.61,–,39.3,–,15.7,4.85,1.14,1.09,9.49,0.604,–,–,–,–,1.44,9.43,0.007608,–,–,2.26,–,269,4.26,0.790,–
MC,MC10X33.6,MC10X33.6,–,33.6,9.87,10.0,10      ,0.575,  9/16,  5/16,–,4.10,4  1/8 ,0.575,  9/16,1.31,1  5/16,–,7  3/8 ,2  1/2 ,–,1.06,–,12.7,–,–,–,–,139,27.8,3.75,–,33.7,–,13.1,4.35,1.15,1.09,8.28,0.494,–,–,–,–,1.40,9.43,0.004577,–,–,1.20,–,224,4.47,0.770,–
MC,MC10X28.5,MC10X28.5,–,28.5,8.37,10.0,10      ,0.425,  7/16,  1/4 ,–,3.95,4      ,0.575,  9/16,1.31,1  5/16,–,7  3/8 ,2  1/2 ,–,1.21,–,17.1,–,–,–,–,126,25.3,3.89,–,30.0,–,11.3,3.99,1.16,1.12,7.59,0.419,–,–,–,–,1.36,9.43,0.003315,–,–,0.791,–,193,4.68,0.752,–
,,,,,,,,,,,,,,,,,,,,,,,,,,,,,,,,,,,,,,,,,,,,,,,,,,,,,,,
MC,MC10X25,MC10X25,–,25.0,7.34,10.0,10      ,0.380,  3/8 ,  3/16,–,3.41,3  3/8 ,0.575,  9/16,1.31,1  5/16,–,7  3/8 ,2      ,–,1.03,–,19.4,–,–,–,–,110,22.0,3.87,–,26.2,–,7.25,2.96,0.993,0.953,5.65,0.367,–,–,–,–,1.17,9.43,0.003075,–,–,0.638,–,124,4.46,0.803,–
MC,MC10X22,MC10X22,–,22.0,6.45,10.0,10      ,0.290,  5/16,  3/16,–,3.32,3  3/8 ,0.575,  9/16,1.31,1  5/16,–,7  3/8 ,2      ,–,1.12,–,25.4,–,–,–,–,102,20.5,3.99,–,23.9,–,6.40,2.75,0.997,0.990,5.29,0.467,–,–,–,–,1.14,9.43,0.002638,–,–,0.510,–,110,4.62,0.791,–
,,,,,,,,,,,,,,,,,,,,,,,,,,,,,,,,,,,,,,,,,,,,,,,,,,,,,,,
MC,MC10X8.4,MC10X8.4,–,8.40,2.46,10.0,10      ,0.170,  3/16,  1/8 ,–,1.50,1  1/2 ,0.280,  1/4 ,0.750,  3/4 ,–,8  1/2 ,–,–,0.332,–,51.7,–,–,–,–,31.9,6.39,3.61,–,7.92,–,0.326,0.268,0.364,0.284,0.548,0.123,–,–,–,–,0.486,9.72,0.000665,–,–,0.0413,–,7.00,3.68,0.972,–
MC,MC10X6.5,MC10X6.5,–,6.50,1.95,10.0,10      ,0.152,  1/8 ,  1/16,–,1.17,1  1/8 ,0.202,  3/16,0.563,  9/16,–,8  7/8 ,–,–,0.182,–,59.2,–,–,–,–,22.9,4.59,3.43,–,5.90,–,0.133,0.137,0.262,0.194,0.284,0.0975,–,–,–,–,0.363,9.80,0.000425,–,–,0.0191,–,2.76,3.46,0.988,–
,,,,,,,,,,,,,,,,,,,,,,,,,,,,,,,,,,,,,,,,,,,,,,,,,,,,,,,
MC,MC9X25.4,MC9X25.4,–,25.4,7.47,9.00,9      ,0.450,  7/16,  1/4 ,–,3.50,3  1/2 ,0.550,  9/16,1.25,1  1/4 ,–,6  1/2 ,2      ,–,0.986,–,14.4,–,–,–,–,87.9,19.5,3.43,–,23.5,–,7.57,2.99,1.01,0.970,5.70,0.415,–,–,–,–,1.20,8.45,0.004194,–,–,0.691,–,104,4.08,0.770,–
MC,MC9X23.9,MC9X23.9,–,23.9,7.02,9.00,9      ,0.400,  3/8 ,  3/16,–,3.45,3  1/2 ,0.550,  9/16,1.25,1  1/4 ,–,6  1/2 ,2      ,–,1.04,–,16.1,–,–,–,–,84.9,18.9,3.48,–,22.5,–,7.14,2.89,1.01,0.981,5.51,0.390,–,–,–,–,1.18,8.45,0.003751,–,–,0.599,–,98.0,4.15,0.763,–
,,,,,,,,,,,,,,,,,,,,,,,,,,,,,,,,,,,,,,,,,,,,,,,,,,,,,,,
MC,MC8X22.8,MC8X22.8,–,22.8,6.70,8.00,8      ,0.427,  7/16,  1/4 ,–,3.50,3  1/2 ,0.525,  1/2 ,1.19,1  3/16,–,5  5/8 ,2      ,–,1.04,–,13.0,–,–,–,–,63.8,15.9,3.09,–,19.1,–,7.01,2.81,1.02,1.01,5.37,0.419,–,–,–,–,1.20,7.48,0.004809,–,–,0.572,–,75.2,3.84,0.715,–
MC,MC8X21.4,MC8X21.4,–,21.4,6.28,8.00,8      ,0.375,  3/8 ,  3/16,–,3.45,3  1/2 ,0.525,  1/2 ,1.19,1  3/16,–,5  5/8 ,2      ,–,1.09,–,14.8,–,–,–,–,61.5,15.4,3.13,–,18.2,–,6.58,2.71,1.02,1.02,5.18,0.452,–,–,–,–,1.18,7.48,0.004297,–,–,0.495,–,70.8,3.91,0.707,–
,,,,,,,,,,,,,,,,,,,,,,,,,,,,,,,,,,,,,,,,,,,,,,,,,,,,,,,
MC,MC8X20,MC8X20,–,20.0,5.87,8.00,8      ,0.400,  3/8 ,  3/16,–,3.03,3      ,0.500,  1/2 ,1.13,1  1/8 ,–,5  3/4 ,2      ,–,0.843,–,14.3,–,–,–,–,54.4,13.6,3.04,–,16.4,–,4.42,2.02,0.867,0.840,3.86,0.367,–,–,–,–,1.03,7.50,0.004324,–,–,0.441,–,47.8,3.58,0.779,–
MC,MC8X18.7,MC8X18.7,–,18.7,5.50,8.00,8      ,0.353,  3/8 ,  3/16,–,2.98,3      ,0.500,  1/2 ,1.13,1  1/8 ,–,5  3/4 ,2      ,–,0.889,–,16.2,–,–,–,–,52.4,13.1,3.09,–,15.6,–,4.15,1.95,0.868,0.849,3.72,0.344,–,–,–,–,1.02,7.50,0.003868,–,–,0.380,–,45.0,3.65,0.773,–
,,,,,,,,,,,,,,,,,,,,,,,,,,,,,,,,,,,,,,,,,,,,,,,,,,,,,,,
MC,MC8X8.5,MC8X8.5,–,8.50,2.50,8.00,8      ,0.179,  3/16,  1/8 ,–,1.87,1  7/8 ,0.311,  5/16,0.813, 13/16,–,6  3/8 ,1  1/8 ,–,0.542,–,37.3,–,–,–,–,23.3,5.82,3.05,–,6.95,–,0.624,0.431,0.500,0.428,0.875,0.156,–,–,–,–,0.624,7.69,0.001312,–,–,0.0587,–,8.21,3.24,0.910,–
,,,,,,,,,,,,,,,,,,,,,,,,,,,,,,,,,,,,,,,,,,,,,,,,,,,,,,,
MC,MC7X22.7,MC7X22.7,–,22.7,6.67,7.00,7      ,0.503,  1/2 ,  1/4 ,–,3.60,3  5/8 ,0.500,  1/2 ,1.13,1  1/8 ,–,4  3/4 ,2      ,–,1.01,–,9.22,–,–,–,–,47.4,13.5,2.67,–,16.4,–,7.24,2.83,1.04,1.04,5.38,0.477,–,–,–,–,1.23,6.50,0.007123,–,–,0.625,–,58.3,3.53,0.659,–
MC,MC7X19.1,MC7X19.1,–,19.1,5.61,7.00,7      ,0.352,  3/8 ,  3/16,–,3.45,3  1/2 ,0.500,  1/2 ,1.13,1  1/8 ,–,4  3/4 ,2      ,–,1.15,–,13.2,–,–,–,–,43.1,12.3,2.77,–,14.5,–,6.06,2.55,1.04,1.08,4.85,0.579,–,–,–,–,1.19,6.50,0.005091,–,–,0.407,–,49.3,3.70,0.638,–
,,,,,,,,,,,,,,,,,,,,,,,,,,,,,,,,,,,,,,,,,,,,,,,,,,,,,,,
MC,MC6X18,MC6X18,–,18.0,5.29,6.00,6      ,0.379,  3/8 ,  3/16,–,3.50,3  1/2 ,0.475,  1/2 ,1.06,1  1/16,–,3  7/8 ,2      ,–,1.17,–,9.81,–,–,–,–,29.7,9.89,2.37,–,11.7,–,5.88,2.47,1.05,1.12,4.68,0.644,–,–,–,–,1.20,5.53,0.006930,–,–,0.379,–,34.6,3.46,0.563,–
MC,MC6X15.3,MC6X15.3,–,15.3,4.49,6.00,6      ,0.340,  5/16,  3/16,–,3.50,3  1/2 ,0.385,  3/8 ,0.875,  7/8 ,–,4  1/4 ,2      ,–,1.16,–,11.9,–,–,–,–,25.3,8.44,2.38,–,9.91,–,4.91,2.01,1.05,1.05,3.85,0.511,–,–,–,–,1.20,5.62,0.004701,–,–,0.223,–,30.0,3.41,0.579,–
,,,,,,,,,,,,,,,,,,,,,,,,,,,,,,,,,,,,,,,,,,,,,,,,,,,,,,,
MC,MC6X16.3,MC6X16.3,–,16.3,4.79,6.00,6      ,0.375,  3/8 ,  3/16,–,3.00,3      ,0.475,  1/2 ,1.06,1  1/16,–,3  7/8 ,1  3/4 ,–,0.930,–,10.1,–,–,–,–,26.0,8.66,2.33,–,10.4,–,3.77,1.82,0.887,0.927,3.47,0.465,–,–,–,–,1.03,5.53,0.007016,–,–,0.336,–,22.1,3.11,0.643,–
MC,MC6X15.1,MC6X15.1,–,15.1,4.44,6.00,6      ,0.316,  5/16,  3/16,–,2.94,3      ,0.475,  1/2 ,1.06,1  1/16,–,3  7/8 ,1  3/4 ,–,0.982,–,12.0,–,–,–,–,24.9,8.30,2.37,–,9.83,–,3.46,1.73,0.883,0.940,3.30,0.543,–,–,–,–,1.01,5.53,0.006209,–,–,0.285,–,20.5,3.18,0.634,–
,,,,,,,,,,,,,,,,,,,,,,,,,,,,,,,,,,,,,,,,,,,,,,,,,,,,,,,
MC,MC6X12,MC6X12,–,12.0,3.53,6.00,6      ,0.310,  5/16,  3/16,–,2.50,2  1/2 ,0.375,  3/8 ,0.875,  7/8 ,–,4  1/4 ,1  1/2 ,–,0.725,–,13.7,–,–,–,–,18.7,6.24,2.30,–,7.47,–,1.85,1.03,0.724,0.704,1.97,0.294,–,–,–,–,0.856,5.63,0.004412,–,–,0.155,–,11.3,2.80,0.740,–
,,,,,,,,,,,,,,,,,,,,,,,,,,,,,,,,,,,,,,,,,,,,,,,,,,,,,,,
MC,MC6X7,MC6X7,–,7.00,2.09,6.00,6      ,0.179,  3/16,  1/8 ,–,1.88,1  7/8 ,0.291,  5/16,0.750,  3/4 ,–,4  1/2 ,–,–,0.583,–,25.1,–,–,–,–,11.4,3.81,2.34,–,4.50,–,0.603,0.439,0.537,0.501,0.865,0.174,–,–,–,–,0.638,5.71,0.002133,–,–,0.0464,–,4.00,2.63,0.830,–
MC,MC6X6.5,MC6X6.5,–,6.50,1.95,6.00,6      ,0.155,  1/8 ,  1/16,–,1.85,1  7/8 ,0.291,  5/16,0.750,  3/4 ,–,4  1/2 ,–,–,0.612,–,29.0,–,–,–,–,11.0,3.66,2.38,–,4.28,–,0.565,0.422,0.539,0.513,0.836,0.191,–,–,–,–,0.631,5.71,0.001971,–,–,0.0412,–,3.75,2.68,0.824,–
,,,,,,,,,,,,,,,,,,,,,,,,,,,,,,,,,,,,,,,,,,,,,,,,,,,,,,,
MC,MC4X13.8,MC4X13.8,–,13.8,4.03,4.00,4      ,0.500,  1/2 ,  1/4 ,–,2.50,2  1/2 ,0.500,  1/2 ,1.00,1      ,–,2      ,–,–,0.643,–,4.05,–,–,–,–,8.85,4.43,1.48,–,5.53,–,2.13,1.29,0.727,0.849,2.40,0.508,–,–,–,–,0.851,3.50,0.024057,–,–,0.373,–,4.84,2.23,0.550,–
,,,,,,,,,,,,,,,,,,,,,,,,,,,,,,,,,,,,,,,,,,,,,,,,,,,,,,,
MC,MC3X7.1,MC3X7.1,–,7.10,2.11,3.00,3      ,0.312,  5/16,  3/16,–,1.94,2      ,0.351,  3/8 ,0.813, 13/16,–,1  3/8 ,–,–,0.574,–,4.43,–,–,–,–,2.72,1.81,1.14,–,2.24,–,0.666,0.518,0.562,0.653,0.998,0.414,–,–,–,–,0.657,2.65,0.019347,–,–,0.0928,–,0.915,1.76,0.516,–
,,,,,,,,,,,,,,,,,,,,,,,,,,,,,,,,,,,,,,,,,,,,,,,,,,,,,,,
L,L12X12X1-3/8,L12X12X1-3/8,–,105,31.1,12.0,–,–,1  3/8 ,–,–,–,–,–,–,2.09,2  1/16,–,–,–,–,–,–,–,–,–,–,–,413,48.6,3.64,3.50,88.1,1.30,413,48.6,3.64,3.50,88.1,1.30,165,33.3,2.30,1.00,–,–,–,–,–,19.9,–,211,6.51,0.627,–
L,L12X12X1-1/4,L12X12X1-1/4,–,96.4,28.4,12.0,–,–,1  1/4 ,–,–,–,–,–,–,1.96,1 15/16,–,–,–,–,–,–,–,–,–,–,–,381,44.6,3.66,3.45,80.7,1.18,381,44.6,3.66,3.45,80.7,1.18,152,31.1,2.31,1.00,–,–,–,–,–,14.9,–,160,6.54,0.627,–
L,L12X12X1-1/8,L12X12X1-1/8,–,87.2,25.8,12.0,–,–,1  1/8 ,–,–,–,–,–,–,1.84,1 13/16,–,–,–,–,–,–,–,–,–,–,–,350,40.7,3.68,3.41,73.7,1.08,350,40.7,3.68,3.41,73.7,1.08,140,29.0,2.33,1.00,–,–,–,–,–,11.1,–,120,6.58,0.626,–
L,L12X12X1,L12X12X1,–,77.8,23.0,12.0,–,–,1      ,–,–,–,–,–,–,1.71,1 11/16,–,–,–,–,–,–,–,–,–,–,–,315,36.5,3.70,3.36,65.9,0.958,315,36.5,3.70,3.36,65.9,0.958,126,26.5,2.34,1.00,–,–,–,–,–,7.80,–,84.5,6.61,0.626,–
,,,,,,,,,,,,,,,,,,,,,,,,,,,,,,,,,,,,,,,,,,,,,,,,,,,,,,,
L,L10X10X1-3/8,L10X10X1-3/8,–,87.1,25.6,10.0,–,–,1  3/8 ,–,–,–,–,–,–,2.18,2  3/16,–,–,–,–,–,–,–,–,–,–,–,231,33.0,3.00,3.00,59.9,1.28,231,33.0,3.00,3.00,59.8,1.28,93.3,22.0,1.91,1.00,–,–,–,–,–,16.4,–,118,5.36,0.629,–
L,L10X10X1-1/4,L10X10X1-1/4,–,79.9,23.4,10.0,–,–,1  1/4 ,–,–,–,–,–,–,2.05,2  1/16,–,–,–,–,–,–,–,–,–,–,–,213,30.2,3.02,2.95,54.9,1.17,213,30.2,3.02,2.95,54.9,1.17,85.4,20.5,1.91,1.00,–,–,–,–,–,12.3,–,89.4,5.39,0.628,–
L,L10X10X1-1/8,L10X10X1-1/8,–,72.3,21.3,10.0,–,–,1  1/8 ,–,–,–,–,–,–,1.93,1 15/16,–,–,–,–,–,–,–,–,–,–,–,196,27.6,3.03,2.90,50.2,1.07,196,27.6,3.03,2.90,50.2,1.07,78.2,19.1,1.92,1.00,–,–,–,–,–,9.21,–,67.3,5.41,0.627,–
L,L10X10X1,L10X10X1,–,64.7,19.0,10.0,–,–,1      ,–,–,–,–,–,–,1.80,1 13/16,–,–,–,–,–,–,–,–,–,–,–,177,24.8,3.05,2.86,45.0,0.950,177,24.8,3.05,2.86,45.0,0.950,70.4,17.4,1.92,1.00,–,–,–,–,–,6.46,–,47.6,5.46,0.626,–
L,L10X10X7/8,L10X10X7/8,–,56.9,16.8,10.0,–,–,  7/8 ,–,–,–,–,–,–,1.68,1 11/16,–,–,–,–,–,–,–,–,–,–,–,158,21.9,3.07,2.80,39.9,0.840,158,21.9,3.07,2.80,39.9,0.840,62.8,15.9,1.93,1.00,–,–,–,–,–,4.39,–,32.5,5.47,0.627,–
L,L10X10X3/4,L10X10X3/4,–,49.1,14.5,10.0,–,–,  3/4 ,–,–,–,–,–,–,1.55,1  9/16,–,–,–,–,–,–,–,–,–,–,–,139,19.2,3.10,2.76,34.6,0.725,139,19.2,3.10,2.76,34.6,0.725,55.7,14.3,1.96,1.00,–,–,–,–,–,2.80,–,20.9,5.53,0.628,–
,,,,,,,,,,,,,,,,,,,,,,,,,,,,,,,,,,,,,,,,,,,,,,,,,,,,,,,
L,L8X8X1-1/8,L8X8X1-1/8,–,56.9,16.8,8.00,–,–,1  1/8 ,–,–,–,–,–,–,1.75,1  3/4 ,–,–,–,–,–,–,–,–,–,–,–,98.1,17.5,2.41,2.40,31.6,1.05,98.1,17.5,2.41,2.40,31.6,1.05,40.7,12.0,1.56,1.00,–,–,–,–,–,7.13,–,32.5,4.29,0.630,–
L,L8X8X1,L8X8X1,–,51.0,15.1,8.00,–,–,1      ,–,–,–,–,–,–,1.63,1  5/8 ,–,–,–,–,–,–,–,–,–,–,–,89.1,15.8,2.43,2.36,28.5,0.944,89.1,15.8,2.43,2.36,28.5,0.944,36.8,11.0,1.56,1.00,–,–,–,–,–,5.08,–,23.4,4.32,0.630,–
L,L8X8X7/8,L8X8X7/8,–,45.0,13.3,8.00,–,–,  7/8 ,–,–,–,–,–,–,1.50,1  1/2 ,–,–,–,–,–,–,–,–,–,–,–,79.7,14.0,2.45,2.31,25.3,0.831,79.7,14.0,2.45,2.31,25.3,0.831,32.7,10.0,1.57,1.00,–,–,–,–,–,3.46,–,16.1,4.36,0.630,–
L,L8X8X3/4,L8X8X3/4,–,38.9,11.5,8.00,–,–,  3/4 ,–,–,–,–,–,–,1.38,1  3/8 ,–,–,–,–,–,–,–,–,–,–,–,69.9,12.2,2.46,2.26,22.0,0.719,69.9,12.2,2.46,2.26,22.0,0.719,28.5,8.91,1.57,1.00,–,–,–,–,–,2.21,–,10.4,4.39,0.630,–
L,L8X8X5/8,L8X8X5/8,–,32.7,9.69,8.00,–,–,  5/8 ,–,–,–,–,–,–,1.25,1  1/4 ,–,–,–,–,–,–,–,–,–,–,–,59.6,10.3,2.48,2.21,18.6,0.606,59.6,10.3,2.48,2.21,18.6,0.606,24.2,7.73,1.58,1.00,–,–,–,–,–,1.30,–,6.16,4.42,0.630,–
L,L8X8X9/16,L8X8X9/16,–,29.6,8.77,8.00,–,–,  9/16,–,–,–,–,–,–,1.19,1  3/16,–,–,–,–,–,–,–,–,–,–,–,54.2,9.33,2.49,2.19,16.8,0.548,54.2,9.33,2.49,2.19,16.8,0.548,21.9,7.06,1.58,1.00,–,–,–,–,–,0.961,–,4.55,4.43,0.630,–
L,L8X8X1/2,L8X8X1/2,–,26.4,7.84,8.00,–,–,  1/2 ,–,–,–,–,–,–,1.13,1  1/8 ,–,–,–,–,–,–,–,–,–,–,–,48.8,8.36,2.49,2.17,15.1,0.490,48.8,8.36,2.49,2.17,15.1,0.490,19.8,6.45,1.59,1.00,–,–,–,–,–,0.683,–,3.23,4.45,0.630,–
,,,,,,,,,,,,,,,,,,,,,,,,,,,,,,,,,,,,,,,,,,,,,,,,,,,,,,,
L,L8X6X1,L8X6X1,–,44.2,13.1,6.00,–,–,1      ,–,–,–,–,–,–,1.50,1  1/2 ,–,–,–,–,–,–,–,–,–,–,–,80.9,15.1,2.49,2.65,27.3,1.45,38.8,8.92,1.72,1.65,16.2,0.819,21.3,7.61,1.28,0.542,–,–,–,–,–,4.34,–,16.3,3.88,–,–
L,L8X6X7/8,L8X6X7/8,–,39.1,11.5,6.00,–,–,  7/8 ,–,–,–,–,–,–,1.38,1  3/8 ,–,–,–,–,–,–,–,–,–,–,–,72.4,13.4,2.50,2.60,24.3,1.43,34.9,7.94,1.74,1.60,14.4,0.719,18.9,6.70,1.28,0.546,–,–,–,–,–,2.96,–,11.3,3.92,–,–
L,L8X6X3/4,L8X6X3/4,–,33.8,9.99,6.00,–,–,  3/4 ,–,–,–,–,–,–,1.25,1  1/4 ,–,–,–,–,–,–,–,–,–,–,–,63.5,11.7,2.52,2.55,21.1,1.34,30.8,6.92,1.75,1.56,12.5,0.624,16.6,5.85,1.29,0.550,–,–,–,–,–,1.90,–,7.28,3.95,–,–
L,L8X6X5/8,L8X6X5/8,–,28.5,8.41,6.00,–,–,  5/8 ,–,–,–,–,–,–,1.13,1  1/8 ,–,–,–,–,–,–,–,–,–,–,–,54.2,9.86,2.54,2.50,17.9,1.27,26.4,5.88,1.77,1.51,10.5,0.526,14.1,4.91,1.29,0.554,–,–,–,–,–,1.12,–,4.33,3.98,–,–
L,L8X6X9/16,L8X6X9/16,–,25.7,7.61,6.00,–,–,  9/16,–,–,–,–,–,–,1.06,1  1/16,–,–,–,–,–,–,–,–,–,–,–,49.4,8.94,2.55,2.48,16.2,1.24,24.1,5.34,1.78,1.49,9.52,0.476,12.8,4.46,1.30,0.556,–,–,–,–,–,0.823,–,3.20,3.99,–,–
L,L8X6X1/2,L8X6X1/2,–,23.0,6.80,6.00,–,–,  1/2 ,–,–,–,–,–,–,1.00,1      ,–,–,–,–,–,–,–,–,–,–,–,44.4,8.01,2.55,2.46,14.6,1.20,21.7,4.79,1.79,1.46,8.52,0.425,11.5,3.98,1.30,0.557,–,–,–,–,–,0.584,–,2.28,4.01,–,–
L,L8X6X7/16,L8X6X7/16,–,20.2,5.99,6.00,–,–,  7/16,–,–,–,–,–,–,0.938, 15/16,–,–,–,–,–,–,–,–,–,–,–,39.3,7.06,2.56,2.43,12.9,1.15,19.3,4.23,1.80,1.44,7.50,0.374,10.2,3.52,1.31,0.559,–,–,–,–,–,0.396,–,1.55,4.02,–,–
,,,,,,,,,,,,,,,,,,,,,,,,,,,,,,,,,,,,,,,,,,,,,,,,,,,,,,,
L,L8X4X1,L8X4X1,–,37.4,11.1,4.00,–,–,1      ,–,–,–,–,–,–,1.50,1  1/2 ,–,–,–,–,–,–,–,–,–,–,–,69.7,14.0,2.51,3.03,24.3,2.45,11.6,3.94,1.03,1.04,7.73,0.694,7.83,3.45,0.844,0.247,–,–,–,–,–,3.68,–,12.9,3.75,–,–
L,L8X4X7/8,L8X4X7/8,–,33.1,9.79,4.00,–,–,  7/8 ,–,–,–,–,–,–,1.38,1  3/8 ,–,–,–,–,–,–,–,–,–,–,–,62.6,12.5,2.53,2.99,21.7,2.41,10.5,3.51,1.04,0.997,6.77,0.612,6.97,3.04,0.846,0.252,–,–,–,–,–,2.51,–,8.89,3.78,–,–
L,L8X4X3/4,L8X4X3/4,–,28.7,8.49,4.00,–,–,  3/4 ,–,–,–,–,–,–,1.25,1  1/4 ,–,–,–,–,–,–,–,–,–,–,–,55.0,10.9,2.55,2.94,18.9,2.34,9.37,3.07,1.05,0.949,5.82,0.531,6.14,2.65,0.850,0.257,–,–,–,–,–,1.61,–,5.75,3.80,–,–
L,L8X4X5/8,L8X4X5/8,–,24.2,7.16,4.00,–,–,  5/8 ,–,–,–,–,–,–,1.13,1  1/8 ,–,–,–,–,–,–,–,–,–,–,–,47.0,9.20,2.56,2.89,16.1,2.27,8.11,2.62,1.06,0.902,4.86,0.448,5.24,2.24,0.856,0.262,–,–,–,–,–,0.955,–,3.42,3.83,–,–
L,L8X4X9/16,L8X4X9/16,–,21.9,6.49,4.00,–,–,  9/16,–,–,–,–,–,–,1.06,1  1/16,–,–,–,–,–,–,–,–,–,–,–,42.9,8.34,2.57,2.86,14.6,2.23,7.44,2.38,1.07,0.878,4.39,0.406,4.78,2.03,0.859,0.264,–,–,–,–,–,0.704,–,2.53,3.84,–,–
L,L8X4X1/2,L8X4X1/2,–,19.6,5.80,4.00,–,–,  1/2 ,–,–,–,–,–,–,1.00,1      ,–,–,–,–,–,–,–,–,–,–,–,38.6,7.48,2.58,2.84,13.1,2.20,6.75,2.15,1.08,0.854,3.91,0.363,4.32,1.82,0.863,0.266,–,–,–,–,–,0.501,–,1.80,3.86,–,–
L,L8X4X7/16,L8X4X7/16,–,17.2,5.11,4.00,–,–,  7/16,–,–,–,–,–,–,0.938, 15/16,–,–,–,–,–,–,–,–,–,–,–,34.2,6.59,2.59,2.81,11.6,2.16,6.03,1.90,1.09,0.829,3.42,0.319,3.84,1.61,0.867,0.268,–,–,–,–,–,0.340,–,1.22,3.87,–,–
,,,,,,,,,,,,,,,,,,,,,,,,,,,,,,,,,,,,,,,,,,,,,,,,,,,,,,,
L,L7X4X3/4,L7X4X3/4,–,26.2,7.74,4.00,–,–,  3/4 ,–,–,–,–,–,–,1.25,1  1/4 ,–,–,–,–,–,–,–,–,–,–,–,37.8,8.39,2.21,2.50,14.8,1.84,9.00,3.01,1.08,1.00,5.60,0.553,5.63,2.56,0.855,0.324,–,–,–,–,–,1.47,–,3.97,3.31,–,–
L,L7X4X5/8,L7X4X5/8,–,22.1,6.50,4.00,–,–,  5/8 ,–,–,–,–,–,–,1.13,1  1/8 ,–,–,–,–,–,–,–,–,–,–,–,32.4,7.12,2.23,2.45,12.5,1.80,7.79,2.56,1.10,0.958,4.69,0.464,4.81,2.17,0.860,0.329,–,–,–,–,–,0.868,–,2.37,3.34,–,–
L,L7X4X1/2,L7X4X1/2,–,17.9,5.26,4.00,–,–,  1/2 ,–,–,–,–,–,–,1.00,1      ,–,–,–,–,–,–,–,–,–,–,–,26.6,5.79,2.25,2.40,10.2,1.74,6.48,2.10,1.11,0.910,3.77,0.376,3.94,1.75,0.866,0.334,–,–,–,–,–,0.456,–,1.25,3.37,–,–
L,L7X4X7/16,L7X4X7/16,–,15.7,4.63,4.00,–,–,  7/16,–,–,–,–,–,–,0.938, 15/16,–,–,–,–,–,–,–,–,–,–,–,23.6,5.11,2.26,2.38,9.03,1.71,5.79,1.86,1.12,0.886,3.31,0.331,3.50,1.55,0.869,0.337,–,–,–,–,–,0.310,–,0.851,3.38,–,–
L,L7X4X3/8,L7X4X3/8,–,13.6,4.00,4.00,–,–,  3/8 ,–,–,–,–,–,–,0.875,  7/8 ,–,–,–,–,–,–,–,–,–,–,–,20.5,4.42,2.27,2.35,7.81,1.67,5.06,1.61,1.12,0.861,2.84,0.286,3.04,1.33,0.873,0.339,–,–,–,–,–,0.198,–,0.544,3.40,–,–
,,,,,,,,,,,,,,,,,,,,,,,,,,,,,,,,,,,,,,,,,,,,,,,,,,,,,,,
L,L6X6X1,L6X6X1,–,37.4,11.0,6.00,–,–,1      ,–,–,–,–,–,–,1.50,1  1/2 ,–,–,–,–,–,–,–,–,–,–,–,35.4,8.55,1.79,1.86,15.4,0.917,35.4,8.55,1.79,1.86,15.4,0.917,14.9,5.67,1.17,1.00,–,–,–,–,–,3.68,–,9.24,3.18,0.640,–
L,L6X6X7/8,L6X6X7/8,–,33.1,9.75,6.00,–,–,  7/8 ,–,–,–,–,–,–,1.38,1  3/8 ,–,–,–,–,–,–,–,–,–,–,–,31.9,7.61,1.81,1.81,13.7,0.813,31.9,7.61,1.81,1.81,13.7,0.813,13.3,5.20,1.17,1.00,–,–,–,–,–,2.51,–,6.41,3.21,0.630,–
L,L6X6X3/4,L6X6X3/4,–,28.7,8.46,6.00,–,–,  3/4 ,–,–,–,–,–,–,1.25,1  1/4 ,–,–,–,–,–,–,–,–,–,–,–,28.1,6.64,1.82,1.77,11.9,0.705,28.1,6.64,1.82,1.77,11.9,0.705,11.6,4.64,1.17,1.00,–,–,–,–,–,1.61,–,4.17,3.24,0.630,–
L,L6X6X5/8,L6X6X5/8,–,24.2,7.13,6.00,–,–,  5/8 ,–,–,–,–,–,–,1.13,1  1/8 ,–,–,–,–,–,–,–,–,–,–,–,24.1,5.64,1.84,1.72,10.1,0.594,24.1,5.64,1.84,1.72,10.1,0.594,9.81,4.04,1.17,1.00,–,–,–,–,–,0.955,–,2.50,3.28,0.630,–
L,L6X6X9/16,L6X6X9/16,–,21.9,6.45,6.00,–,–,  9/16,–,–,–,–,–,–,1.06,1  1/16,–,–,–,–,–,–,–,–,–,–,–,22.0,5.12,1.85,1.70,9.18,0.538,22.0,5.12,1.85,1.70,9.18,0.538,8.90,3.71,1.18,1.00,–,–,–,–,–,0.704,–,1.85,3.29,0.630,–
L,L6X6X1/2,L6X6X1/2,–,19.6,5.77,6.00,–,–,  1/2 ,–,–,–,–,–,–,1.00,1      ,–,–,–,–,–,–,–,–,–,–,–,19.9,4.59,1.86,1.67,8.22,0.481,19.9,4.59,1.86,1.67,8.22,0.481,8.06,3.42,1.18,1.00,–,–,–,–,–,0.501,–,1.32,3.31,0.630,–
L,L6X6X7/16,L6X6X7/16,–,17.2,5.08,6.00,–,–,  7/16,–,–,–,–,–,–,0.938, 15/16,–,–,–,–,–,–,–,–,–,–,–,17.6,4.06,1.86,1.65,7.25,0.423,17.6,4.06,1.86,1.65,7.25,0.423,7.05,3.03,1.18,1.00,–,–,–,–,–,0.340,–,0.899,3.32,0.630,–
L,L6X6X3/8,L6X6X3/8,–,14.9,4.38,6.00,–,–,  3/8 ,–,–,–,–,–,–,0.875,  7/8 ,–,–,–,–,–,–,–,–,–,–,–,15.4,3.51,1.87,1.62,6.27,0.365,15.4,3.51,1.87,1.62,6.27,0.365,6.21,2.71,1.19,1.00,–,–,–,–,–,0.218,–,0.575,3.34,0.630,–
L,L6X6X5/16,L6X6X5/16,–,12.4,3.67,6.00,–,–,  5/16,–,–,–,–,–,–,0.813, 13/16,–,–,–,–,–,–,–,–,–,–,–,13.0,2.95,1.88,1.60,5.26,0.306,13.0,2.95,1.88,1.60,5.26,0.306,5.20,2.30,1.19,1.00,–,–,–,–,–,0.129,–,0.338,3.35,0.630,–
,,,,,,,,,,,,,,,,,,,,,,,,,,,,,,,,,,,,,,,,,,,,,,,,,,,,,,,
L,L6X4X7/8,L6X4X7/8,–,27.2,8.00,4.00,–,–,  7/8 ,–,–,–,–,–,–,1.38,1  3/8 ,–,–,–,–,–,–,–,–,–,–,–,27.7,7.13,1.86,2.12,12.7,1.43,9.70,3.37,1.10,1.12,6.26,0.667,5.82,2.91,0.854,0.421,–,–,–,–,–,2.03,–,4.04,2.82,–,–
L,L6X4X3/4,L6X4X3/4,–,23.6,6.94,4.00,–,–,  3/4 ,–,–,–,–,–,–,1.25,1  1/4 ,–,–,–,–,–,–,–,–,–,–,–,24.5,6.23,1.88,2.07,11.1,1.37,8.63,2.95,1.12,1.07,5.42,0.578,5.08,2.50,0.856,0.428,–,–,–,–,–,1.31,–,2.64,2.85,–,–
L,L6X4X5/8,L6X4X5/8,–,20.0,5.86,4.00,–,–,  5/8 ,–,–,–,–,–,–,1.13,1  1/8 ,–,–,–,–,–,–,–,–,–,–,–,21.0,5.29,1.89,2.03,9.44,1.31,7.48,2.52,1.13,1.03,4.56,0.488,4.32,2.12,0.859,0.435,–,–,–,–,–,0.775,–,1.59,2.88,–,–
L,L6X4X9/16,L6X4X9/16,–,18.1,5.31,4.00,–,–,  9/16,–,–,–,–,–,–,1.06,1  1/16,–,–,–,–,–,–,–,–,–,–,–,19.2,4.81,1.90,2.00,8.59,1.28,6.86,2.29,1.14,1.00,4.13,0.443,3.93,1.91,0.861,0.438,–,–,–,–,–,0.572,–,1.18,2.90,–,–
L,L6X4X1/2,L6X4X1/2,–,16.2,4.75,4.00,–,–,  1/2 ,–,–,–,–,–,–,1.00,1      ,–,–,–,–,–,–,–,–,–,–,–,17.3,4.31,1.91,1.98,7.71,1.25,6.22,2.06,1.14,0.981,3.69,0.396,3.54,1.72,0.864,0.440,–,–,–,–,–,0.407,–,0.843,2.91,–,–
L,L6X4X7/16,L6X4X7/16,–,14.3,4.18,4.00,–,–,  7/16,–,–,–,–,–,–,0.938, 15/16,–,–,–,–,–,–,–,–,–,–,–,15.4,3.81,1.92,1.95,6.81,1.22,5.56,1.83,1.15,0.957,3.24,0.348,3.14,1.51,0.867,0.443,–,–,–,–,–,0.276,–,0.575,2.93,–,–
L,L6X4X3/8,L6X4X3/8,–,12.3,3.61,4.00,–,–,  3/8 ,–,–,–,–,–,–,0.875,  7/8 ,–,–,–,–,–,–,–,–,–,–,–,13.4,3.30,1.93,1.93,5.89,1.19,4.86,1.58,1.16,0.933,2.79,0.301,2.73,1.31,0.870,0.446,–,–,–,–,–,0.177,–,0.369,2.94,–,–
L,L6X4X5/16,L6X4X5/16,–,10.3,3.03,4.00,–,–,  5/16,–,–,–,–,–,–,0.813, 13/16,–,–,–,–,–,–,–,–,–,–,–,11.4,2.77,1.94,1.90,4.96,1.15,4.13,1.34,1.17,0.908,2.33,0.253,2.31,1.09,0.874,0.449,–,–,–,–,–,0.104,–,0.217,2.96,–,–
,,,,,,,,,,,,,,,,,,,,,,,,,,,,,,,,,,,,,,,,,,,,,,,,,,,,,,,
L,L6X3-1/2X1/2,L6X3-1/2X1/2,–,15.3,4.50,3.50,–,–,  1/2 ,–,–,–,–,–,–,1.00,1      ,–,–,–,–,–,–,–,–,–,–,–,16.6,4.23,1.92,2.07,7.49,1.50,4.24,1.59,0.968,0.829,2.88,0.375,2.59,1.34,0.756,0.343,–,–,–,–,–,0.386,–,0.779,2.88,–,–
L,L6X3-1/2X3/8,L6X3-1/2X3/8,–,11.7,3.44,3.50,–,–,  3/8 ,–,–,–,–,–,–,0.875,  7/8 ,–,–,–,–,–,–,–,–,–,–,–,12.9,3.23,1.93,2.02,5.74,1.41,3.33,1.22,0.984,0.781,2.18,0.287,2.01,1.02,0.763,0.349,–,–,–,–,–,0.168,–,0.341,2.90,–,–
L,L6X3-1/2X5/16,L6X3-1/2X5/16,–,9.80,2.89,3.50,–,–,  5/16,–,–,–,–,–,–,0.813, 13/16,–,–,–,–,–,–,–,–,–,–,–,10.9,2.72,1.94,2.00,4.84,1.38,2.84,1.03,0.991,0.756,1.82,0.241,1.70,0.859,0.767,0.352,–,–,–,–,–,0.0990,–,0.201,2.92,–,–
,,,,,,,,,,,,,,,,,,,,,,,,,,,,,,,,,,,,,,,,,,,,,,,,,,,,,,,
L,L5X5X7/8,L5X5X7/8,–,27.2,8.00,5.00,–,–,  7/8 ,–,–,–,–,–,–,1.38,1  3/8 ,–,–,–,–,–,–,–,–,–,–,–,17.8,5.16,1.49,1.56,9.31,0.800,17.8,5.16,1.49,1.56,9.31,0.800,7.60,3.44,0.971,1.00,–,–,–,–,–,2.07,–,3.53,2.64,0.640,–
L,L5X5X3/4,L5X5X3/4,–,23.6,6.98,5.00,–,–,  3/4 ,–,–,–,–,–,–,1.25,1  1/4 ,–,–,–,–,–,–,–,–,–,–,–,15.7,4.52,1.50,1.52,8.14,0.698,15.7,4.52,1.50,1.52,8.14,0.698,6.55,3.05,0.972,1.00,–,–,–,–,–,1.33,–,2.32,2.67,0.630,–
L,L5X5X5/8,L5X5X5/8,–,20.0,5.90,5.00,–,–,  5/8 ,–,–,–,–,–,–,1.13,1  1/8 ,–,–,–,–,–,–,–,–,–,–,–,13.6,3.85,1.52,1.47,6.93,0.590,13.6,3.85,1.52,1.47,6.93,0.590,5.62,2.70,0.975,1.00,–,–,–,–,–,0.792,–,1.40,2.70,0.630,–
L,L5X5X1/2,L5X5X1/2,–,16.2,4.79,5.00,–,–,  1/2 ,–,–,–,–,–,–,1.00,1      ,–,–,–,–,–,–,–,–,–,–,–,11.3,3.15,1.53,1.42,5.66,0.479,11.3,3.15,1.53,1.42,5.66,0.479,4.64,2.31,0.980,1.00,–,–,–,–,–,0.417,–,0.744,2.73,0.630,–
L,L5X5X7/16,L5X5X7/16,–,14.3,4.22,5.00,–,–,  7/16,–,–,–,–,–,–,0.938, 15/16,–,–,–,–,–,–,–,–,–,–,–,10.0,2.78,1.54,1.40,5.00,0.422,10.0,2.78,1.54,1.40,5.00,0.422,4.04,2.04,0.983,1.00,–,–,–,–,–,0.284,–,0.508,2.74,0.630,–
L,L5X5X3/8,L5X5X3/8,–,12.3,3.65,5.00,–,–,  3/8 ,–,–,–,–,–,–,0.875,  7/8 ,–,–,–,–,–,–,–,–,–,–,–,8.76,2.41,1.55,1.37,4.33,0.365,8.76,2.41,1.55,1.37,4.33,0.365,3.55,1.83,0.986,1.00,–,–,–,–,–,0.183,–,0.327,2.76,0.630,–
L,L5X5X5/16,L5X5X5/16,–,10.3,3.07,5.00,–,–,  5/16,–,–,–,–,–,–,0.813, 13/16,–,–,–,–,–,–,–,–,–,–,–,7.44,2.04,1.56,1.35,3.65,0.307,7.44,2.04,1.56,1.35,3.65,0.307,3.00,1.57,0.990,1.00,–,–,–,–,–,0.108,–,0.193,2.77,0.630,–
,,,,,,,,,,,,,,,,,,,,,,,,,,,,,,,,,,,,,,,,,,,,,,,,,,,,,,,
L,L5X3-1/2X3/4,L5X3-1/2X3/4,–,19.8,5.85,3.50,–,–,  3/4 ,–,–,–,–,–,–,1.19,1  3/16,–,–,–,–,–,–,–,–,–,–,–,13.9,4.26,1.55,1.74,7.60,1.10,5.52,2.20,0.974,0.993,4.07,0.585,3.23,1.90,0.744,0.464,–,–,–,–,–,1.09,–,1.52,2.36,–,–
L,L5X3-1/2X5/8,L5X3-1/2X5/8,–,16.8,4.93,3.50,–,–,  5/8 ,–,–,–,–,–,–,1.06,1  1/16,–,–,–,–,–,–,–,–,–,–,–,12.0,3.63,1.56,1.69,6.50,1.06,4.80,1.88,0.987,0.947,3.43,0.493,2.74,1.59,0.746,0.472,–,–,–,–,–,0.651,–,0.918,2.39,–,–
L,L5X3-1/2X1/2,L5X3-1/2X1/2,–,13.6,4.00,3.50,–,–,  1/2 ,–,–,–,–,–,–,0.938, 15/16,–,–,–,–,–,–,–,–,–,–,–,10.0,2.97,1.58,1.65,5.33,1.00,4.02,1.55,1.00,0.901,2.79,0.400,2.26,1.30,0.750,0.479,–,–,–,–,–,0.343,–,0.491,2.42,–,–
L,L5X3-1/2X3/8,L5X3-1/2X3/8,–,10.4,3.05,3.50,–,–,  3/8 ,–,–,–,–,–,–,0.813, 13/16,–,–,–,–,–,–,–,–,–,–,–,7.75,2.28,1.59,1.60,4.09,0.933,3.15,1.19,1.02,0.854,2.12,0.305,1.73,0.983,0.755,0.485,–,–,–,–,–,0.150,–,0.217,2.45,–,–
L,L5X3-1/2X5/16,L5X3-1/2X5/16,–,8.70,2.56,3.50,–,–,  5/16,–,–,–,–,–,–,0.750,  3/4 ,–,–,–,–,–,–,–,–,–,–,–,6.58,1.92,1.60,1.57,3.45,0.904,2.69,1.01,1.02,0.829,1.77,0.256,1.47,0.826,0.758,0.489,–,–,–,–,–,0.0883,–,0.128,2.47,–,–
L,L5X3-1/2X1/4,L5X3-1/2X1/4,–,7.00,2.07,3.50,–,–,  1/4 ,–,–,–,–,–,–,0.688, 11/16,–,–,–,–,–,–,–,–,–,–,–,5.36,1.55,1.61,1.55,2.78,0.860,2.20,0.816,1.03,0.804,1.42,0.207,1.19,0.665,0.761,0.491,–,–,–,–,–,0.0464,–,0.0670,2.48,–,–
,,,,,,,,,,,,,,,,,,,,,,,,,,,,,,,,,,,,,,,,,,,,,,,,,,,,,,,
L,L5X3X1/2,L5X3X1/2,–,12.8,3.75,3.00,–,–,  1/2 ,–,–,–,–,–,–,0.938, 15/16,–,–,–,–,–,–,–,–,–,–,–,9.43,2.89,1.58,1.74,5.12,1.25,2.55,1.13,0.824,0.746,2.08,0.375,1.55,0.957,0.642,0.357,–,–,–,–,–,0.322,–,0.444,2.38,–,–
L,L5X3X7/16,L5X3X7/16,–,11.3,3.31,3.00,–,–,  7/16,–,–,–,–,–,–,0.875,  7/8 ,–,–,–,–,–,–,–,–,–,–,–,8.41,2.56,1.59,1.72,4.53,1.22,2.29,1.00,0.831,0.722,1.82,0.331,1.37,0.840,0.644,0.361,–,–,–,–,–,0.220,–,0.304,2.39,–,–
L,L5X3X3/8,L5X3X3/8,–,9.80,2.86,3.00,–,–,  3/8 ,–,–,–,–,–,–,0.813, 13/16,–,–,–,–,–,–,–,–,–,–,–,7.35,2.22,1.60,1.69,3.93,1.19,2.01,0.874,0.838,0.698,1.57,0.286,1.20,0.727,0.646,0.364,–,–,–,–,–,0.141,–,0.196,2.41,–,–
L,L5X3X5/16,L5X3X5/16,–,8.20,2.41,3.00,–,–,  5/16,–,–,–,–,–,–,0.750,  3/4 ,–,–,–,–,–,–,–,–,–,–,–,6.24,1.87,1.61,1.67,3.32,1.14,1.72,0.739,0.846,0.673,1.31,0.241,1.01,0.608,0.649,0.368,–,–,–,–,–,0.0832,–,0.116,2.42,–,–
L,L5X3X1/4,L5X3X1/4,–,6.60,1.94,3.00,–,–,  1/4 ,–,–,–,–,–,–,0.688, 11/16,–,–,–,–,–,–,–,–,–,–,–,5.09,1.51,1.62,1.64,2.68,1.12,1.41,0.600,0.853,0.648,1.05,0.194,0.825,0.491,0.652,0.371,–,–,–,–,–,0.0438,–,0.0606,2.43,–,–
,,,,,,,,,,,,,,,,,,,,,,,,,,,,,,,,,,,,,,,,,,,,,,,,,,,,,,,
L,L4X4X3/4,L4X4X3/4,–,18.5,5.44,4.00,–,–,  3/4 ,–,–,–,–,–,–,1.13,1  1/8 ,–,–,–,–,–,–,–,–,–,–,–,7.62,2.79,1.18,1.27,5.02,0.680,7.62,2.79,1.18,1.27,5.02,0.680,3.25,1.81,0.774,1.00,–,–,–,–,–,1.02,–,1.12,2.10,0.640,–
L,L4X4X5/8,L4X4X5/8,–,15.7,4.61,4.00,–,–,  5/8 ,–,–,–,–,–,–,1.00,1      ,–,–,–,–,–,–,–,–,–,–,–,6.62,2.38,1.20,1.22,4.28,0.576,6.62,2.38,1.20,1.22,4.28,0.576,2.76,1.60,0.774,1.00,–,–,–,–,–,0.610,–,0.680,2.13,0.630,–
L,L4X4X1/2,L4X4X1/2,–,12.8,3.75,4.00,–,–,  1/2 ,–,–,–,–,–,–,0.875,  7/8 ,–,–,–,–,–,–,–,–,–,–,–,5.52,1.96,1.21,1.18,3.50,0.469,5.52,1.96,1.21,1.18,3.50,0.469,2.25,1.35,0.776,1.00,–,–,–,–,–,0.322,–,0.366,2.16,0.630,–
L,L4X4X7/16,L4X4X7/16,–,11.3,3.30,4.00,–,–,  7/16,–,–,–,–,–,–,0.813, 13/16,–,–,–,–,–,–,–,–,–,–,–,4.93,1.73,1.22,1.15,3.10,0.413,4.93,1.73,1.22,1.15,3.10,0.413,1.99,1.22,0.777,1.00,–,–,–,–,–,0.220,–,0.252,2.18,0.630,–
L,L4X4X3/8,L4X4X3/8,–,9.80,2.86,4.00,–,–,  3/8 ,–,–,–,–,–,–,0.750,  3/4 ,–,–,–,–,–,–,–,–,–,–,–,4.32,1.50,1.23,1.13,2.69,0.358,4.32,1.50,1.23,1.13,2.69,0.358,1.73,1.08,0.779,1.00,–,–,–,–,–,0.141,–,0.162,2.19,0.630,–
L,L4X4X5/16,L4X4X5/16,–,8.20,2.40,4.00,–,–,  5/16,–,–,–,–,–,–,0.688, 11/16,–,–,–,–,–,–,–,–,–,–,–,3.67,1.27,1.24,1.11,2.26,0.300,3.67,1.27,1.24,1.11,2.26,0.300,1.46,0.930,0.781,1.00,–,–,–,–,–,0.0832,–,0.0963,2.21,0.630,–
L,L4X4X1/4,L4X4X1/4,–,6.60,1.93,4.00,–,–,  1/4 ,–,–,–,–,–,–,0.625,  5/8 ,–,–,–,–,–,–,–,–,–,–,–,3.00,1.03,1.25,1.08,1.82,0.241,3.00,1.03,1.25,1.08,1.82,0.241,1.19,0.778,0.783,1.00,–,–,–,–,–,0.0438,–,0.0505,2.22,0.630,–
,,,,,,,,,,,,,,,,,,,,,,,,,,,,,,,,,,,,,,,,,,,,,,,,,,,,,,,
L,L4X3-1/2X1/2,L4X3-1/2X1/2,–,11.9,3.50,3.50,–,–,  1/2 ,–,–,–,–,–,–,0.875,  7/8 ,–,–,–,–,–,–,–,–,–,–,–,5.30,1.92,1.23,1.24,3.46,0.500,3.76,1.50,1.04,0.994,2.69,0.438,1.79,1.16,0.716,0.750,–,–,–,–,–,0.301,–,0.302,2.03,–,–
L,L4X3-1/2X3/8,L4X3-1/2X3/8,–,9.10,2.68,3.50,–,–,  3/8 ,–,–,–,–,–,–,0.750,  3/4 ,–,–,–,–,–,–,–,–,–,–,–,4.15,1.48,1.25,1.20,2.66,0.427,2.96,1.16,1.05,0.947,2.06,0.335,1.39,0.939,0.719,0.755,–,–,–,–,–,0.132,–,0.134,2.06,–,–
L,L4X3-1/2X5/16,L4X3-1/2X5/16,–,7.70,2.25,3.50,–,–,  5/16,–,–,–,–,–,–,0.688, 11/16,–,–,–,–,–,–,–,–,–,–,–,3.53,1.25,1.25,1.17,2.24,0.400,2.52,0.980,1.06,0.923,1.74,0.281,1.16,0.806,0.721,0.757,–,–,–,–,–,0.0782,–,0.0798,2.08,–,–
L,L4X3-1/2X1/4,L4X3-1/2X1/4,–,6.20,1.82,3.50,–,–,  1/4 ,–,–,–,–,–,–,0.625,  5/8 ,–,–,–,–,–,–,–,–,–,–,–,2.89,1.01,1.26,1.14,1.81,0.360,2.07,0.794,1.07,0.897,1.40,0.228,0.953,0.653,0.723,0.759,–,–,–,–,–,0.0412,–,0.0419,2.09,–,–
,,,,,,,,,,,,,,,,,,,,,,,,,,,,,,,,,,,,,,,,,,,,,,,,,,,,,,,
L,L4X3X5/8,L4X3X5/8,–,13.6,3.99,3.00,–,–,  5/8 ,–,–,–,–,–,–,1.00,1      ,–,–,–,–,–,–,–,–,–,–,–,6.01,2.28,1.23,1.37,4.08,0.808,2.85,1.34,0.845,0.867,2.45,0.499,1.59,1.13,0.631,0.534,–,–,–,–,–,0.529,–,0.472,1.91,–,–
L,L4X3X1/2,L4X3X1/2,–,11.1,3.25,3.00,–,–,  1/2 ,–,–,–,–,–,–,0.875,  7/8 ,–,–,–,–,–,–,–,–,–,–,–,5.02,1.87,1.24,1.32,3.36,0.750,2.40,1.10,0.858,0.822,1.99,0.406,1.30,0.929,0.633,0.542,–,–,–,–,–,0.281,–,0.255,1.94,–,–
L,L4X3X3/8,L4X3X3/8,–,8.50,2.49,3.00,–,–,  3/8 ,–,–,–,–,–,–,0.750,  3/4 ,–,–,–,–,–,–,–,–,–,–,–,3.94,1.44,1.26,1.27,2.60,0.680,1.89,0.851,0.873,0.775,1.52,0.311,1.00,0.699,0.636,0.551,–,–,–,–,–,0.123,–,0.114,1.97,–,–
L,L4X3X5/16,L4X3X5/16,–,7.20,2.09,3.00,–,–,  5/16,–,–,–,–,–,–,0.688, 11/16,–,–,–,–,–,–,–,–,–,–,–,3.36,1.22,1.27,1.25,2.19,0.656,1.62,0.721,0.880,0.750,1.28,0.261,0.849,0.590,0.638,0.554,–,–,–,–,–,0.0731,–,0.0676,1.98,–,–
L,L4X3X1/4,L4X3X1/4,–,5.80,1.69,3.00,–,–,  1/4 ,–,–,–,–,–,–,0.625,  5/8 ,–,–,–,–,–,–,–,–,–,–,–,2.75,0.988,1.27,1.22,1.77,0.620,1.33,0.585,0.887,0.725,1.03,0.211,0.692,0.474,0.639,0.558,–,–,–,–,–,0.0386,–,0.0356,1.99,–,–
,,,,,,,,,,,,,,,,,,,,,,,,,,,,,,,,,,,,,,,,,,,,,,,,,,,,,,,
L,L3-1/2X3-1/2X1/2,L3-1/2X3-1/2X1/2,–,11.1,3.25,3.50,–,–,  1/2 ,–,–,–,–,–,–,0.875,  7/8 ,–,–,–,–,–,–,–,–,–,–,–,3.63,1.48,1.05,1.05,2.66,0.464,3.63,1.48,1.05,1.05,2.66,0.464,1.51,1.02,0.679,1.00,–,–,–,–,–,0.281,–,0.238,1.87,0.630,–
L,L3-1/2X3-1/2X7/16,L3-1/2X3-1/2X7/16,–,9.80,2.89,3.50,–,–,  7/16,–,–,–,–,–,–,0.813, 13/16,–,–,–,–,–,–,–,–,–,–,–,3.25,1.32,1.06,1.03,2.36,0.413,3.25,1.32,1.06,1.03,2.36,0.413,1.33,0.911,0.681,1.00,–,–,–,–,–,0.192,–,0.164,1.89,0.630,–
L,L3-1/2X3-1/2X3/8,L3-1/2X3-1/2X3/8,–,8.50,2.50,3.50,–,–,  3/8 ,–,–,–,–,–,–,0.750,  3/4 ,–,–,–,–,–,–,–,–,–,–,–,2.86,1.15,1.07,1.00,2.06,0.357,2.86,1.15,1.07,1.00,2.06,0.357,1.17,0.830,0.683,1.00,–,–,–,–,–,0.123,–,0.106,1.90,0.630,–
L,L3-1/2X3-1/2X5/16,L3-1/2X3-1/2X5/16,–,7.20,2.10,3.50,–,–,  5/16,–,–,–,–,–,–,0.688, 11/16,–,–,–,–,–,–,–,–,–,–,–,2.44,0.969,1.08,0.979,1.74,0.300,2.44,0.969,1.08,0.979,1.74,0.300,0.984,0.713,0.685,1.00,–,–,–,–,–,0.0731,–,0.0634,1.92,0.630,–
L,L3-1/2X3-1/2X1/4,L3-1/2X3-1/2X1/4,–,5.80,1.70,3.50,–,–,  1/4 ,–,–,–,–,–,–,0.625,  5/8 ,–,–,–,–,–,–,–,–,–,–,–,2.00,0.787,1.09,0.954,1.41,0.243,2.00,0.787,1.09,0.954,1.41,0.243,0.802,0.594,0.688,1.00,–,–,–,–,–,0.0386,–,0.0334,1.93,0.630,–
,,,,,,,,,,,,,,,,,,,,,,,,,,,,,,,,,,,,,,,,,,,,,,,,,,,,,,,
L,L3-1/2X3X1/2,L3-1/2X3X1/2,–,10.2,3.02,3.00,–,–,  1/2 ,–,–,–,–,–,–,0.875,  7/8 ,–,–,–,–,–,–,–,–,–,–,–,3.45,1.45,1.07,1.12,2.61,0.480,2.32,1.09,0.877,0.869,1.97,0.431,1.15,0.846,0.618,0.713,–,–,–,–,–,0.260,–,0.191,1.75,–,–
L,L3-1/2X3X7/16,L3-1/2X3X7/16,–,9.10,2.67,3.00,–,–,  7/16,–,–,–,–,–,–,0.813, 13/16,–,–,–,–,–,–,–,–,–,–,–,3.10,1.29,1.08,1.09,2.32,0.449,2.09,0.971,0.885,0.846,1.75,0.381,1.02,0.773,0.620,0.717,–,–,–,–,–,0.178,–,0.132,1.76,–,–
L,L3-1/2X3X3/8,L3-1/2X3X3/8,–,7.90,2.32,3.00,–,–,  3/8 ,–,–,–,–,–,–,0.750,  3/4 ,–,–,–,–,–,–,–,–,–,–,–,2.73,1.12,1.09,1.07,2.03,0.407,1.84,0.847,0.892,0.823,1.52,0.331,0.894,0.693,0.622,0.720,–,–,–,–,–,0.114,–,0.0858,1.78,–,–
L,L3-1/2X3X5/16,L3-1/2X3X5/16,–,6.60,1.95,3.00,–,–,  5/16,–,–,–,–,–,–,0.688, 11/16,–,–,–,–,–,–,–,–,–,–,–,2.33,0.951,1.09,1.05,1.72,0.380,1.58,0.718,0.900,0.798,1.28,0.279,0.758,0.602,0.624,0.722,–,–,–,–,–,0.0680,–,0.0512,1.79,–,–
L,L3-1/2X3X1/4,L3-1/2X3X1/4,–,5.40,1.58,3.00,–,–,  1/4 ,–,–,–,–,–,–,0.625,  5/8 ,–,–,–,–,–,–,–,–,–,–,–,1.92,0.773,1.10,1.02,1.39,0.340,1.30,0.585,0.908,0.773,1.04,0.226,0.622,0.486,0.628,0.725,–,–,–,–,–,0.0360,–,0.0270,1.80,–,–
,,,,,,,,,,,,,,,,,,,,,,,,,,,,,,,,,,,,,,,,,,,,,,,,,,,,,,,
L,L3-1/2X2-1/2X1/2,L3-1/2X2-1/2X1/2,–,9.40,2.77,2.50,–,–,  1/2 ,–,–,–,–,–,–,0.875,  7/8 ,–,–,–,–,–,–,–,–,–,–,–,3.24,1.41,1.08,1.20,2.52,0.730,1.36,0.756,0.701,0.701,1.39,0.396,0.781,0.651,0.532,0.485,–,–,–,–,–,0.234,–,0.159,1.66,–,–
L,L3-1/2X2-1/2X3/8,L3-1/2X2-1/2X3/8,–,7.20,2.12,2.50,–,–,  3/8 ,–,–,–,–,–,–,0.750,  3/4 ,–,–,–,–,–,–,–,–,–,–,–,2.56,1.09,1.10,1.15,1.96,0.673,1.09,0.589,0.716,0.655,1.07,0.303,0.609,0.499,0.535,0.495,–,–,–,–,–,0.103,–,0.0714,1.69,–,–
L,L3-1/2X2-1/2X5/16,L3-1/2X2-1/2X5/16,–,6.10,1.79,2.50,–,–,  5/16,–,–,–,–,–,–,0.688, 11/16,–,–,–,–,–,–,–,–,–,–,–,2.20,0.925,1.11,1.13,1.67,0.636,0.937,0.501,0.723,0.632,0.900,0.256,0.518,0.418,0.538,0.500,–,–,–,–,–,0.0611,–,0.0426,1.71,–,–
L,L3-1/2X2-1/2X1/4,L3-1/2X2-1/2X1/4,–,4.90,1.45,2.50,–,–,  1/4 ,–,–,–,–,–,–,0.625,  5/8 ,–,–,–,–,–,–,–,–,–,–,–,1.81,0.753,1.12,1.10,1.36,0.600,0.775,0.410,0.731,0.607,0.728,0.207,0.426,0.341,0.541,0.504,–,–,–,–,–,0.0322,–,0.0225,1.72,–,–
,,,,,,,,,,,,,,,,,,,,,,,,,,,,,,,,,,,,,,,,,,,,,,,,,,,,,,,
L,L3X3X1/2,L3X3X1/2,–,9.40,2.76,3.00,–,–,  1/2 ,–,–,–,–,–,–,0.875,  7/8 ,–,–,–,–,–,–,–,–,–,–,–,2.20,1.06,0.895,0.929,1.91,0.460,2.20,1.06,0.895,0.929,1.91,0.460,0.922,0.704,0.580,1.00,–,–,–,–,–,0.230,–,0.144,1.59,0.630,–
L,L3X3X7/16,L3X3X7/16,–,8.30,2.43,3.00,–,–,  7/16,–,–,–,–,–,–,0.813, 13/16,–,–,–,–,–,–,–,–,–,–,–,1.98,0.946,0.903,0.907,1.70,0.405,1.98,0.946,0.903,0.907,1.70,0.405,0.817,0.638,0.580,1.00,–,–,–,–,–,0.157,–,0.100,1.60,0.630,–
L,L3X3X3/8,L3X3X3/8,–,7.20,2.11,3.00,–,–,  3/8 ,–,–,–,–,–,–,0.750,  3/4 ,–,–,–,–,–,–,–,–,–,–,–,1.75,0.825,0.910,0.884,1.48,0.352,1.75,0.825,0.910,0.884,1.48,0.352,0.716,0.573,0.581,1.00,–,–,–,–,–,0.101,–,0.0652,1.62,0.630,–
L,L3X3X5/16,L3X3X5/16,–,6.10,1.78,3.00,–,–,  5/16,–,–,–,–,–,–,0.688, 11/16,–,–,–,–,–,–,–,–,–,–,–,1.50,0.699,0.918,0.860,1.26,0.297,1.50,0.699,0.918,0.860,1.26,0.297,0.606,0.497,0.583,1.00,–,–,–,–,–,0.0597,–,0.0390,1.64,0.630,–
L,L3X3X1/4,L3X3X1/4,–,4.90,1.44,3.00,–,–,  1/4 ,–,–,–,–,–,–,0.625,  5/8 ,–,–,–,–,–,–,–,–,–,–,–,1.23,0.569,0.926,0.836,1.02,0.240,1.23,0.569,0.926,0.836,1.02,0.240,0.490,0.415,0.585,1.00,–,–,–,–,–,0.0313,–,0.0206,1.65,0.630,–
L,L3X3X3/16,L3X3X3/16,–,3.71,1.09,3.00,–,–,  3/16,–,–,–,–,–,–,0.563,  9/16,–,–,–,–,–,–,–,–,–,–,–,0.948,0.433,0.933,0.812,0.774,0.182,0.948,0.433,0.933,0.812,0.774,0.182,0.373,0.324,0.586,1.00,–,–,–,–,–,0.0136,–,0.00899,1.67,0.630,–
,,,,,,,,,,,,,,,,,,,,,,,,,,,,,,,,,,,,,,,,,,,,,,,,,,,,,,,
L,L3X2-1/2X1/2,L3X2-1/2X1/2,–,8.50,2.50,2.50,–,–,  1/2 ,–,–,–,–,–,–,0.875,  7/8 ,–,–,–,–,–,–,–,–,–,–,–,2.07,1.03,0.910,0.995,1.86,0.500,1.29,0.736,0.718,0.746,1.34,0.417,0.665,0.568,0.516,0.666,–,–,–,–,–,0.213,–,0.112,1.46,–,–
L,L3X2-1/2X7/16,L3X2-1/2X7/16,–,7.60,2.22,2.50,–,–,  7/16,–,–,–,–,–,–,0.813, 13/16,–,–,–,–,–,–,–,–,–,–,–,1.87,0.921,0.917,0.972,1.66,0.463,1.17,0.656,0.724,0.724,1.19,0.370,0.594,0.521,0.516,0.671,–,–,–,–,–,0.146,–,0.0777,1.48,–,–
L,L3X2-1/2X3/8,L3X2-1/2X3/8,–,6.60,1.93,2.50,–,–,  3/8 ,–,–,–,–,–,–,0.750,  3/4 ,–,–,–,–,–,–,–,–,–,–,–,1.65,0.803,0.924,0.949,1.45,0.427,1.03,0.573,0.731,0.701,1.03,0.322,0.514,0.463,0.517,0.675,–,–,–,–,–,0.0943,–,0.0507,1.49,–,–
L,L3X2-1/2X5/16,L3X2-1/2X5/16,–,5.60,1.63,2.50,–,–,  5/16,–,–,–,–,–,–,0.688, 11/16,–,–,–,–,–,–,–,–,–,–,–,1.41,0.681,0.932,0.925,1.23,0.392,0.888,0.487,0.739,0.677,0.873,0.272,0.435,0.403,0.518,0.679,–,–,–,–,–,0.0560,–,0.0304,1.51,–,–
L,L3X2-1/2X1/4,L3X2-1/2X1/4,–,4.50,1.32,2.50,–,–,  1/4 ,–,–,–,–,–,–,0.625,  5/8 ,–,–,–,–,–,–,–,–,–,–,–,1.16,0.555,0.940,0.900,1.00,0.360,0.734,0.397,0.746,0.653,0.707,0.220,0.355,0.329,0.520,0.683,–,–,–,–,–,0.0296,–,0.0161,1.52,–,–
L,L3X2-1/2X3/16,L3X2-1/2X3/16,–,3.39,1.00,2.50,–,–,  3/16,–,–,–,–,–,–,0.563,  9/16,–,–,–,–,–,–,–,–,–,–,–,0.899,0.423,0.947,0.874,0.761,0.333,0.568,0.303,0.753,0.627,0.536,0.167,0.271,0.246,0.521,0.687,–,–,–,–,–,0.0130,–,0.00705,1.54,–,–
,,,,,,,,,,,,,,,,,,,,,,,,,,,,,,,,,,,,,,,,,,,,,,,,,,,,,,,
L,L3X2X1/2,L3X2X1/2,–,7.70,2.26,2.00,–,–,  1/2 ,–,–,–,–,–,–,0.813, 13/16,–,–,–,–,–,–,–,–,–,–,–,1.92,1.00,0.922,1.08,1.78,0.740,0.667,0.470,0.543,0.580,0.887,0.377,0.409,0.411,0.425,0.413,–,–,–,–,–,0.192,–,0.0908,1.39,–,–
L,L3X2X3/8,L3X2X3/8,–,5.90,1.75,2.00,–,–,  3/8 ,–,–,–,–,–,–,0.688, 11/16,–,–,–,–,–,–,–,–,–,–,–,1.54,0.779,0.937,1.03,1.39,0.667,0.539,0.368,0.555,0.535,0.679,0.292,0.319,0.313,0.426,0.426,–,–,–,–,–,0.0855,–,0.0413,1.42,–,–
L,L3X2X5/16,L3X2X5/16,–,5.00,1.48,2.00,–,–,  5/16,–,–,–,–,–,–,0.625,  5/8 ,–,–,–,–,–,–,–,–,–,–,–,1.32,0.662,0.945,1.01,1.19,0.632,0.467,0.314,0.562,0.511,0.572,0.247,0.271,0.263,0.428,0.432,–,–,–,–,–,0.0510,–,0.0248,1.43,–,–
L,L3X2X1/4,L3X2X1/4,–,4.10,1.20,2.00,–,–,  1/4 ,–,–,–,–,–,–,0.563,  9/16,–,–,–,–,–,–,–,–,–,–,–,1.09,0.541,0.953,0.980,0.969,0.600,0.390,0.258,0.569,0.487,0.463,0.200,0.223,0.214,0.431,0.437,–,–,–,–,–,0.0270,–,0.0132,1.45,–,–
L,L3X2X3/16,L3X2X3/16,–,3.07,0.917,2.00,–,–,  3/16,–,–,–,–,–,–,0.500,  1/2 ,–,–,–,–,–,–,–,–,–,–,–,0.847,0.414,0.961,0.952,0.743,0.555,0.305,0.198,0.577,0.462,0.351,0.153,0.173,0.163,0.435,0.442,–,–,–,–,–,0.0119,–,0.00576,1.46,–,–
,,,,,,,,,,,,,,,,,,,,,,,,,,,,,,,,,,,,,,,,,,,,,,,,,,,,,,,
L,L2-1/2X2-1/2X1/2,L2-1/2X2-1/2X1/2,–,7.70,2.26,2.50,–,–,  1/2 ,–,–,–,–,–,–,0.750,  3/4 ,–,–,–,–,–,–,–,–,–,–,–,1.22,0.716,0.735,0.803,1.29,0.452,1.22,0.716,0.735,0.803,1.29,0.452,0.526,0.461,0.481,1.00,–,–,–,–,–,0.188,–,0.0791,1.30,0.640,–
L,L2-1/2X2-1/2X3/8,L2-1/2X2-1/2X3/8,–,5.90,1.73,2.50,–,–,  3/8 ,–,–,–,–,–,–,0.625,  5/8 ,–,–,–,–,–,–,–,–,–,–,–,0.972,0.558,0.749,0.758,1.01,0.346,0.972,0.558,0.749,0.758,1.01,0.346,0.400,0.374,0.481,1.00,–,–,–,–,–,0.0833,–,0.0362,1.33,0.630,–
L,L2-1/2X2-1/2X5/16,L2-1/2X2-1/2X5/16,–,5.00,1.46,2.50,–,–,  5/16,–,–,–,–,–,–,0.563,  9/16,–,–,–,–,–,–,–,–,–,–,–,0.837,0.474,0.756,0.735,0.853,0.292,0.837,0.474,0.756,0.735,0.853,0.292,0.338,0.325,0.481,1.00,–,–,–,–,–,0.0495,–,0.0218,1.35,0.630,–
L,L2-1/2X2-1/2X1/4,L2-1/2X2-1/2X1/4,–,4.10,1.19,2.50,–,–,  1/4 ,–,–,–,–,–,–,0.500,  1/2 ,–,–,–,–,–,–,–,–,–,–,–,0.692,0.387,0.764,0.711,0.695,0.238,0.692,0.387,0.764,0.711,0.695,0.238,0.276,0.273,0.482,1.00,–,–,–,–,–,0.0261,–,0.0116,1.36,0.630,–
L,L2-1/2X2-1/2X3/16,L2-1/2X2-1/2X3/16,–,3.07,0.901,2.50,–,–,  3/16,–,–,–,–,–,–,0.438,  7/16,–,–,–,–,–,–,–,–,–,–,–,0.535,0.295,0.771,0.687,0.529,0.180,0.535,0.295,0.771,0.687,0.529,0.180,0.209,0.215,0.482,1.00,–,–,–,–,–,0.0114,–,0.00510,1.38,0.630,–
,,,,,,,,,,,,,,,,,,,,,,,,,,,,,,,,,,,,,,,,,,,,,,,,,,,,,,,
L,L2-1/2X2X3/8,L2-1/2X2X3/8,–,5.30,1.55,2.00,–,–,  3/8 ,–,–,–,–,–,–,0.625,  5/8 ,–,–,–,–,–,–,–,–,–,–,–,0.914,0.546,0.766,0.826,0.982,0.433,0.513,0.361,0.574,0.578,0.657,0.310,0.273,0.295,0.419,0.612,–,–,–,–,–,0.0746,–,0.0268,1.22,–,–
L,L2-1/2X2X5/16,L2-1/2X2X5/16,–,4.50,1.32,2.00,–,–,  5/16,–,–,–,–,–,–,0.563,  9/16,–,–,–,–,–,–,–,–,–,–,–,0.790,0.465,0.774,0.803,0.839,0.388,0.446,0.309,0.581,0.555,0.557,0.264,0.233,0.261,0.420,0.618,–,–,–,–,–,0.0444,–,0.0162,1.23,–,–
L,L2-1/2X2X1/4,L2-1/2X2X1/4,–,3.62,1.07,2.00,–,–,  1/4 ,–,–,–,–,–,–,0.500,  1/2 ,–,–,–,–,–,–,–,–,–,–,–,0.656,0.381,0.782,0.779,0.688,0.360,0.372,0.253,0.589,0.532,0.454,0.214,0.192,0.213,0.423,0.624,–,–,–,–,–,0.0235,–,0.00868,1.25,–,–
L,L2-1/2X2X3/16,L2-1/2X2X3/16,–,2.75,0.818,2.00,–,–,  3/16,–,–,–,–,–,–,0.438,  7/16,–,–,–,–,–,–,–,–,–,–,–,0.511,0.293,0.790,0.754,0.529,0.319,0.292,0.195,0.597,0.508,0.347,0.164,0.148,0.162,0.426,0.628,–,–,–,–,–,0.0103,–,0.00382,1.26,–,–
,,,,,,,,,,,,,,,,,,,,,,,,,,,,,,,,,,,,,,,,,,,,,,,,,,,,,,,
L,L2-1/2X1-1/2X1/4,L2-1/2X1-1/2X1/4,–,3.19,0.947,1.50,–,–,  1/4 ,–,–,–,–,–,–,0.500,  1/2 ,–,–,–,–,–,–,–,–,–,–,–,0.594,0.364,0.792,0.866,0.644,0.606,0.160,0.142,0.411,0.372,0.261,0.189,0.0977,0.120,0.321,0.354,–,–,–,–,–,0.0209,–,0.00694,1.19,–,–
L,L2-1/2X1-1/2X3/16,L2-1/2X1-1/2X3/16,–,2.44,0.724,1.50,–,–,  3/16,–,–,–,–,–,–,0.438,  7/16,–,–,–,–,–,–,–,–,–,–,–,0.464,0.280,0.801,0.839,0.497,0.569,0.126,0.110,0.418,0.347,0.198,0.145,0.0754,0.0906,0.324,0.360,–,–,–,–,–,0.00921,–,0.00306,1.20,–,–
,,,,,,,,,,,,,,,,,,,,,,,,,,,,,,,,,,,,,,,,,,,,,,,,,,,,,,,
L,L2X2X3/8,L2X2X3/8,–,4.70,1.37,2.00,–,–,  3/8 ,–,–,–,–,–,–,0.625,  5/8 ,–,–,–,–,–,–,–,–,–,–,–,0.476,0.348,0.591,0.632,0.629,0.343,0.476,0.348,0.591,0.632,0.629,0.343,0.203,0.227,0.386,1.00,–,–,–,–,–,0.0658,–,0.0174,1.05,0.640,–
L,L2X2X5/16,L2X2X5/16,–,3.92,1.16,2.00,–,–,  5/16,–,–,–,–,–,–,0.563,  9/16,–,–,–,–,–,–,–,–,–,–,–,0.414,0.298,0.598,0.609,0.537,0.290,0.414,0.298,0.598,0.609,0.537,0.290,0.172,0.200,0.386,1.00,–,–,–,–,–,0.0393,–,0.0106,1.06,0.640,–
L,L2X2X1/4,L2X2X1/4,–,3.19,0.944,2.00,–,–,  1/4 ,–,–,–,–,–,–,0.500,  1/2 ,–,–,–,–,–,–,–,–,–,–,–,0.346,0.244,0.605,0.586,0.440,0.236,0.346,0.244,0.605,0.586,0.440,0.236,0.142,0.171,0.387,1.00,–,–,–,–,–,0.0209,–,0.00572,1.08,0.630,–
L,L2X2X3/16,L2X2X3/16,–,2.44,0.722,2.00,–,–,  3/16,–,–,–,–,–,–,0.438,  7/16,–,–,–,–,–,–,–,–,–,–,–,0.271,0.188,0.612,0.561,0.338,0.181,0.271,0.188,0.612,0.561,0.338,0.181,0.109,0.137,0.389,1.00,–,–,–,–,–,0.00921,–,0.00254,1.09,0.630,–
L,L2X2X1/8,L2X2X1/8,–,1.65,0.491,2.00,–,–,  1/8 ,–,–,–,–,–,–,0.375,  3/8 ,–,–,–,–,–,–,–,–,–,–,–,0.189,0.129,0.620,0.534,0.230,0.123,0.189,0.129,0.620,0.534,0.230,0.123,0.0756,0.100,0.391,1.00,–,–,–,–,–,0.00293,–,0.000789,1.10,0.630,–
,,,,,,,,,,,,,,,,,,,,,,,,,,,,,,,,,,,,,,,,,,,,,,,,,,,,,,,
WT,WT22X167.5,WT22X167.5,–,167.5,49.2,22.0,22      ,1.03,1      ,  1/2 ,22.600 ,15.9,16      ,1.77,1  3/4 ,2.56,3      ,–,–,5  1/2 ,3,–,4.50,–,21.4,–,–,21.4,2170,131,6.63,5.53,234,1.54,600,75.2,3.49,–,118,–,–,–,–,–,–,–,–,–,–,37.2,–,438,8.82,0.723,–
WT,WT22X145,WT22X145,–,145,42.6,21.8,21  3/4 ,0.865,  7/8 ,  7/16,18.900 ,15.8,15  7/8 ,1.58,1  9/16,2.36,2 13/16,–,–,5  1/2 ,3,–,5.02,–,25.2,–,–,25.2,1830,111,6.54,5.26,196,1.35,521,65.9,3.49,–,102,–,–,–,–,–,–,–,–,–,–,25.4,–,275,8.66,0.733,–
WT,WT22X131,WT22X131,–,131,38.5,21.7,21  5/8 ,0.785, 13/16,  7/16,17.000 ,15.8,15  3/4 ,1.42,1  7/16,2.20,2  5/8 ,–,–,5  1/2 ,3,–,5.57,–,27.6,–,–,27.6,1640,99.4,6.53,5.19,176,1.22,462,58.6,3.47,–,90.9,–,–,–,–,–,–,–,–,–,–,18.6,–,200,8.64,0.731,–
WT,WT22X115,WT22X115,–,115,33.9,21.5,21  1/2 ,0.710, 11/16,  3/8 ,15.200 ,15.8,15  3/4 ,1.22,1  1/4 ,2.01,2  7/16,–,–,5  1/2 ,3,–,6.45,–,30.3,–,–,30.3,1440,88.6,6.53,5.17,157,1.07,398,50.5,3.43,–,78.3,–,–,–,–,–,–,–,–,–,–,12.4,–,139,8.67,0.723,–
,,,,,,,,,,,,,,,,,,,,,,,,,,,,,,,,,,,,,,,,,,,,,,,,,,,,,,,
WT,WT20X327.5,WT20X327.5,–,327.5,96.4,21.8,21  3/4 ,1.97,2      ,1      ,42.900 ,16.9,16  7/8 ,3.54,3  9/16,4.72,4 13/16,–,–,7  1/2 ,3,–,2.39,–,11.1,–,–,11.1,3730,234,6.22,5.85,426,2.85,1440,170,3.86,–,271,–,–,–,–,–,–,–,–,–,–,293,–,3190,8.38,0.763,–
WT,WT20X296.5,WT20X296.5,–,296.5,87.2,21.5,21  1/2 ,1.79,1 13/16, 15/16,38.500 ,16.7,16  3/4 ,3.23,3  1/4 ,4.41,4  1/2 ,–,–,7  1/2 ,3,–,2.58,–,12.0,–,–,12.0,3310,209,6.16,5.66,379,2.61,1260,151,3.80,–,240,–,–,–,–,–,–,–,–,–,–,221,–,2340,8.29,0.762,–
WT,WT20X251.5,WT20X251.5,–,251.5,74.0,21.0,21      ,1.54,1  9/16, 13/16,32.300 ,16.4,16  3/8 ,2.76,2  3/4 ,3.94,4      ,–,–,7  1/2 ,3,–,2.98,–,13.6,–,–,13.6,2730,174,6.07,5.38,314,2.25,1020,124,3.72,–,197,–,–,–,–,–,–,–,–,–,–,138,–,1400,8.17,0.760,–
WT,WT20X215.5,WT20X215.5,–,215.5,63.3,20.6,20  1/2 ,1.34,1  5/16, 11/16,27.600 ,16.2,16  1/4 ,2.36,2  3/8 ,3.54,3  5/8 ,–,–,7  1/2 ,3,–,3.44,–,15.4,–,–,15.4,2290,148,6.01,5.18,266,1.95,843,104,3.65,–,164,–,–,–,–,–,–,–,–,–,–,88.2,–,881,8.09,0.756,–
WT,WT20X198.5,WT20X198.5,–,198.5,58.3,20.5,20  1/2 ,1.22,1  1/4 ,  5/8 ,25.000 ,16.1,16  1/8 ,2.20,2  3/16,3.38,3  1/2 ,–,–,7  1/2 ,3,–,3.66,–,16.8,–,–,16.8,2070,134,5.96,5.03,240,1.81,771,95.7,3.63,–,150,–,–,–,–,–,–,–,–,–,–,70.6,–,677,8.01,0.760,–
WT,WT20X186,WT20X186,–,186,54.7,20.3,20  1/4 ,1.16,1  3/16,  5/8 ,23.600 ,16.1,16  1/8 ,2.05,2  1/16,3.23,3  5/16,–,–,7  1/2 ,3,–,3.93,–,17.5,–,–,17.5,1930,126,5.95,4.98,225,1.70,709,88.3,3.60,–,138,–,–,–,–,–,–,–,–,–,–,57.7,–,558,8.00,0.756,–
WT,WT20X181,WT20X181,–,181,53.2,20.3,20  1/4 ,1.12,1  1/8 ,  9/16,22.700 ,16.0,16      ,2.01,2      ,3.19,3  1/4 ,–,–,7  1/2 ,3,–,3.99,–,18.1,–,–,18.1,1870,122,5.92,4.91,217,1.66,691,86.3,3.60,–,135,–,–,–,–,–,–,–,–,–,–,54.2,–,511,7.96,0.759,–
WT,WT20X162,WT20X162,–,162,47.7,20.1,20      ,1.00,1      ,  1/2 ,20.100 ,15.9,15  7/8 ,1.81,1 13/16,2.99,3  1/16,–,–,7  1/2 ,3,–,4.40,–,20.1,–,–,20.1,1650,108,5.88,4.77,192,1.50,609,76.6,3.57,–,119,–,–,–,–,–,–,–,–,–,–,39.6,–,362,7.89,0.760,–
WT,WT20X148.5,WT20X148.5,–,148.5,43.6,19.9,19  7/8 ,0.930, 15/16,  1/2 ,18.500 ,15.8,15  7/8 ,1.65,1  5/8 ,2.83,2 15/16,–,–,7  1/2 ,3,–,4.80,–,21.4,–,–,21.4,1500,98.9,5.87,4.71,176,1.38,546,69.0,3.54,–,107,–,–,–,–,–,–,–,–,–,–,30.5,–,279,7.88,0.756,–
WT,WT20X138.5,WT20X138.5,–,138.5,40.7,19.8,19  3/4 ,0.830, 13/16,  7/16,16.500 ,15.8,15  7/8 ,1.58,1  9/16,2.76,2  7/8 ,–,–,7  1/2 ,3,–,5.03,–,23.9,–,–,23.9,1360,88.6,5.78,4.50,157,1.29,522,65.9,3.58,–,102,–,–,–,–,–,–,–,–,–,–,25.7,–,218,7.75,0.770,–
WT,WT20X124.5,WT20X124.5,–,124.5,36.7,19.7,19  5/8 ,0.750,  3/4 ,  3/8 ,14.800 ,15.8,15  3/4 ,1.42,1  7/16,2.60,2 11/16,–,–,7  1/2 ,3,–,5.55,–,26.3,–,–,26.3,1210,79.4,5.75,4.41,140,1.16,463,58.8,3.55,–,90.8,–,–,–,–,–,–,–,–,–,–,19.0,–,158,7.70,0.770,–
WT,WT20X107.5,WT20X107.5,–,107.5,31.8,19.5,19  1/2 ,0.650,  5/8 ,  5/16,12.700 ,15.8,15  3/4 ,1.22,1  1/4 ,2.40,2  1/2 ,–,–,7  1/2 ,3,–,6.45,–,30.0,–,–,30.0,1030,68.0,5.71,4.28,120,1.01,398,50.5,3.54,–,77.8,–,–,–,–,–,–,–,–,–,–,12.4,–,101,7.66,0.771,–
WT,WT20X99.5,WT20X99.5,–,99.5,29.2,19.3,19  1/4 ,0.650,  5/8 ,  5/16,12.600 ,15.8,15  3/4 ,1.07,1  1/16,2.25,2  5/16,–,–,7  1/2 ,3,–,7.39,–,29.7,–,–,29.7,988,66.5,5.81,4.47,117,0.929,347,44.1,3.45,–,68.2,–,–,–,–,–,–,–,–,–,–,9.12,–,83.5,7.82,0.746,–
,,,,,,,,,,,,,,,,,,,,,,,,,,,,,,,,,,,,,,,,,,,,,,,,,,,,,,,
WT,WT20X196,WT20X196,–,196,57.8,20.8,20  3/4 ,1.42,1  7/16,  3/4 ,29.400 ,12.4,12  3/8 ,2.52,2  1/2 ,3.70,3 13/16,–,–,7  1/2 ,–,–,2.45,–,14.6,–,–,14.6,2270,153,6.27,5.94,275,2.33,401,64.9,2.64,–,106,–,–,–,–,–,–,–,–,–,–,85.4,–,796,8.26,0.679,–
WT,WT20X165.5,WT20X165.5,–,165.5,48.8,20.4,20  3/8 ,1.22,1  1/4 ,  5/8 ,24.900 ,12.2,12  1/8 ,2.13,2  1/8 ,3.31,3  3/8 ,–,–,7  1/2 ,–,–,2.86,–,16.7,–,–,16.7,1880,128,6.21,5.74,231,2.00,322,52.9,2.57,–,85.7,–,–,–,–,–,–,–,–,–,–,52.5,–,484,8.19,0.674,–
WT,WT20X163.5,WT20X163.5,–,163.5,47.9,20.4,20  3/8 ,1.18,1  3/16,  5/8 ,24.100 ,12.1,12  1/8 ,2.13,2  1/8 ,3.31,3  3/8 ,–,–,7  1/2 ,–,–,2.85,–,17.3,–,–,17.3,1840,125,6.19,5.66,224,1.98,320,52.7,2.58,–,85.0,–,–,–,–,–,–,–,–,–,–,51.4,–,449,8.13,0.680,–
WT,WT20X147,WT20X147,–,147,43.1,20.2,20  1/8 ,1.06,1  1/16,  9/16,21.400 ,12.0,12      ,1.93,1 15/16,3.11,3  3/16,–,–,7  1/2 ,–,–,3.11,–,19.1,–,–,19.1,1630,111,6.14,5.51,199,1.80,281,46.7,2.55,–,75.0,–,–,–,–,–,–,–,–,–,–,38.2,–,322,8.06,0.681,–
WT,WT20X139,WT20X139,–,139,41.0,20.1,20      ,1.03,1      ,  1/2 ,20.600 ,12.0,12      ,1.81,1 13/16,2.99,3  1/16,–,–,7  1/2 ,–,–,3.31,–,19.5,–,–,19.5,1550,106,6.14,5.51,191,1.71,261,43.5,2.52,–,69.9,–,–,–,–,–,–,–,–,–,–,32.4,–,282,8.08,0.675,–
WT,WT20X132,WT20X132,–,132,38.7,20.0,20      ,0.960, 15/16,  1/2 ,19.200 ,11.9,11  7/8 ,1.73,1  3/4 ,2.91,3      ,–,–,7  1/2 ,–,–,3.45,–,20.8,–,–,20.8,1450,99.2,6.11,5.41,178,1.63,246,41.3,2.52,–,66.0,–,–,–,–,–,–,–,–,–,–,27.9,–,233,8.02,0.679,–
WT,WT20X117.5,WT20X117.5,–,117.5,34.6,19.8,19  3/4 ,0.830, 13/16,  7/16,16.500 ,11.9,11  7/8 ,1.58,1  9/16,2.76,2  7/8 ,–,–,7  1/2 ,–,–,3.77,–,23.9,–,–,23.9,1260,85.7,6.04,5.17,153,1.45,222,37.3,2.54,–,59.0,–,–,–,–,–,–,–,–,–,–,20.6,–,156,7.88,0.691,–
WT,WT20X105.5,WT20X105.5,–,105.5,31.1,19.7,19  5/8 ,0.750,  3/4 ,  3/8 ,14.800 ,11.8,11  3/4 ,1.42,1  7/16,2.60,2 11/16,–,–,7  1/2 ,–,–,4.17,–,26.3,–,–,26.3,1120,76.7,6.01,5.08,137,1.31,195,33.0,2.51,–,52.1,–,–,–,–,–,–,–,–,–,–,15.2,–,113,7.84,0.690,–
WT,WT20X91.5,WT20X91.5,–,91.5,26.7,19.5,19  1/2 ,0.650,  5/8 ,  5/16,12.700 ,11.8,11  3/4 ,1.20,1  3/16,2.38,2  1/2 ,–,–,7  1/2 ,–,–,4.92,–,30.0,–,–,30.0,955,65.7,5.98,4.97,117,1.13,165,28.0,2.49,–,44.0,–,–,–,–,–,–,–,–,–,–,9.65,–,71.2,7.81,0.688,–
WT,WT20X83.5,WT20X83.5,–,83.5,24.5,19.3,19  1/4 ,0.650,  5/8 ,  5/16,12.500 ,11.8,11  3/4 ,1.03,1      ,2.21,2  5/16,–,–,7  1/2 ,–,–,5.76,–,29.7,–,–,29.7,899,63.7,6.05,5.19,115,1.10,141,23.9,2.40,–,37.8,–,–,–,–,–,–,–,–,–,–,6.99,–,62.9,8.01,0.659,–
WT,WT20X74.5,WT20X74.5,–,74.5,21.9,19.1,19      ,0.630,  5/8 ,  5/16,12.000 ,11.8,11  3/4 ,0.830, 13/16,2.01,2  1/8 ,–,–,7  1/2 ,–,–,7.11,–,30.3,–,–,30.3,815,59.7,6.10,5.45,108,1.72,114,19.4,2.29,–,30.9,–,–,–,–,–,–,–,–,–,–,4.66,–,51.9,8.23,0.626,–
,,,,,,,,,,,,,,,,,,,,,,,,,,,,,,,,,,,,,,,,,,,,,,,,,,,,,,,
WT,WT18X462.5,WT18X462.5,–,462.5,136,21.6,21  1/2 ,3.02,3      ,1  1/2 ,65.200 ,18.6,18  5/8 ,4.53,4  1/2 ,5.28,5  3/8 ,–,–,7  1/2 ,3,–,2.05,–,7.15,–,–,7.15,5130,337,6.14,6.36,617,3.66,2470,266,4.26,–,431,–,–,–,–,–,–,–,–,–,–,707,–,9680,8.52,0.769,–
WT,WT18X426.5,WT18X426.5,–,426.5,126,21.6,21  1/2 ,2.52,2  1/2 ,1  1/4 ,54.400 ,18.2,18  1/4 ,4.53,4  1/2 ,5.28,5  3/8 ,–,–,7  1/2 ,3,–,2.01,–,8.57,–,–,8.57,4480,286,5.96,5.95,533,3.46,2300,253,4.27,–,403,–,–,–,–,–,–,–,–,–,–,615,–,7100,8.21,0.799,–
WT,WT18X401,WT18X401,–,401,118,21.3,21  1/4 ,2.38,2  3/8 ,1  3/16,50.700 ,18.0,18      ,4.29,4  5/16,5.04,5  1/8 ,–,–,7  1/2 ,3,–,2.10,–,8.95,–,–,8.95,4110,265,5.90,5.80,491,3.28,2100,233,4.22,–,372,–,–,–,–,–,–,–,–,–,–,519,–,5830,8.12,0.797,–
WT,WT18X361.5,WT18X361.5,–,361.5,107,20.9,20  7/8 ,2.17,2  3/16,1  1/8 ,45.400 ,17.8,17  3/4 ,3.90,3  7/8 ,4.65,4 11/16,–,–,7  1/2 ,3,–,2.28,–,9.63,–,–,9.63,3610,235,5.81,5.55,434,3.01,1850,208,4.16,–,329,–,–,–,–,–,–,–,–,–,–,390,–,4250,8.00,0.798,–
WT,WT18X326,WT18X326,–,326,96.2,20.5,20  1/2 ,1.97,2      ,1      ,40.400 ,17.6,17  5/8 ,3.54,3  9/16,4.49,4 13/16,–,–,7  1/2 ,3,–,2.48,–,10.4,–,–,10.4,3160,208,5.74,5.35,383,2.73,1610,184,4.10,–,290,–,–,–,–,–,–,–,–,–,–,295,–,3070,7.91,0.795,–
WT,WT18X264.5,WT18X264.5,–,264.5,77.8,19.9,19  7/8 ,1.61,1  5/8 , 13/16,32.000 ,17.2,17  1/4 ,2.91,2 15/16,3.86,4  3/16,–,–,7  1/2 ,3,–,2.96,–,12.4,–,–,12.4,2440,164,5.60,4.96,298,2.26,1240,145,4.00,–,227,–,–,–,–,–,–,–,–,–,–,163,–,1600,7.72,0.794,–
WT,WT18X243.5,WT18X243.5,–,243.5,71.7,19.7,19  5/8 ,1.50,1  1/2 ,  3/4 ,29.500 ,17.1,17  1/8 ,2.68,2 11/16,3.63,4      ,–,–,7  1/2 ,3,–,3.19,–,13.1,–,–,13.1,2220,150,5.57,4.84,272,2.10,1120,131,3.96,–,206,–,–,–,–,–,–,–,–,–,–,128,–,1250,7.68,0.792,–
WT,WT18X220.5,WT18X220.5,–,220.5,64.9,19.4,19  3/8 ,1.36,1  3/8 , 11/16,26.400 ,17.0,17      ,2.44,2  7/16,3.39,3  3/4 ,–,–,7  1/2 ,3,–,3.48,–,14.3,–,–,14.3,1980,134,5.52,4.69,242,1.91,997,117,3.92,–,184,–,–,–,–,–,–,–,–,–,–,96.6,–,914,7.60,0.792,–
WT,WT18X197.5,WT18X197.5,–,197.5,58.1,19.2,19  1/8 ,1.22,1  1/4 ,  5/8 ,23.400 ,16.8,16  7/8 ,2.20,2  3/16,3.15,3  7/16,–,–,7  1/2 ,3,–,3.83,–,15.7,–,–,15.7,1740,119,5.47,4.53,213,1.73,877,104,3.88,–,162,–,–,–,–,–,–,–,–,–,–,70.7,–,652,7.54,0.792,–
WT,WT18X180.5,WT18X180.5,–,180.5,53.0,19.0,19      ,1.12,1  1/8 ,  9/16,21.300 ,16.7,16  3/4 ,2.01,2      ,2.96,3  5/16,–,–,7  1/2 ,3,–,4.16,–,17.0,–,–,17.0,1570,107,5.43,4.42,192,1.59,786,94.0,3.85,–,146,–,–,–,–,–,–,–,–,–,–,54.1,–,491,7.49,0.792,–
WT,WT18X165,WT18X165,–,165,48.4,18.8,18  3/4 ,1.02,1      ,  1/2 ,19.200 ,16.6,16  5/8 ,1.85,1  7/8 ,2.80,3  1/8 ,–,–,7  1/2 ,3,–,4.49,–,18.4,–,–,18.4,1410,97.0,5.39,4.30,173,1.46,711,85.5,3.83,–,132,–,–,–,–,–,–,–,–,–,–,42.0,–,372,7.43,0.793,–
WT,WT18X151,WT18X151,–,151,44.5,18.7,18  5/8 ,0.945, 15/16,  1/2 ,17.600 ,16.7,16  5/8 ,1.68,1 11/16,2.63,3      ,–,–,7  1/2 ,3,–,4.96,–,19.8,–,–,19.8,1280,88.8,5.37,4.22,158,1.33,648,77.8,3.82,–,120,–,–,–,–,–,–,–,–,–,–,32.1,–,285,7.41,0.792,–
WT,WT18X141,WT18X141,–,141,41.5,18.6,18  1/2 ,0.885,  7/8 ,  7/16,16.400 ,16.6,16  5/8 ,1.57,1  9/16,2.52,2  7/8 ,–,–,7  1/2 ,3,–,5.29,–,21.0,–,–,21.0,1190,82.6,5.36,4.16,146,1.25,599,72.2,3.80,–,112,–,–,–,–,–,–,–,–,–,–,26.3,–,231,7.38,0.791,–
WT,WT18X131,WT18X131,–,131,38.5,18.4,18  3/8 ,0.840, 13/16,  7/16,15.500 ,16.6,16  1/2 ,1.44,1  7/16,2.39,2  3/4 ,–,–,7  1/2 ,3,–,5.75,–,21.9,–,–,21.9,1110,77.5,5.36,4.14,137,1.16,545,65.8,3.76,–,102,–,–,–,–,–,–,–,–,–,–,20.8,–,185,7.39,0.785,–
WT,WT18X123.5,WT18X123.5,–,123.5,36.3,18.3,18  1/4 ,0.800, 13/16,  7/16,14.700 ,16.5,16  1/2 ,1.35,1  3/8 ,2.30,2  5/8 ,–,–,7  1/2 ,3,–,6.11,–,22.9,–,–,22.9,1040,73.3,5.36,4.12,129,1.10,507,61.4,3.74,–,94.8,–,–,–,–,–,–,–,–,–,–,17.3,–,155,7.39,0.783,–
WT,WT18X115.5,WT18X115.5,–,115.5,34.1,18.2,18  1/8 ,0.760,  3/4 ,  3/8 ,13.900 ,16.5,16  1/2 ,1.26,1  1/4 ,2.21,2  9/16,–,–,7  1/2 ,3,–,6.54,–,23.9,–,–,23.9,978,69.1,5.36,4.10,122,1.03,470,57.0,3.71,–,88.0,–,–,–,–,–,–,–,–,–,–,14.3,–,129,7.39,0.780,–
,,,,,,,,,,,,,,,,,,,,,,,,,,,,,,,,,,,,,,,,,,,,,,,,,,,,,,,
WT,WT18X128,WT18X128,–,128,37.6,18.7,18  5/8 ,0.960, 15/16,  1/2 ,18.000 ,12.2,12  1/4 ,1.73,1  3/4 ,2.48,2 15/16,–,–,5  1/2 ,–,–,3.53,–,19.5,–,–,19.5,1210,87.4,5.66,4.92,156,1.54,264,43.2,2.65,–,68.5,–,–,–,–,–,–,–,–,–,–,26.4,–,205,7.45,0.703,–
WT,WT18X116,WT18X116,–,116,34.0,18.6,18  1/2 ,0.870,  7/8 ,  7/16,16.100 ,12.1,12  1/8 ,1.57,1  9/16,2.32,2 13/16,–,–,5  1/2 ,–,–,3.86,–,21.4,–,–,21.4,1080,78.5,5.63,4.82,140,1.40,234,38.6,2.62,–,60.9,–,–,–,–,–,–,–,–,–,–,19.7,–,151,7.40,0.703,–
WT,WT18X105,WT18X105,–,105,30.9,18.3,18  1/4 ,0.830, 13/16,  7/16,15.200 ,12.2,12  1/8 ,1.36,1  3/8 ,2.11,2  5/8 ,–,–,5  1/2 ,–,–,4.48,–,22.0,–,–,22.0,985,73.1,5.65,4.87,131,1.27,206,33.8,2.58,–,53.4,–,–,–,–,–,–,–,–,–,–,13.9,–,119,7.49,0.687,–
WT,WT18X97,WT18X97,–,97.0,28.5,18.2,18  1/8 ,0.765,  3/4 ,  3/8 ,14.000 ,12.1,12  1/8 ,1.26,1  1/4 ,2.01,2  1/2 ,–,–,5  1/2 ,–,–,4.81,–,23.8,–,–,23.8,901,67.0,5.62,4.80,120,1.18,187,30.9,2.56,–,48.8,–,–,–,–,–,–,–,–,–,–,11.1,–,92.7,7.45,0.688,–
WT,WT18X91,WT18X91,–,91.0,26.8,18.2,18  1/8 ,0.725,  3/4 ,  3/8 ,13.200 ,12.1,12  1/8 ,1.18,1  3/16,1.93,2  3/8 ,–,–,5  1/2 ,–,–,5.12,–,25.1,–,–,25.1,845,63.1,5.62,4.77,113,1.11,174,28.8,2.55,–,45.3,–,–,–,–,–,–,–,–,–,–,9.20,–,77.6,7.45,0.685,–
WT,WT18X85,WT18X85,–,85.0,25.0,18.1,18      ,0.680, 11/16,  3/8 ,12.300 ,12.0,12      ,1.10,1  1/8 ,1.85,2  3/8 ,–,–,5  1/2 ,–,–,5.47,–,26.6,–,–,26.6,786,58.9,5.61,4.73,105,1.04,160,26.6,2.53,–,41.8,–,–,–,–,–,–,–,–,–,–,7.51,–,63.2,7.44,0.684,–
WT,WT18X80,WT18X80,–,80.0,23.5,18.0,18      ,0.650,  5/8 ,  5/16,11.700 ,12.0,12      ,1.02,1      ,1.77,2  1/4 ,–,–,5  1/2 ,–,–,5.88,–,27.7,–,–,27.7,740,55.8,5.61,4.74,100,0.980,147,24.6,2.50,–,38.6,–,–,–,–,–,–,–,–,–,–,6.17,–,53.6,7.46,0.678,–
WT,WT18X75,WT18X75,–,75.0,22.1,17.9,17  7/8 ,0.625,  5/8 ,  5/16,11.200 ,12.0,12      ,0.940, 15/16,1.69,2  3/16,–,–,5  1/2 ,–,–,6.37,–,28.6,–,–,28.6,698,53.1,5.62,4.78,95.5,0.923,135,22.5,2.47,–,35.4,–,–,–,–,–,–,–,–,–,–,5.04,–,46.0,7.50,0.670,–
WT,WT18X67.5,WT18X67.5,–,67.5,19.9,17.8,17  3/4 ,0.600,  5/8 ,  5/16,10.700 ,12.0,12      ,0.790, 13/16,1.54,2  1/16,–,–,5  1/2 ,–,–,7.56,–,29.7,–,–,29.7,637,49.7,5.66,4.96,90.1,1.23,113,18.9,2.38,–,29.8,–,–,–,–,–,–,–,–,–,–,3.48,–,37.3,7.65,0.644,–
,,,,,,,,,,,,,,,,,,,,,,,,,,,,,,,,,,,,,,,,,,,,,,,,,,,,,,,
WT,WT16.5X193.5,WT16.5X193.5,–,193.5,57.0,18.0,18      ,1.26,1  1/4 ,  5/8 ,22.600 ,16.2,16  1/4 ,2.28,2  1/4 ,3.07,3  9/16,–,–,5  1/2 ,3,–,3.55,–,14.3,–,–,14.3,1460,107,5.07,4.27,193,1.76,810,100,3.77,–,156,–,–,–,–,–,–,–,–,–,–,73.9,–,615,7.05,0.803,–
WT,WT16.5X177,WT16.5X177,–,177,52.1,17.8,17  3/4 ,1.16,1  3/16,  5/8 ,20.600 ,16.1,16  1/8 ,2.09,2  1/16,2.88,3  3/8 ,–,–,5  1/2 ,3,–,3.85,–,15.3,–,–,15.3,1320,96.8,5.03,4.15,174,1.62,729,90.6,3.74,–,141,–,–,–,–,–,–,–,–,–,–,57.1,–,468,7.00,0.803,–
WT,WT16.5X159,WT16.5X159,–,159,46.8,17.6,17  1/2 ,1.04,1  1/16,  9/16,18.300 ,16.0,16      ,1.89,1  7/8 ,2.68,3  3/16,–,–,5  1/2 ,3,–,4.23,–,16.9,–,–,16.9,1160,85.8,4.99,4.02,154,1.46,645,80.7,3.71,–,125,–,–,–,–,–,–,–,–,–,–,42.1,–,335,6.93,0.804,–
WT,WT16.5X145.5,WT16.5X145.5,–,145.5,42.8,17.4,17  3/8 ,0.960, 15/16,  1/2 ,16.700 ,15.9,15  7/8 ,1.73,1  3/4 ,2.52,2 15/16,–,–,5  1/2 ,3,–,4.60,–,18.1,–,–,18.1,1060,78.3,4.96,3.93,140,1.35,581,73.1,3.68,–,113,–,–,–,–,–,–,–,–,–,–,32.5,–,256,6.90,0.802,–
WT,WT16.5X131.5,WT16.5X131.5,–,131.5,38.7,17.3,17  1/4 ,0.870,  7/8 ,  7/16,15.000 ,15.8,15  3/4 ,1.57,1  9/16,2.36,2 13/16,–,–,5  1/2 ,3,–,5.03,–,19.9,–,–,19.9,943,70.2,4.93,3.83,125,1.23,517,65.5,3.65,–,101,–,–,–,–,–,–,–,–,–,–,24.3,–,188,6.86,0.802,–
WT,WT16.5X120.5,WT16.5X120.5,–,120.5,35.6,17.1,17      ,0.830, 13/16,  7/16,14.200 ,15.9,15  7/8 ,1.40,1  3/8 ,2.19,2 11/16,–,–,5  1/2 ,3,–,5.66,–,20.6,–,–,20.6,872,65.8,4.96,3.84,116,1.12,466,58.8,3.62,–,90.8,–,–,–,–,–,–,–,–,–,–,18.0,–,146,6.90,0.792,–
WT,WT16.5X110.5,WT16.5X110.5,–,110.5,32.6,17.0,17      ,0.775,  3/4 ,  3/8 ,13.100 ,15.8,15  3/4 ,1.28,1  1/4 ,2.06,2  1/2 ,–,–,5  1/2 ,3,–,6.20,–,21.9,–,–,21.9,799,60.8,4.95,3.81,107,1.03,420,53.2,3.59,–,82.1,–,–,–,–,–,–,–,–,–,–,13.9,–,113,6.89,0.788,–
WT,WT16.5X100.5,WT16.5X100.5,–,100.5,29.7,16.8,16  3/4 ,0.715, 11/16,  3/8 ,12.000 ,15.7,15  3/4 ,1.15,1  1/8 ,1.94,2  7/16,–,–,5  1/2 ,3,–,6.85,–,23.5,–,–,23.5,725,55.5,4.95,3.77,97.8,0.940,375,47.6,3.56,–,73.3,–,–,–,–,–,–,–,–,–,–,10.4,–,84.9,6.88,0.784,–
,,,,,,,,,,,,,,,,,,,,,,,,,,,,,,,,,,,,,,,,,,,,,,,,,,,,,,,
WT,WT16.5X84.5,WT16.5X84.5,–,84.5,24.7,16.9,16  7/8 ,0.670, 11/16,  3/8 ,11.300 ,11.5,11  1/2 ,1.22,1  1/4 ,1.92,2  7/16,–,–,5  1/2 ,–,–,4.71,–,25.2,–,–,25.2,649,51.1,5.12,4.21,90.8,1.08,155,27.0,2.50,–,42.1,–,–,–,–,–,–,–,–,–,–,8.81,–,55.4,6.74,0.715,–
WT,WT16.5X76,WT16.5X76,–,76.0,22.5,16.7,16  5/8 ,0.635,  5/8 ,  5/16,10.600 ,11.6,11  5/8 ,1.06,1  1/16,1.76,2  5/16,–,–,5  1/2 ,–,–,5.48,–,26.3,–,–,26.3,592,47.4,5.14,4.26,84.5,0.967,136,23.6,2.47,–,36.9,–,–,–,–,–,–,–,–,–,–,6.16,–,43.0,6.82,0.700,–
WT,WT16.5X70.5,WT16.5X70.5,–,70.5,20.7,16.7,16  5/8 ,0.605,  5/8 ,  5/16,10.100 ,11.5,11  1/2 ,0.960, 15/16,1.66,2  3/16,–,–,5  1/2 ,–,–,6.01,–,27.6,–,–,27.6,552,44.7,5.15,4.29,79.8,0.901,123,21.3,2.43,–,33.4,–,–,–,–,–,–,–,–,–,–,4.84,–,35.4,6.86,0.691,–
WT,WT16.5X65,WT16.5X65,–,65.0,19.1,16.5,16  1/2 ,0.580,  9/16,  5/16,9.600 ,11.5,11  1/2 ,0.855,  7/8 ,1.56,2  1/8 ,–,–,5  1/2 ,–,–,6.73,–,28.4,–,–,28.4,513,42.1,5.18,4.36,75.6,0.832,109,18.9,2.38,–,29.7,–,–,–,–,–,–,–,–,–,–,3.67,–,29.3,6.93,0.677,–
WT,WT16.5X59,WT16.5X59,–,59.0,17.4,16.4,16  3/8 ,0.550,  9/16,  5/16,9.040 ,11.5,11  1/2 ,0.740,  3/4 ,1.44,2      ,–,–,5  1/2 ,–,–,7.76,–,29.8,–,–,29.8,469,39.2,5.20,4.47,70.8,0.862,93.5,16.3,2.32,–,25.6,–,–,–,–,–,–,–,–,–,–,2.64,–,23.4,7.02,0.659,–
,,,,,,,,,,,,,,,,,,,,,,,,,,,,,,,,,,,,,,,,,,,,,,,,,,,,,,,
WT,WT15X195.5,WT15X195.5,–,195.5,57.6,16.6,16  1/2 ,1.36,1  3/8 , 11/16,22.600 ,15.6,15  5/8 ,2.44,2  7/16,3.23,3  3/4 ,–,–,5  1/2 ,3,–,3.19,–,12.2,–,–,12.2,1220,96.9,4.61,4.00,177,1.85,774,99.2,3.67,–,155,–,–,–,–,–,–,–,–,–,–,86.3,–,636,6.51,0.817,–
WT,WT15X178.5,WT15X178.5,–,178.5,52.5,16.4,16  3/8 ,1.24,1  1/4 ,  5/8 ,20.300 ,15.5,15  1/2 ,2.24,2  1/4 ,3.03,3  1/2 ,–,–,5  1/2 ,3,–,3.45,–,13.2,–,–,13.2,1090,87.2,4.56,3.87,159,1.70,693,89.6,3.64,–,140,–,–,–,–,–,–,–,–,–,–,66.6,–,478,6.45,0.818,–
WT,WT15X163,WT15X163,–,163,48.0,16.2,16  1/8 ,1.14,1  1/8 ,  9/16,18.500 ,15.4,15  3/8 ,2.05,2  1/16,2.84,3  5/16,–,–,5  1/2 ,3,–,3.75,–,14.2,–,–,14.2,981,78.8,4.52,3.76,143,1.56,622,81.0,3.60,–,126,–,–,–,–,–,–,–,–,–,–,51.2,–,361,6.40,0.817,–
WT,WT15X146,WT15X146,–,146,43.0,16.0,16      ,1.02,1      ,  1/2 ,16.300 ,15.3,15  1/4 ,1.85,1  7/8 ,2.64,3  1/8 ,–,–,5  1/2 ,3,–,4.12,–,15.7,–,–,15.7,861,69.6,4.48,3.62,125,1.41,549,71.9,3.58,–,111,–,–,–,–,–,–,–,–,–,–,37.5,–,257,6.33,0.819,–
WT,WT15X130.5,WT15X130.5,–,130.5,38.5,15.8,15  3/4 ,0.930, 15/16,  1/2 ,14.700 ,15.2,15  1/8 ,1.65,1  5/8 ,2.44,2 15/16,–,–,5  1/2 ,3,–,4.59,–,17.0,–,–,17.0,765,62.4,4.46,3.54,112,1.27,480,63.3,3.53,–,97.9,–,–,–,–,–,–,–,–,–,–,26.9,–,184,6.30,0.815,–
WT,WT15X117.5,WT15X117.5,–,117.5,34.7,15.7,15  5/8 ,0.830, 13/16,  7/16,13.000 ,15.1,15      ,1.50,1  1/2 ,2.29,2  3/4 ,–,–,5  1/2 ,3,–,5.02,–,18.9,–,–,18.9,674,55.1,4.41,3.41,98.2,1.15,427,56.8,3.51,–,87.5,–,–,–,–,–,–,–,–,–,–,20.1,–,133,6.24,0.818,–
WT,WT15X105.5,WT15X105.5,–,105.5,31.1,15.5,15  1/2 ,0.775,  3/4 ,  3/8 ,12.000 ,15.1,15  1/8 ,1.32,1  5/16,2.10,2  9/16,–,–,5  1/2 ,3,–,5.74,–,20.0,–,–,20.0,610,50.5,4.43,3.39,89.5,1.03,378,50.1,3.49,–,77.2,–,–,–,–,–,–,–,–,–,–,14.1,–,96.4,6.27,0.809,–
WT,WT15X95.5,WT15X95.5,–,95.5,28.0,15.3,15  1/4 ,0.710, 11/16,  3/8 ,10.900 ,15.0,15      ,1.19,1  3/16,1.97,2  1/2 ,–,–,5  1/2 ,3,–,6.35,–,21.5,–,–,21.5,549,45.7,4.42,3.34,80.8,0.935,336,44.7,3.46,–,68.9,–,–,–,–,–,–,–,–,–,–,10.5,–,71.2,6.25,0.807,–
WT,WT15X86.5,WT15X86.5,–,86.5,25.4,15.2,15  1/8 ,0.655,  5/8 ,  5/16,10.000 ,15.0,15      ,1.07,1  1/16,1.85,2  5/16,–,–,5  1/2 ,3,–,7.04,–,23.2,–,–,23.2,497,41.7,4.42,3.31,73.5,0.851,299,39.9,3.42,–,61.4,–,–,–,–,–,–,–,–,–,–,7.78,–,53.0,6.24,0.802,–
,,,,,,,,,,,,,,,,,,,,,,,,,,,,,,,,,,,,,,,,,,,,,,,,,,,,,,,
WT,WT15X74,WT15X74,–,74.0,21.8,15.3,15  1/4 ,0.650,  5/8 ,  5/16,10.000 ,10.5,10  1/2 ,1.18,1  3/16,1.83,2  1/2 ,–,–,5  1/2 ,–,–,4.44,–,23.5,–,–,23.5,466,40.6,4.63,3.84,72.2,1.04,114,21.7,2.28,–,33.9,–,–,–,–,–,–,–,–,–,–,7.24,–,37.6,6.10,0.716,–
WT,WT15X66,WT15X66,–,66.0,19.5,15.2,15  1/8 ,0.615,  5/8 ,  5/16,9.320 ,10.5,10  1/2 ,1.00,1      ,1.65,2  1/4 ,–,–,5  1/2 ,–,–,5.27,–,24.7,–,–,24.7,421,37.4,4.66,3.90,66.8,0.921,98.0,18.6,2.25,–,29.2,–,–,–,–,–,–,–,–,–,–,4.85,–,28.5,6.19,0.698,–
WT,WT15X62,WT15X62,–,62.0,18.2,15.1,15      ,0.585,  9/16,  5/16,8.820 ,10.5,10  1/2 ,0.930, 15/16,1.58,2  1/4 ,–,–,5  1/2 ,–,–,5.65,–,25.8,–,–,25.8,396,35.3,4.66,3.90,63.1,0.867,90.4,17.2,2.23,–,27.0,–,–,–,–,–,–,–,–,–,–,3.98,–,23.9,6.20,0.694,–
WT,WT15X58,WT15X58,–,58.0,17.1,15.0,15      ,0.565,  9/16,  5/16,8.480 ,10.5,10  1/2 ,0.850,  7/8 ,1.50,2  1/8 ,–,–,5  1/2 ,–,–,6.17,–,26.5,–,–,26.5,373,33.7,4.67,3.94,60.4,0.815,82.1,15.6,2.19,–,24.6,–,–,–,–,–,–,–,–,–,–,3.21,–,20.5,6.24,0.683,–
WT,WT15X54,WT15X54,–,54.0,15.9,14.9,14  7/8 ,0.545,  9/16,  5/16,8.130 ,10.5,10  1/2 ,0.760,  3/4 ,1.41,2      ,–,–,5  1/2 ,–,–,6.89,–,27.3,–,–,27.3,349,32.0,4.69,4.01,57.7,0.757,73.0,13.9,2.15,–,21.9,–,–,–,–,–,–,–,–,–,–,2.49,–,17.3,6.31,0.668,–
WT,WT15X49.5,WT15X49.5,–,49.5,14.5,14.8,14  3/4 ,0.520,  1/2 ,  1/4 ,7.710 ,10.5,10  1/2 ,0.670, 11/16,1.32,2      ,–,–,5  1/2 ,–,–,7.80,–,28.5,–,–,28.5,322,30.0,4.71,4.09,54.4,0.912,63.9,12.2,2.10,–,19.3,–,–,–,–,–,–,–,–,–,–,1.88,–,14.3,6.38,0.653,–
WT,WT15X45,WT15X45,–,45.0,13.2,14.8,14  3/4 ,0.470,  1/2 ,  1/4 ,6.940 ,10.4,10  3/8 ,0.610,  5/8 ,1.26,1  7/8 ,–,–,5  1/2 ,–,–,8.52,–,31.5,–,–,31.5,290,27.1,4.69,4.04,49.0,0.835,57.3,11.0,2.09,–,17.3,–,–,–,–,–,–,–,–,–,–,1.41,–,10.5,6.35,0.654,–
,,,,,,,,,,,,,,,,,,,,,,,,,,,,,,,,,,,,,,,,,,,,,,,,,,,,,,,
WT,WT13.5X269.5,WT13.5X269.5,–,269.5,79.3,16.3,16  1/4 ,1.97,2      ,1      ,32.000 ,15.3,15  1/4 ,3.54,3  9/16,4.33,4  7/16,–,–,5  1/2 ,–,–,2.15,–,8.30,–,–,8.30,1530,128,4.39,4.34,242,2.60,1060,138,3.65,–,218,–,–,–,–,–,–,–,–,–,–,247,–,1740,6.26,0.831,–
WT,WT13.5X184,WT13.5X184,–,184,54.2,15.2,15  1/8 ,1.38,1  3/8 , 11/16,21.000 ,14.7,14  5/8 ,2.48,2  1/2 ,3.27,3 11/16,–,–,5  1/2 ,–,–,2.96,–,11.0,–,–,11.0,939,81.7,4.16,3.71,151,1.85,655,89.3,3.48,–,140,–,–,–,–,–,–,–,–,–,–,84.5,–,532,5.96,0.828,–
WT,WT13.5X168,WT13.5X168,–,168,49.5,15.0,15      ,1.26,1  1/4 ,  5/8 ,18.900 ,14.6,14  1/2 ,2.28,2  1/4 ,3.07,3  1/2 ,–,–,5  1/2 ,–,–,3.19,–,11.9,–,–,11.9,839,73.4,4.12,3.58,135,1.70,587,80.8,3.45,–,126,–,–,–,–,–,–,–,–,–,–,65.4,–,401,5.90,0.829,–
WT,WT13.5X153.5,WT13.5X153.5,–,153.5,45.2,14.8,14  3/4 ,1.16,1  3/16,  5/8 ,17.200 ,14.4,14  1/2 ,2.09,2  1/16,2.88,3  5/16,–,–,5  1/2 ,–,–,3.46,–,12.8,–,–,12.8,753,66.4,4.08,3.47,121,1.56,527,72.9,3.41,–,113,–,–,–,–,–,–,–,–,–,–,50.5,–,304,5.85,0.828,–
WT,WT13.5X140.5,WT13.5X140.5,–,140.5,41.5,14.6,14  1/2 ,1.06,1  1/16,  9/16,15.500 ,14.4,14  3/8 ,1.93,1 15/16,2.72,3  1/8 ,–,–,5  1/2 ,–,–,3.72,–,13.8,–,–,13.8,677,59.9,4.04,3.35,109,1.44,477,66.4,3.39,–,103,–,–,–,–,–,–,–,–,–,–,39.6,–,232,5.79,0.830,–
WT,WT13.5X129,WT13.5X129,–,129,38.1,14.5,14  1/2 ,0.980,1      ,  1/2 ,14.200 ,14.3,14  1/4 ,1.77,1  3/4 ,2.56,3      ,–,–,5  1/2 ,–,–,4.03,–,14.8,–,–,14.8,613,54.7,4.02,3.27,98.9,1.33,430,60.2,3.36,–,93.3,–,–,–,–,–,–,–,–,–,–,30.7,–,178,5.76,0.828,–
WT,WT13.5X117.5,WT13.5X117.5,–,117.5,34.7,14.3,14  1/4 ,0.910, 15/16,  1/2 ,13.000 ,14.2,14  1/4 ,1.61,1  5/8 ,2.40,2  7/8 ,–,–,5  1/2 ,–,–,4.41,–,15.7,–,–,15.7,556,50.0,4.00,3.20,89.9,1.22,384,54.2,3.33,–,83.8,–,–,–,–,–,–,–,–,–,–,23.4,–,135,5.73,0.825,–
WT,WT13.5X108.5,WT13.5X108.5,–,108.5,32.0,14.2,14  1/8 ,0.830, 13/16,  7/16,11.800 ,14.1,14  1/8 ,1.50,1  1/2 ,2.29,2 11/16,–,–,5  1/2 ,–,–,4.71,–,17.1,–,–,17.1,502,45.2,3.96,3.10,81.1,1.13,352,49.9,3.32,–,77.0,–,–,–,–,–,–,–,–,–,–,18.8,–,105,5.68,0.828,–
WT,WT13.5X97,WT13.5X97,–,97.0,28.6,14.1,14      ,0.750,  3/4 ,  3/8 ,10.500 ,14.0,14      ,1.34,1  5/16,2.13,2  9/16,–,–,5  1/2 ,–,–,5.24,–,18.8,–,–,18.8,444,40.3,3.94,3.02,71.8,1.02,309,44.1,3.29,–,67.8,–,–,–,–,–,–,–,–,–,–,13.5,–,74.3,5.64,0.827,–
WT,WT13.5X89,WT13.5X89,–,89.0,26.3,13.9,13  7/8 ,0.725,  3/4 ,  3/8 ,10.100 ,14.1,14  1/8 ,1.19,1  3/16,1.98,2  3/8 ,–,–,5  1/2 ,–,–,5.92,–,19.2,–,–,19.2,414,38.2,3.97,3.04,67.7,0.932,278,39.4,3.25,–,60.8,–,–,–,–,–,–,–,–,–,–,10.0,–,57.7,5.69,0.815,–
WT,WT13.5X80.5,WT13.5X80.5,–,80.5,23.8,13.8,13  3/4 ,0.660, 11/16,  3/8 ,9.100 ,14.0,14      ,1.08,1  1/16,1.87,2  5/16,–,–,5  1/2 ,–,–,6.49,–,20.9,–,–,20.9,372,34.4,3.95,2.98,60.8,0.849,248,35.4,3.23,–,54.5,–,–,–,–,–,–,–,–,–,–,7.53,–,42.7,5.66,0.814,–
WT,WT13.5X73,WT13.5X73,–,73.0,21.6,13.7,13  5/8 ,0.605,  5/8 ,  5/16,8.280 ,14.0,14      ,0.975,1      ,1.76,2  3/16,–,–,5  1/2 ,–,–,7.16,–,22.6,–,–,22.6,336,31.2,3.95,2.94,55.0,0.772,222,31.7,3.20,–,48.8,–,–,–,–,–,–,–,–,–,–,5.62,–,31.7,5.64,0.812,–
,,,,,,,,,,,,,,,,,,,,,,,,,,,,,,,,,,,,,,,,,,,,,,,,,,,,,,,
WT,WT13.5X64.5,WT13.5X64.5,–,64.5,18.9,13.8,13  3/4 ,0.610,  5/8 ,  5/16,8.430 ,10.0,10      ,1.10,1  1/8 ,1.70,2  5/16,–,–,5  1/2 ,–,–,4.55,–,22.6,–,–,22.6,323,31.0,4.13,3.39,55.1,0.945,92.2,18.4,2.21,–,28.8,–,–,–,–,–,–,–,–,–,–,5.55,–,24.0,5.48,0.732,–
WT,WT13.5X57,WT13.5X57,–,57.0,16.8,13.6,13  1/2 ,0.570,  9/16,  5/16,7.780 ,10.1,10  1/8 ,0.930, 15/16,1.53,2  1/8 ,–,–,5  1/2 ,–,–,5.41,–,23.9,–,–,23.9,289,28.3,4.15,3.42,50.4,0.832,79.3,15.8,2.18,–,24.6,–,–,–,–,–,–,–,–,–,–,3.65,–,17.5,5.54,0.716,–
WT,WT13.5X51,WT13.5X51,–,51.0,15.0,13.5,13  1/2 ,0.515,  1/2 ,  1/4 ,6.980 ,10.0,10      ,0.830, 13/16,1.43,2  1/16,–,–,5  1/2 ,–,–,6.03,–,26.2,–,–,26.2,258,25.3,4.14,3.37,45.0,0.750,69.6,13.9,2.15,–,21.7,–,–,–,–,–,–,–,–,–,–,2.63,–,12.6,5.53,0.713,–
WT,WT13.5X47,WT13.5X47,–,47.0,13.8,13.5,13  1/2 ,0.490,  1/2 ,  1/4 ,6.600 ,10.0,10      ,0.745,  3/4 ,1.34,1 15/16,–,–,5  1/2 ,–,–,6.70,–,27.6,–,–,27.6,239,23.8,4.16,3.41,42.4,0.692,62.0,12.4,2.12,–,19.4,–,–,–,–,–,–,–,–,–,–,2.01,–,10.2,5.57,0.702,–
WT,WT13.5X42,WT13.5X42,–,42.0,12.4,13.4,13  3/8 ,0.460,  7/16,  1/4 ,6.140 ,10.0,10      ,0.640,  5/8 ,1.24,1  7/8 ,–,–,5  1/2 ,–,–,7.78,–,29.1,–,–,29.1,216,21.9,4.18,3.48,39.2,0.621,52.8,10.6,2.07,–,16.6,–,–,–,–,–,–,–,–,–,–,1.40,–,7.79,5.63,0.685,–
,,,,,,,,,,,,,,,,,,,,,,,,,,,,,,,,,,,,,,,,,,,,,,,,,,,,,,,
WT,WT12X185,WT12X185,–,185,54.5,14.0,14      ,1.52,1  1/2 ,  3/4 ,21.300 ,13.7,13  5/8 ,2.72,2  3/4 ,3.22,4      ,–,–,5  1/2 ,–,–,2.51,–,9.20,–,–,9.20,779,74.7,3.78,3.57,140,1.99,581,85.1,3.27,–,133,–,–,–,–,–,–,–,–,–,–,100,–,553,5.47,0.837,–
WT,WT12X167.5,WT12X167.5,–,167.5,49.1,13.8,13  3/4 ,1.38,1  3/8 , 11/16,19.000 ,13.5,13  1/2 ,2.48,2  1/2 ,2.98,3  3/4 ,–,–,5  1/2 ,–,–,2.73,–,10.0,–,–,10.0,686,66.3,3.73,3.42,123,1.82,513,75.9,3.23,–,119,–,–,–,–,–,–,–,–,–,–,75.6,–,405,5.40,0.837,–
WT,WT12X153,WT12X153,–,153,44.9,13.6,13  1/2 ,1.26,1  1/4 ,  5/8 ,17.100 ,13.4,13  3/8 ,2.28,2  1/4 ,2.78,3  9/16,–,–,5  1/2 ,–,–,2.94,–,10.8,–,–,10.8,611,59.4,3.69,3.29,110,1.67,460,68.6,3.20,–,107,–,–,–,–,–,–,–,–,–,–,58.4,–,305,5.34,0.837,–
WT,WT12X139.5,WT12X139.5,–,139.5,41.0,13.4,13  3/8 ,1.16,1  3/16,  5/8 ,15.500 ,13.3,13  1/4 ,2.09,2  1/16,2.59,3  3/8 ,–,–,5  1/2 ,–,–,3.18,–,11.6,–,–,11.6,546,53.6,3.65,3.18,98.8,1.54,412,61.9,3.17,–,96.3,–,–,–,–,–,–,–,–,–,–,45.1,–,230,5.28,0.837,–
WT,WT12X125,WT12X125,–,125,36.8,13.2,13  1/8 ,1.04,1  1/16,  9/16,13.700 ,13.2,13  1/8 ,1.89,1  7/8 ,2.39,3  1/8 ,–,–,5  1/2 ,–,–,3.49,–,12.7,–,–,12.7,478,47.2,3.61,3.05,86.5,1.39,362,54.9,3.14,–,85.2,–,–,–,–,–,–,–,–,–,–,33.2,–,165,5.22,0.838,–
WT,WT12X114.5,WT12X114.5,–,114.5,33.6,13.0,13      ,0.960, 15/16,  1/2 ,12.500 ,13.1,13  1/8 ,1.73,1  3/4 ,2.23,3      ,–,–,5  1/2 ,–,–,3.79,–,13.5,–,–,13.5,431,42.9,3.58,2.96,78.1,1.28,326,49.7,3.11,–,77.0,–,–,–,–,–,–,–,–,–,–,25.5,–,125,5.19,0.836,–
WT,WT12X103.5,WT12X103.5,–,103.5,30.3,12.9,12  7/8 ,0.870,  7/8 ,  7/16,11.200 ,13.0,13      ,1.57,1  9/16,2.07,2  7/8 ,–,–,5  1/2 ,–,–,4.14,–,14.8,–,–,14.8,382,38.3,3.55,2.87,69.3,1.17,289,44.4,3.08,–,68.6,–,–,–,–,–,–,–,–,–,–,19.1,–,91.3,5.14,0.836,–
WT,WT12X96,WT12X96,–,96.0,28.2,12.7,12  5/8 ,0.810, 13/16,  7/16,10.300 ,13.0,13      ,1.46,1  7/16,1.96,2  3/4 ,–,–,5  1/2 ,–,–,4.43,–,15.7,–,–,15.7,350,35.2,3.53,2.80,63.5,1.09,265,40.9,3.07,–,63.1,–,–,–,–,–,–,–,–,–,–,15.3,–,72.5,5.11,0.836,–
WT,WT12X88,WT12X88,–,88.0,25.8,12.6,12  1/2 ,0.750,  3/4 ,  3/8 ,9.470 ,12.9,12  7/8 ,1.34,1  5/16,1.84,2  5/8 ,–,–,5  1/2 ,–,–,4.81,–,16.8,–,–,16.8,319,32.2,3.51,2.74,57.8,1.00,240,37.2,3.04,–,57.3,–,–,–,–,–,–,–,–,–,–,11.9,–,55.8,5.09,0.835,–
WT,WT12X81,WT12X81,–,81.0,23.9,12.5,12  1/2 ,0.705, 11/16,  3/8 ,8.810 ,13.0,13      ,1.22,1  1/4 ,1.72,2  1/2 ,–,–,5  1/2 ,–,–,5.31,–,17.7,–,–,17.7,293,29.9,3.50,2.70,53.3,0.921,221,34.2,3.05,–,52.6,–,–,–,–,–,–,–,–,–,–,9.22,–,43.8,5.09,0.832,–
WT,WT12X73,WT12X73,–,73.0,21.5,12.4,12  3/8 ,0.650,  5/8 ,  5/16,8.040 ,12.9,12  7/8 ,1.09,1  1/16,1.59,2  3/8 ,–,–,5  1/2 ,–,–,5.92,–,19.1,–,–,19.1,264,27.2,3.50,2.66,48.2,0.833,195,30.3,3.01,–,46.6,–,–,–,–,–,–,–,–,–,–,6.70,–,31.9,5.08,0.827,–
WT,WT12X65.5,WT12X65.5,–,65.5,19.3,12.2,12  1/8 ,0.605,  5/8 ,  5/16,7.410 ,12.9,12  7/8 ,0.960, 15/16,1.46,2  1/4 ,–,–,5  1/2 ,–,–,6.70,–,20.2,–,–,20.2,238,24.8,3.52,2.65,43.9,0.750,170,26.5,2.97,–,40.7,–,–,–,–,–,–,–,–,–,–,4.74,–,23.1,5.09,0.818,–
WT,WT12X58.5,WT12X58.5,–,58.5,17.2,12.1,12      ,0.550,  9/16,  5/16,6.670 ,12.8,12  3/4 ,0.850,  7/8 ,1.35,2  1/8 ,–,–,5  1/2 ,–,–,7.53,–,22.0,–,–,22.0,212,22.3,3.51,2.62,39.2,0.672,149,23.2,2.94,–,35.7,–,–,–,–,–,–,–,–,–,–,3.35,–,16.4,5.08,0.814,–
WT,WT12X52,WT12X52,–,52.0,15.3,12.0,12      ,0.500,  1/2 ,  1/4 ,6.020 ,12.8,12  3/4 ,0.750,  3/4 ,1.25,2  1/16,–,–,5  1/2 ,–,–,8.50,–,24.0,–,–,24.0,189,20.0,3.51,2.59,35.1,0.600,130,20.3,2.91,–,31.2,–,–,–,–,–,–,–,–,–,–,2.35,–,11.6,5.07,0.809,–
,,,,,,,,,,,,,,,,,,,,,,,,,,,,,,,,,,,,,,,,,,,,,,,,,,,,,,,
WT,WT12X51.5,WT12X51.5,–,51.5,15.1,12.3,12  1/4 ,0.550,  9/16,  5/16,6.750 ,9.00,9      ,0.980,1      ,1.48,2  1/4 ,–,–,5  1/2 ,–,–,4.59,–,22.4,–,–,22.4,204,22.0,3.67,3.01,39.2,0.841,59.7,13.3,1.99,–,20.7,–,–,–,–,–,–,–,–,–,–,3.53,–,12.3,4.88,0.733,–
WT,WT12X47,WT12X47,–,47.0,13.8,12.2,12  1/8 ,0.515,  1/2 ,  1/4 ,6.260 ,9.07,9  1/8 ,0.875,  7/8 ,1.38,2  1/8 ,–,–,5  1/2 ,–,–,5.18,–,23.7,–,–,23.7,186,20.3,3.67,2.99,36.1,0.764,54.5,12.0,1.98,–,18.7,–,–,–,–,–,–,–,–,–,–,2.62,–,9.57,4.89,0.727,–
WT,WT12X42,WT12X42,–,42.0,12.4,12.1,12      ,0.470,  1/2 ,  1/4 ,5.660 ,9.02,9      ,0.770,  3/4 ,1.27,2  1/16,–,–,5  1/2 ,–,–,5.86,–,25.7,–,–,25.7,166,18.3,3.67,2.97,32.5,0.685,47.2,10.5,1.95,–,16.3,–,–,–,–,–,–,–,–,–,–,1.84,–,6.90,4.90,0.720,–
WT,WT12X38,WT12X38,–,38.0,11.2,12.0,12      ,0.440,  7/16,  1/4 ,5.260 ,8.99,9      ,0.680, 11/16,1.18,1 15/16,–,–,5  1/2 ,–,–,6.61,–,27.3,–,–,27.3,151,16.9,3.68,3.00,30.1,0.622,41.3,9.18,1.92,–,14.3,–,–,–,–,–,–,–,–,–,–,1.34,–,5.30,4.93,0.709,–
WT,WT12X34,WT12X34,–,34.0,10.0,11.9,11  7/8 ,0.415,  7/16,  1/4 ,4.920 ,8.97,9      ,0.585,  9/16,1.09,1  7/8 ,–,–,5  1/2 ,–,–,7.66,–,28.7,–,–,28.7,137,15.6,3.70,3.06,27.9,0.560,35.2,7.85,1.87,–,12.3,–,–,–,–,–,–,–,–,–,–,0.932,–,4.08,4.99,0.691,–
,,,,,,,,,,,,,,,,,,,,,,,,,,,,,,,,,,,,,,,,,,,,,,,,,,,,,,,
WT,WT12X31,WT12X31,–,31.0,9.11,11.9,11  7/8 ,0.430,  7/16,  1/4 ,5.100 ,7.04,7      ,0.590,  9/16,1.09,1  1/2 ,–,–,3  1/2 ,–,–,5.97,–,27.7,–,–,27.7,131,15.6,3.79,3.46,28.4,1.28,17.2,4.90,1.38,–,7.85,–,–,–,–,–,–,–,–,–,–,0.850,–,3.92,5.13,0.619,–
WT,WT12X27.5,WT12X27.5,–,27.5,8.10,11.8,11  3/4 ,0.395,  3/8 ,  3/16,4.660 ,7.01,7      ,0.505,  1/2 ,1.01,1  7/16,–,–,3  1/2 ,–,–,6.94,–,29.9,–,–,29.9,117,14.1,3.80,3.50,25.6,1.53,14.5,4.15,1.34,–,6.65,–,–,–,–,–,–,–,–,–,–,0.588,–,2.93,5.17,0.606,–
,,,,,,,,,,,,,,,,,,,,,,,,,,,,,,,,,,,,,,,,,,,,,,,,,,,,,,,
WT,WT10.5X137.5,WT10.5X137.5,–,137.5,40.9,12.1,12      ,1.22,1  1/4 ,  5/8 ,14.800 ,12.9,12  7/8 ,2.19,2  3/16,3.37,3  7/16,–,–,5  1/2 ,–,–,2.95,–,9.92,–,–,9.92,420,45.7,3.20,2.90,86.3,1.59,394,61.1,3.10,–,95.1,–,–,–,–,–,–,–,–,–,–,53.5,–,224,4.81,0.859,–
WT,WT10.5X124,WT10.5X124,–,124,37.0,11.9,11  7/8 ,1.10,1  1/8 ,  9/16,13.100 ,12.8,12  3/4 ,1.99,2      ,3.17,3  1/4 ,–,–,5  1/2 ,–,–,3.22,–,10.8,–,–,10.8,368,40.3,3.15,2.77,75.7,1.45,349,54.5,3.07,–,84.8,–,–,–,–,–,–,–,–,–,–,40.2,–,163,4.75,0.860,–
WT,WT10.5X111.5,WT10.5X111.5,–,111.5,33.2,11.7,11  5/8 ,1.00,1      ,  1/2 ,11.700 ,12.7,12  3/4 ,1.79,1 13/16,2.97,3  1/16,–,–,5  1/2 ,–,–,3.55,–,11.7,–,–,11.7,324,35.9,3.12,2.66,66.7,1.31,307,48.3,3.04,–,74.9,–,–,–,–,–,–,–,–,–,–,29.6,–,117,4.70,0.859,–
WT,WT10.5X100.5,WT10.5X100.5,–,100.5,29.6,11.5,11  1/2 ,0.910, 15/16,  1/2 ,10.500 ,12.6,12  5/8 ,1.63,1  5/8 ,2.13,2  7/8 ,–,–,5  1/2 ,–,–,3.86,–,12.6,–,–,12.6,285,31.9,3.10,2.57,58.6,1.18,271,43.1,3.02,–,66.5,–,–,–,–,–,–,–,–,–,–,20.4,–,85.4,4.67,0.859,–
WT,WT10.5X91,WT10.5X91,–,91.0,26.8,11.4,11  3/8 ,0.830, 13/16,  7/16,9.430 ,12.5,12  1/2 ,1.48,1  1/2 ,1.98,2  3/4 ,–,–,5  1/2 ,–,–,4.22,–,13.7,–,–,13.7,253,28.5,3.07,2.48,52.1,1.07,241,38.6,3.00,–,59.5,–,–,–,–,–,–,–,–,–,–,15.3,–,63.0,4.64,0.859,–
WT,WT10.5X83,WT10.5X83,–,83.0,24.4,11.2,11  1/8 ,0.750,  3/4 ,  3/8 ,8.430 ,12.4,12  3/8 ,1.36,1  3/8 ,1.86,2  5/8 ,–,–,5  1/2 ,–,–,4.57,–,14.9,–,–,14.9,226,25.5,3.04,2.39,46.3,0.983,217,35.0,2.99,–,53.9,–,–,–,–,–,–,–,–,–,–,11.8,–,47.3,4.59,0.861,–
WT,WT10.5X73.5,WT10.5X73.5,–,73.5,21.6,11.0,11      ,0.720,  3/4 ,  3/8 ,7.940 ,12.5,12  1/2 ,1.15,1  1/8 ,1.65,2  7/16,–,–,5  1/2 ,–,–,5.44,–,15.3,–,–,15.3,204,23.7,3.08,2.39,42.4,0.864,188,30.0,2.95,–,46.3,–,–,–,–,–,–,–,–,–,–,7.69,–,32.5,4.63,0.846,–
WT,WT10.5X66,WT10.5X66,–,66.0,19.4,10.9,10  7/8 ,0.650,  5/8 ,  5/16,7.090 ,12.4,12  1/2 ,1.04,1  1/16,1.54,2  1/4 ,–,–,5  1/2 ,–,–,6.01,–,16.8,–,–,16.8,181,21.1,3.06,2.33,37.6,0.780,166,26.7,2.93,–,41.1,–,–,–,–,–,–,–,–,–,–,5.62,–,23.4,4.60,0.845,–
WT,WT10.5X61,WT10.5X61,–,61.0,17.9,10.8,10  3/4 ,0.600,  5/8 ,  5/16,6.500 ,12.4,12  3/8 ,0.960, 15/16,1.46,2  1/4 ,–,–,5  1/2 ,–,–,6.45,–,18.0,–,–,18.0,166,19.3,3.04,2.28,34.3,0.724,152,24.6,2.91,–,37.8,–,–,–,–,–,–,–,–,–,–,4.47,–,18.4,4.58,0.846,–
WT,WT10.5X55.5,WT10.5X55.5,–,55.5,16.3,10.8,10  3/4 ,0.550,  9/16,  5/16,5.920 ,12.3,12  3/8 ,0.875,  7/8 ,1.38,2  1/8 ,–,–,5  1/2 ,–,–,7.05,–,19.6,–,–,19.6,150,17.5,3.03,2.23,31.0,0.662,137,22.2,2.90,–,34.1,–,–,–,–,–,–,–,–,–,–,3.40,–,13.8,4.56,0.845,–
WT,WT10.5X50.5,WT10.5X50.5,–,50.5,14.9,10.7,10  5/8 ,0.500,  1/2 ,  1/4 ,5.340 ,12.3,12  1/4 ,0.800, 13/16,1.30,2  1/16,–,–,5  1/2 ,–,–,7.68,–,21.4,–,–,21.4,135,15.8,3.01,2.18,27.9,0.605,124,20.2,2.89,–,30.8,–,–,–,–,–,–,–,–,–,–,2.60,–,10.4,4.53,0.846,–
,,,,,,,,,,,,,,,,,,,,,,,,,,,,,,,,,,,,,,,,,,,,,,,,,,,,,,,
WT,WT10.5X46.5,WT10.5X46.5,–,46.5,13.7,10.8,10  3/4 ,0.580,  9/16,  5/16,6.270 ,8.42,8  3/8 ,0.930, 15/16,1.43,1  5/8 ,–,–,5  1/2 ,–,–,4.53,–,18.6,–,–,18.6,144,17.9,3.25,2.74,31.8,0.812,46.4,11.0,1.84,–,17.3,–,–,–,–,–,–,–,–,–,–,3.01,–,9.33,4.37,0.730,–
WT,WT10.5X41.5,WT10.5X41.5,–,41.5,12.2,10.7,10  5/8 ,0.515,  1/2 ,  1/4 ,5.520 ,8.36,8  3/8 ,0.835, 13/16,1.34,1  1/2 ,–,–,5  1/2 ,–,–,5.00,–,20.8,–,–,20.8,127,15.7,3.22,2.66,28.0,0.728,40.7,9.74,1.83,–,15.2,–,–,–,–,–,–,–,–,–,–,2.16,–,6.50,4.33,0.732,–
WT,WT10.5X36.5,WT10.5X36.5,–,36.5,10.7,10.6,10  1/2 ,0.455,  7/16,  1/4 ,4.830 ,8.30,8  1/4 ,0.740,  3/4 ,1.24,1  7/16,–,–,5  1/2 ,–,–,5.60,–,23.3,–,–,23.3,110,13.8,3.21,2.60,24.4,0.647,35.3,8.51,1.81,–,13.3,–,–,–,–,–,–,–,–,–,–,1.51,–,4.42,4.30,0.732,–
WT,WT10.5X34,WT10.5X34,–,34.0,10.0,10.6,10  1/2 ,0.430,  7/16,  1/4 ,4.540 ,8.27,8  1/4 ,0.685, 11/16,1.19,1  3/8 ,–,–,5  1/2 ,–,–,6.04,–,24.7,–,–,24.7,103,12.9,3.20,2.59,22.9,0.606,32.4,7.83,1.80,–,12.2,–,–,–,–,–,–,–,–,–,–,1.22,–,3.62,4.30,0.728,–
WT,WT10.5X31,WT10.5X31,–,31.0,9.13,10.5,10  1/2 ,0.400,  3/8 ,  3/16,4.200 ,8.24,8  1/4 ,0.615,  5/8 ,1.12,1  5/16,–,–,5  1/2 ,–,–,6.70,–,26.3,–,–,26.3,93.8,11.9,3.21,2.58,21.1,0.554,28.7,6.97,1.77,–,10.9,–,–,–,–,–,–,–,–,–,–,0.913,–,2.78,4.31,0.721,–
WT,WT10.5X27.5,WT10.5X27.5,–,27.5,8.10,10.4,10  3/8 ,0.375,  3/8 ,  3/16,3.900 ,8.22,8  1/4 ,0.522,  1/2 ,1.02,1  3/16,–,–,5  1/2 ,–,–,7.87,–,27.7,–,–,27.7,84.4,10.9,3.23,2.64,19.4,0.493,24.2,5.89,1.73,–,9.18,–,–,–,–,–,–,–,–,–,–,0.617,–,2.08,4.37,0.703,–
WT,WT10.5X24,WT10.5X24,–,24.0,7.07,10.3,10  1/4 ,0.350,  3/8 ,  3/16,3.610 ,8.14,8  1/8 ,0.430,  7/16,0.930,1  1/8 ,–,–,5  1/2 ,–,–,9.47,–,29.4,–,–,29.4,74.9,9.90,3.26,2.74,17.8,0.459,19.4,4.76,1.66,–,7.44,–,–,–,–,–,–,–,–,–,–,0.400,–,1.52,4.44,0.676,–
,,,,,,,,,,,,,,,,,,,,,,,,,,,,,,,,,,,,,,,,,,,,,,,,,,,,,,,
WT,WT10.5X28.5,WT10.5X28.5,–,28.5,8.37,10.5,10  1/2 ,0.405,  3/8 ,  3/16,4.260 ,6.56,6  1/2 ,0.650,  5/8 ,1.15,1  5/16,–,–,3  1/2 ,–,–,5.04,–,25.9,–,–,25.9,90.4,11.8,3.29,2.85,21.2,0.638,15.3,4.67,1.35,–,7.40,–,–,–,–,–,–,–,–,–,–,0.884,–,2.50,4.36,0.665,–
WT,WT10.5X25,WT10.5X25,–,25.0,7.36,10.4,10  3/8 ,0.380,  3/8 ,  3/16,3.960 ,6.53,6  1/2 ,0.535,  9/16,1.04,1  1/4 ,–,–,3  1/2 ,–,–,6.10,–,27.4,–,–,27.4,80.3,10.7,3.30,2.93,19.4,0.771,12.5,3.82,1.30,–,6.08,–,–,–,–,–,–,–,–,–,–,0.570,–,1.89,4.44,0.640,–
WT,WT10.5X22,WT10.5X22,–,22.0,6.49,10.3,10  1/4 ,0.350,  3/8 ,  3/16,3.620 ,6.50,6  1/2 ,0.450,  7/16,0.950,1  1/8 ,–,–,3  1/2 ,–,–,7.22,–,29.4,–,–,29.4,71.1,9.68,3.31,2.98,17.6,1.06,10.3,3.18,1.26,–,5.07,–,–,–,–,–,–,–,–,–,–,0.383,–,1.40,4.49,0.623,–
,,,,,,,,,,,,,,,,,,,,,,,,,,,,,,,,,,,,,,,,,,,,,,,,,,,,,,,
WT,WT9X155.5,WT9X155.5,–,155.5,45.8,11.2,11  1/8 ,1.52,1  1/2 ,  3/4 ,17.000 ,12.0,12      ,2.74,2  3/4 ,3.24,3  9/16,–,–,5  1/2 ,–,–,2.19,–,7.37,–,–,7.37,383,46.6,2.89,2.93,90.6,1.91,398,66.2,2.95,–,104,–,–,–,–,–,–,–,–,–,–,87.2,–,339,4.41,0.875,–
WT,WT9X141.5,WT9X141.5,–,141.5,41.7,10.9,10  7/8 ,1.40,1  3/8 , 11/16,15.300 ,11.9,11  7/8 ,2.50,2  1/2 ,3.00,3  3/8 ,–,–,5  1/2 ,–,–,2.38,–,7.79,–,–,7.79,337,41.5,2.85,2.80,80.2,1.75,352,59.2,2.91,–,92.5,–,–,–,–,–,–,–,–,–,–,66.5,–,251,4.36,0.873,–
WT,WT9X129,WT9X129,–,129,38.0,10.7,10  5/8 ,1.28,1  1/4 ,  5/8 ,13.700 ,11.8,11  3/4 ,2.30,2  5/16,2.70,3  3/16,–,–,5  1/2 ,–,–,2.56,–,8.36,–,–,8.36,298,37.0,2.80,2.68,71.0,1.61,314,53.4,2.88,–,83.1,–,–,–,–,–,–,–,–,–,–,51.1,–,189,4.30,0.874,–
WT,WT9X117,WT9X117,–,117,34.3,10.5,10  1/2 ,1.16,1  3/16,  5/8 ,12.200 ,11.7,11  5/8 ,2.11,2  1/8 ,2.51,3      ,–,–,5  1/2 ,–,–,2.76,–,9.05,–,–,9.05,261,32.7,2.75,2.55,62.4,1.48,279,47.9,2.85,–,74.4,–,–,–,–,–,–,–,–,–,–,39.1,–,140,4.23,0.875,–
WT,WT9X105.5,WT9X105.5,–,105.5,31.2,10.3,10  1/4 ,1.06,1  1/16,  9/16,11.000 ,11.6,11  1/2 ,1.91,1 15/16,2.31,2 13/16,–,–,5  1/2 ,–,–,3.02,–,9.72,–,–,9.72,229,29.1,2.72,2.44,55.0,1.34,246,42.7,2.82,–,66.1,–,–,–,–,–,–,–,–,–,–,29.1,–,102,4.19,0.874,–
WT,WT9X96,WT9X96,–,96.0,28.1,10.2,10  1/8 ,0.960, 15/16,  1/2 ,9.770 ,11.5,11  1/2 ,1.75,1  3/4 ,2.15,2  5/8 ,–,–,5  1/2 ,–,–,3.27,–,10.6,–,–,10.6,202,25.8,2.68,2.34,48.5,1.23,220,38.4,2.79,–,59.4,–,–,–,–,–,–,–,–,–,–,22.3,–,75.7,4.13,0.875,–
WT,WT9X87.5,WT9X87.5,–,87.5,25.7,10.0,10      ,0.890,  7/8 ,  7/16,8.920 ,11.4,11  3/8 ,1.59,1  9/16,1.99,2  7/16,–,–,5  1/2 ,–,–,3.58,–,11.2,–,–,11.2,181,23.4,2.66,2.26,43.6,1.13,196,34.4,2.76,–,53.1,–,–,–,–,–,–,–,–,–,–,16.8,–,56.5,4.10,0.872,–
WT,WT9X79,WT9X79,–,79.0,23.2,9.86,9  3/4 ,0.810, 13/16,  7/16,7.990 ,11.3,11  1/4 ,1.44,1  7/16,1.84,2  3/8 ,–,–,5  1/2 ,–,–,3.92,–,12.2,–,–,12.2,160,20.8,2.63,2.17,38.5,1.02,174,30.7,2.74,–,47.4,–,–,–,–,–,–,–,–,–,–,12.5,–,41.2,4.06,0.872,–
WT,WT9X71.5,WT9X71.5,–,71.5,21.0,9.75,9  3/4 ,0.730,  3/4 ,  3/8 ,7.110 ,11.2,11  1/4 ,1.32,1  5/16,1.72,2  3/16,–,–,5  1/2 ,–,–,4.25,–,13.4,–,–,13.4,142,18.5,2.60,2.09,34.0,0.937,156,27.7,2.72,–,42.7,–,–,–,–,–,–,–,–,–,–,9.58,–,30.7,4.02,0.874,–
WT,WT9X65,WT9X65,–,65.0,19.2,9.63,9  5/8 ,0.670, 11/16,  3/8 ,6.450 ,11.2,11  1/8 ,1.20,1  3/16,1.60,2  1/16,–,–,5  1/2 ,–,–,4.65,–,14.4,–,–,14.4,127,16.7,2.58,2.02,30.5,0.856,139,24.9,2.70,–,38.3,–,–,–,–,–,–,–,–,–,–,7.23,–,22.8,4.00,0.873,–
WT,WT9X59.5,WT9X59.5,–,59.5,17.6,9.49,9  3/8 ,0.655,  5/8 ,  5/16,6.210 ,11.3,11  1/4 ,1.06,1  1/16,1.46,1 15/16,–,–,5  1/2 ,–,–,5.31,–,14.5,–,–,14.5,119,15.9,2.60,2.03,28.7,0.778,126,22.5,2.69,–,34.5,–,–,–,–,–,–,–,–,–,–,5.30,–,17.4,4.03,0.862,–
WT,WT9X53,WT9X53,–,53.0,15.6,9.37,9  1/4 ,0.590,  9/16,  5/16,5.530 ,11.2,11  1/4 ,0.940, 15/16,1.34,1 13/16,–,–,5  1/2 ,–,–,5.96,–,15.9,–,–,15.9,104,14.1,2.59,1.97,25.2,0.695,110,19.7,2.66,–,30.2,–,–,–,–,–,–,–,–,–,–,3.73,–,12.1,4.00,0.860,–
WT,WT9X48.5,WT9X48.5,–,48.5,14.2,9.30,9  1/4 ,0.535,  9/16,  5/16,4.970 ,11.1,11  1/8 ,0.870,  7/8 ,1.27,1  3/4 ,–,–,5  1/2 ,–,–,6.41,–,17.4,–,–,17.4,93.8,12.7,2.56,1.91,22.6,0.640,100,18.0,2.65,–,27.6,–,–,–,–,–,–,–,–,–,–,2.92,–,9.29,3.97,0.863,–
WT,WT9X43,WT9X43,–,43.0,12.7,9.20,9  1/8 ,0.480,  1/2 ,  1/4 ,4.410 ,11.1,11  1/8 ,0.770,  3/4 ,1.17,1  5/8 ,–,–,5  1/2 ,–,–,7.20,–,19.2,–,–,19.2,82.4,11.2,2.55,1.86,19.9,0.570,87.6,15.8,2.63,–,24.2,–,–,–,–,–,–,–,–,–,–,2.04,–,6.42,3.95,0.861,–
WT,WT9X38,WT9X38,–,38.0,11.1,9.11,9      ,0.425,  7/16,  1/4 ,3.870 ,11.0,11      ,0.680, 11/16,1.08,1  9/16,–,–,5  1/2 ,–,–,8.11,–,21.4,–,–,21.4,71.8,9.83,2.54,1.80,17.3,0.505,76.2,13.8,2.61,–,21.1,–,–,–,–,–,–,–,–,–,–,1.41,–,4.37,3.93,0.861,–
,,,,,,,,,,,,,,,,,,,,,,,,,,,,,,,,,,,,,,,,,,,,,,,,,,,,,,,
WT,WT9X35.5,WT9X35.5,–,35.5,10.4,9.24,9  1/8 ,0.495,  1/2 ,  1/4 ,4.570 ,7.64,7  5/8 ,0.810, 13/16,1.21,1  1/2 ,–,–,3  1/2 ,–,–,4.71,–,18.7,–,–,18.7,78.2,11.2,2.74,2.26,20.0,0.683,30.1,7.89,1.70,–,12.3,–,–,–,–,–,–,–,–,–,–,1.74,–,3.96,3.72,0.752,–
WT,WT9X32.5,WT9X32.5,–,32.5,9.55,9.18,9  1/8 ,0.450,  7/16,  1/4 ,4.130 ,7.59,7  5/8 ,0.750,  3/4 ,1.15,1  7/16,–,–,3  1/2 ,–,–,5.06,–,20.4,–,–,20.4,70.7,10.1,2.72,2.20,18.0,0.629,27.4,7.22,1.69,–,11.2,–,–,–,–,–,–,–,–,–,–,1.36,–,3.01,3.69,0.755,–
WT,WT9X30,WT9X30,–,30.0,8.82,9.12,9      ,0.415,  7/16,  1/4 ,3.780 ,7.56,7  1/2 ,0.695, 11/16,1.10,1  3/8 ,–,–,3  1/2 ,–,–,5.44,–,22.0,–,–,22.0,64.7,9.29,2.71,2.16,16.5,0.583,25.0,6.63,1.68,–,10.3,–,–,–,–,–,–,–,–,–,–,1.08,–,2.35,3.67,0.756,–
WT,WT9X27.5,WT9X27.5,–,27.5,8.10,9.06,9      ,0.390,  3/8 ,  3/16,3.530 ,7.53,7  1/2 ,0.630,  5/8 ,1.03,1  5/16,–,–,3  1/2 ,–,–,5.98,–,23.2,–,–,23.2,59.5,8.63,2.71,2.16,15.3,0.538,22.5,5.97,1.67,–,9.26,–,–,–,–,–,–,–,–,–,–,0.830,–,1.84,3.68,0.749,–
WT,WT9X25,WT9X25,–,25.0,7.34,9.00,9      ,0.355,  3/8 ,  3/16,3.190 ,7.50,7  1/2 ,0.570,  9/16,0.972,1  1/4 ,–,–,3  1/2 ,–,–,6.57,–,25.4,–,–,25.4,53.5,7.79,2.70,2.12,13.8,0.489,20.0,5.35,1.65,–,8.28,–,–,–,–,–,–,–,–,–,–,0.619,–,1.36,3.66,0.748,–
,,,,,,,,,,,,,,,,,,,,,,,,,,,,,,,,,,,,,,,,,,,,,,,,,,,,,,,
WT,WT9X23,WT9X23,–,23.0,6.77,9.03,9      ,0.360,  3/8 ,  3/16,3.250 ,6.06,6      ,0.605,  5/8 ,1.01,1  1/4 ,–,–,3  1/2 ,–,–,5.01,–,25.1,–,–,25.1,52.1,7.77,2.77,2.33,13.9,0.558,11.3,3.71,1.29,–,5.84,–,–,–,–,–,–,–,–,–,–,0.609,–,1.20,3.67,0.695,–
WT,WT9X20,WT9X20,–,20.0,5.88,8.95,8  7/8 ,0.315,  5/16,  3/16,2.820 ,6.02,6      ,0.525,  1/2 ,0.927,1  3/16,–,–,3  1/2 ,–,–,5.73,–,28.4,–,–,28.4,44.8,6.73,2.76,2.29,12.0,0.489,9.55,3.17,1.27,–,4.97,–,–,–,–,–,–,–,–,–,–,0.404,–,0.788,3.65,0.693,–
WT,WT9X17.5,WT9X17.5,–,17.5,5.15,8.85,8  3/4 ,0.300,  5/16,  3/16,2.660 ,6.00,6      ,0.425,  7/16,0.827,1  1/8 ,–,–,3  1/2 ,–,–,7.06,–,29.5,–,–,29.5,40.1,6.21,2.79,2.39,11.2,0.450,7.67,2.56,1.22,–,4.02,–,–,–,–,–,–,–,–,–,–,0.252,–,0.598,3.74,0.662,–
,,,,,,,,,,,,,,,,,,,,,,,,,,,,,,,,,,,,,,,,,,,,,,,,,,,,,,,
WT,WT8X50,WT8X50,–,50.0,14.7,8.49,8  3/8 ,0.585,  9/16,  5/16,4.960 ,10.4,10  3/8 ,0.985,1      ,1.39,1  7/8 ,–,–,5  1/2 ,–,–,5.29,–,14.5,–,–,14.5,76.8,11.4,2.28,1.76,20.7,0.706,93.1,17.9,2.51,–,27.4,–,–,–,–,–,–,–,–,–,–,3.85,–,10.4,3.63,0.878,–
WT,WT8X44.5,WT8X44.5,–,44.5,13.1,8.38,8  3/8 ,0.525,  1/2 ,  1/4 ,4.400 ,10.4,10  3/8 ,0.875,  7/8 ,1.28,1  3/4 ,–,–,5  1/2 ,–,–,5.92,–,16.0,–,–,16.0,67.2,10.1,2.27,1.70,18.1,0.631,81.3,15.7,2.49,–,24.0,–,–,–,–,–,–,–,–,–,–,2.72,–,7.19,3.60,0.877,–
WT,WT8X38.5,WT8X38.5,–,38.5,11.3,8.26,8  1/4 ,0.455,  7/16,  1/4 ,3.760 ,10.3,10  1/4 ,0.760,  3/4 ,1.16,1  5/8 ,–,–,5  1/2 ,–,–,6.77,–,18.2,–,–,18.2,56.9,8.59,2.24,1.63,15.3,0.549,69.2,13.4,2.47,–,20.5,–,–,–,–,–,–,–,–,–,–,1.78,–,4.61,3.57,0.877,–
WT,WT8X33.5,WT8X33.5,–,33.5,9.81,8.17,8  1/8 ,0.395,  3/8 ,  3/16,3.230 ,10.2,10  1/4 ,0.665, 11/16,1.07,1  9/16,–,–,5  1/2 ,–,–,7.70,–,20.7,–,–,20.7,48.6,7.36,2.22,1.56,13.0,0.481,59.5,11.6,2.46,–,17.7,–,–,–,–,–,–,–,–,–,–,1.19,–,3.01,3.54,0.879,–
,,,,,,,,,,,,,,,,,,,,,,,,,,,,,,,,,,,,,,,,,,,,,,,,,,,,,,,
WT,WT8X28.5,WT8X28.5,–,28.5,8.39,8.22,8  1/8 ,0.430,  7/16,  1/4 ,3.530 ,7.12,7  1/8 ,0.715, 11/16,1.12,1  3/8 ,–,–,3  1/2 ,–,–,4.98,–,19.1,–,–,19.1,48.7,7.77,2.41,1.94,13.8,0.589,21.6,6.06,1.60,–,9.42,–,–,–,–,–,–,–,–,–,–,1.10,–,1.99,3.30,0.770,–
WT,WT8X25,WT8X25,–,25.0,7.37,8.13,8  1/8 ,0.380,  3/8 ,  3/16,3.090 ,7.07,7  1/8 ,0.630,  5/8 ,1.03,1  5/16,–,–,3  1/2 ,–,–,5.61,–,21.4,–,–,21.4,42.3,6.78,2.40,1.89,12.0,0.521,18.6,5.26,1.59,–,8.15,–,–,–,–,–,–,–,–,–,–,0.760,–,1.34,3.28,0.769,–
WT,WT8X22.5,WT8X22.5,–,22.5,6.63,8.07,8      ,0.345,  3/8 ,  3/16,2.780 ,7.04,7      ,0.565,  9/16,0.967,1  1/4 ,–,–,3  1/2 ,–,–,6.23,–,23.4,–,–,23.4,37.8,6.10,2.39,1.86,10.8,0.471,16.4,4.67,1.57,–,7.22,–,–,–,–,–,–,–,–,–,–,0.555,–,0.974,3.27,0.767,–
WT,WT8X20,WT8X20,–,20.0,5.89,8.01,8      ,0.305,  5/16,  3/16,2.440 ,7.00,7      ,0.505,  1/2 ,0.907,1  3/16,–,–,3  1/2 ,–,–,6.93,–,26.3,–,–,26.3,33.1,5.35,2.37,1.81,9.43,0.421,14.4,4.12,1.56,–,6.36,–,–,–,–,–,–,–,–,–,–,0.396,–,0.673,3.24,0.769,–
WT,WT8X18,WT8X18,–,18.0,5.29,7.93,7  7/8 ,0.295,  5/16,  3/16,2.340 ,6.99,7      ,0.430,  7/16,0.832,1  1/8 ,–,–,3  1/2 ,–,–,8.12,–,26.9,–,–,26.9,30.6,5.05,2.41,1.88,8.93,0.378,12.2,3.50,1.52,–,5.42,–,–,–,–,–,–,–,–,–,–,0.272,–,0.516,3.30,0.745,–
,,,,,,,,,,,,,,,,,,,,,,,,,,,,,,,,,,,,,,,,,,,,,,,,,,,,,,,
WT,WT8X15.5,WT8X15.5,–,15.5,4.56,7.94,7  7/8 ,0.275,  1/4 ,  1/8 ,2.180 ,5.53,5  1/2 ,0.440,  7/16,0.842,1  1/8 ,–,–,3  1/2 ,–,–,6.28,–,28.9,–,–,28.9,27.5,4.64,2.45,2.02,8.27,0.413,6.20,2.24,1.17,–,3.51,–,–,–,–,–,–,–,–,–,–,0.230,–,0.366,3.26,0.695,–
WT,WT8X13,WT8X13,–,13.0,3.84,7.85,7  3/4 ,0.250,  1/4 ,  1/8 ,1.960 ,5.50,5  1/2 ,0.345,  3/8 ,0.747,1  1/16,–,–,3  1/2 ,–,–,7.97,–,31.4,–,–,31.4,23.5,4.09,2.47,2.09,7.36,0.372,4.79,1.74,1.12,–,2.73,–,–,–,–,–,–,–,–,–,–,0.130,–,0.243,3.32,0.667,–
,,,,,,,,,,,,,,,,,,,,,,,,,,,,,,,,,,,,,,,,,,,,,,,,,,,,,,,
WT,WT7X436.5,WT7X436.5,–,436.5,129,11.8,11  3/4 ,3.94,3 15/16,2      ,46.500 ,18.8,18  3/4 ,5.51,5  1/2 ,6.10,6  3/16,–,–,8  1/2 ,3.00,–,1.71,–,2.99,–,–,2.99,1040,131,2.84,3.88,281,3.43,3080,328,4.89,–,511,–,–,–,–,–,–,–,–,–,–,1110,–,8980,5.76,0.962,–
WT,WT7X404,WT7X404,–,404,119,11.4,11  3/8 ,3.74,3  3/4 ,1  7/8 ,42.600 ,18.6,18  5/8 ,5.12,5  1/8 ,5.71,5  3/4 ,–,–,8  1/2 ,3.00,–,1.82,–,3.05,–,–,3.05,898,116,2.75,3.69,249,3.20,2770,298,4.82,–,465,–,–,–,–,–,–,–,–,–,–,898,–,7000,5.67,0.960,–
WT,WT7X365,WT7X365,–,365,107,11.2,11  1/8 ,3.07,3  1/16,1  9/16,34.400 ,17.9,17  7/8 ,4.91,4 15/16,5.51,6  3/16,–,–,7  1/2 ,3.00,–,1.82,–,3.65,–,–,3.65,739,95.4,2.62,3.47,211,3.00,2360,264,4.69,–,408,–,–,–,–,–,–,–,–,–,–,714,–,5250,5.47,0.966,–
WT,WT7X332.5,WT7X332.5,–,332.5,97.8,10.8,10  3/4 ,2.83,2 13/16,1  7/16,30.600 ,17.7,17  5/8 ,4.52,4  1/2 ,5.12,5 13/16,–,–,7  1/2 ,3.00,–,1.95,–,3.82,–,–,3.82,622,82.1,2.52,3.25,182,2.77,2080,236,4.62,–,365,–,–,–,–,–,–,–,–,–,–,555,–,3920,5.35,0.966,–
WT,WT7X302.5,WT7X302.5,–,302.5,89.0,10.5,10  1/2 ,2.60,2  5/8 ,1  5/16,27.100 ,17.4,17  3/8 ,4.16,4  3/16,4.76,5  7/16,–,–,7  1/2 ,3.00,–,2.09,–,4.04,–,–,4.04,524,70.6,2.43,3.05,157,2.55,1840,211,4.55,–,326,–,–,–,–,–,–,–,–,–,–,430,–,2930,5.24,0.966,–
WT,WT7X275,WT7X275,–,275,80.9,10.1,10      ,2.38,2  3/8 ,1  3/16,24.100 ,17.2,17  1/4 ,3.82,3 13/16,4.42,5  1/8 ,–,–,7  1/2 ,3.00,–,2.25,–,4.24,–,–,4.24,442,60.9,2.34,2.85,136,2.35,1630,189,4.49,–,292,–,–,–,–,–,–,–,–,–,–,331,–,2180,5.15,0.966,–
WT,WT7X250,WT7X250,–,250,73.5,9.80,9  3/4 ,2.19,2  3/16,1  1/8 ,21.500 ,17.0,17      ,3.50,3  1/2 ,4.10,4 13/16,–,–,7  1/2 ,3.00,–,2.43,–,4.47,–,–,4.47,375,52.7,2.26,2.67,117,2.16,1440,169,4.43,–,261,–,–,–,–,–,–,–,–,–,–,254,–,1620,5.06,0.967,–
WT,WT7X227.5,WT7X227.5,–,227.5,66.9,9.51,9  1/2 ,2.02,2      ,1      ,19.200 ,16.8,16  7/8 ,3.21,3  3/16,3.81,4  1/2 ,–,–,7  1/2 ,3.00,–,2.62,–,4.71,–,–,4.71,321,45.9,2.19,2.51,102,1.99,1280,152,4.38,–,234,–,–,–,–,–,–,–,–,–,–,196,–,1210,4.98,0.967,–
WT,WT7X213,WT7X213,–,213,62.7,9.34,9  1/4 ,1.88,1  7/8 , 15/16,17.500 ,16.7,16  3/4 ,3.04,3  1/16,3.63,4  5/16,–,–,7  1/2 ,3.00,–,2.75,–,4.97,–,–,4.97,287,41.4,2.14,2.40,91.7,1.88,1180,141,4.34,–,217,–,–,–,–,–,–,–,–,–,–,164,–,991,4.92,0.968,–
WT,WT7X199,WT7X199,–,199,58.4,9.15,9  1/8 ,1.77,1  3/4 ,  7/8 ,16.200 ,16.6,16  5/8 ,2.85,2  7/8 ,3.44,4  1/8 ,–,–,7  1/2 ,3.00,–,2.92,–,5.17,–,–,5.17,257,37.6,2.10,2.30,82.9,1.76,1090,131,4.31,–,201,–,–,–,–,–,–,–,–,–,–,135,–,801,4.87,0.968,–
WT,WT7X185,WT7X185,–,185,54.4,8.96,8  7/8 ,1.66,1 11/16, 13/16,14.800 ,16.5,16  1/2 ,2.66,2 11/16,3.26,3 15/16,–,–,7  1/2 ,3.00,–,3.10,–,5.40,–,–,5.40,229,33.9,2.05,2.19,74.4,1.65,994,121,4.27,–,185,–,–,–,–,–,–,–,–,–,–,110,–,640,4.82,0.968,–
WT,WT7X171,WT7X171,–,171,50.3,8.77,8  3/4 ,1.54,1  9/16, 13/16,13.500 ,16.4,16  3/8 ,2.47,2  1/2 ,3.07,3  3/4 ,–,–,7  1/2 ,3.00,–,3.31,–,5.69,–,–,5.69,203,30.4,2.01,2.09,66.2,1.54,903,110,4.24,–,169,–,–,–,–,–,–,–,–,–,–,88.3,–,502,4.77,0.968,–
WT,WT7X155.5,WT7X155.5,–,155.5,45.7,8.56,8  1/2 ,1.41,1  7/16,  3/4 ,12.100 ,16.2,16  1/4 ,2.26,2  1/4 ,2.86,3  9/16,–,–,7  1/2 ,3.00,–,3.59,–,6.07,–,–,6.07,176,26.7,1.96,1.97,57.7,1.41,807,99.4,4.20,–,152,–,–,–,–,–,–,–,–,–,–,67.5,–,375,4.71,0.969,–
WT,WT7X141.5,WT7X141.5,–,141.5,41.6,8.37,8  1/4 ,1.29,1  5/16, 11/16,10.800 ,16.1,16  1/8 ,2.07,2  1/16,2.67,3  3/8 ,–,–,7  1/2 ,3.00,–,3.89,–,6.49,–,–,6.49,153,23.5,1.92,1.86,50.4,1.29,722,89.7,4.17,–,137,–,–,–,–,–,–,–,–,–,–,51.8,–,281,4.66,0.969,–
WT,WT7X128.5,WT7X128.5,–,128.5,37.8,8.19,8  1/8 ,1.18,1  3/16,  5/8 ,9.620 ,16.0,16      ,1.89,1  7/8 ,2.49,3  3/16,–,–,7  1/2 ,3.00,–,4.23,–,6.94,–,–,6.94,133,20.7,1.88,1.75,43.9,1.18,645,80.7,4.13,–,123,–,–,–,–,–,–,–,–,–,–,39.3,–,209,4.61,0.969,–
WT,WT7X116.5,WT7X116.5,–,116.5,34.2,8.02,8      ,1.07,1  1/16,  9/16,8.580 ,15.9,15  7/8 ,1.72,1  3/4 ,2.32,3      ,–,–,7  1/2 ,3.00,–,4.62,–,7.50,–,–,7.50,116,18.2,1.84,1.65,38.2,1.08,576,72.5,4.10,–,110,–,–,–,–,–,–,–,–,–,–,29.6,–,154,4.57,0.970,–
WT,WT7X105.5,WT7X105.5,–,105.5,31.0,7.86,7  3/4 ,0.980,1      ,  1/2 ,7.700 ,15.8,15  3/4 ,1.56,1  9/16,2.16,2  7/8 ,–,–,7  1/2 ,3.00,–,5.06,–,8.02,–,–,8.02,102,16.2,1.81,1.57,33.4,0.980,513,65.0,4.07,–,98.9,–,–,–,–,–,–,–,–,–,–,22.2,–,113,4.52,0.970,–
WT,WT7X96.5,WT7X96.5,–,96.5,28.4,7.74,7  5/8 ,0.890,  7/8 ,  7/16,6.890 ,15.7,15  3/4 ,1.44,1  7/16,2.04,2  3/4 ,–,–,7  1/2 ,3.00,–,5.45,–,8.70,–,–,8.70,89.8,14.4,1.78,1.49,29.4,0.903,466,59.3,4.05,–,90.1,–,–,–,–,–,–,–,–,–,–,17.3,–,87.2,4.49,0.971,–
WT,WT7X88,WT7X88,–,88.0,25.9,7.61,7  1/2 ,0.830, 13/16,  7/16,6.320 ,15.7,15  5/8 ,1.31,1  5/16,1.91,2  5/8 ,–,–,7  1/2 ,3.00,–,5.97,–,9.17,–,–,9.17,80.5,13.0,1.76,1.43,26.3,0.827,419,53.5,4.02,–,81.3,–,–,–,–,–,–,–,–,–,–,13.2,–,65.2,4.46,0.970,–
WT,WT7X79.5,WT7X79.5,–,79.5,23.4,7.49,7  3/8 ,0.745,  3/4 ,  3/8 ,5.580 ,15.6,15  5/8 ,1.19,1  3/16,1.79,2  1/2 ,–,–,7  1/2 ,3.00,–,6.54,–,10.1,–,–,10.1,70.2,11.4,1.73,1.35,22.8,0.751,374,48.1,4.00,–,73.0,–,–,–,–,–,–,–,–,–,–,9.84,–,47.9,4.43,0.971,–
WT,WT7X72.5,WT7X72.5,–,72.5,21.3,7.39,7  3/8 ,0.680, 11/16,  3/8 ,5.030 ,15.5,15  1/2 ,1.09,1  1/16,1.69,2  3/8 ,–,–,7  1/2 ,3.00,–,7.11,–,10.9,–,–,10.9,62.5,10.2,1.71,1.29,20.2,0.688,338,43.7,3.98,–,66.2,–,–,–,–,–,–,–,–,–,–,7.56,–,36.3,4.40,0.971,–
,,,,,,,,,,,,,,,,,,,,,,,,,,,,,,,,,,,,,,,,,,,,,,,,,,,,,,,
WT,WT7X66,WT7X66,–,66.0,19.4,7.33,7  1/4 ,0.645,  5/8 ,  5/16,4.730 ,14.7,14  3/4 ,1.03,1      ,1.63,2  5/16,–,–,5  1/2 ,–,–,7.15,–,11.4,–,–,11.4,57.8,9.57,1.73,1.29,18.6,0.658,274,37.2,3.76,–,56.5,–,–,–,–,–,–,–,–,–,–,6.13,–,26.6,4.21,0.966,–
WT,WT7X60,WT7X60,–,60.0,17.7,7.24,7  1/8 ,0.590,  9/16,  5/16,4.270 ,14.7,14  5/8 ,0.940, 15/16,1.54,2  1/4 ,–,–,5  1/2 ,–,–,7.80,–,12.3,–,–,12.3,51.7,8.61,1.71,1.24,16.5,0.602,247,33.7,3.74,–,51.2,–,–,–,–,–,–,–,–,–,–,4.67,–,20.0,4.19,0.966,–
WT,WT7X54.5,WT7X54.5,–,54.5,16.0,7.16,7  1/8 ,0.525,  1/2 ,  1/4 ,3.760 ,14.6,14  5/8 ,0.860,  7/8 ,1.46,2  3/16,–,–,5  1/2 ,–,–,8.49,–,13.6,–,–,13.6,45.3,7.56,1.68,1.17,14.4,0.548,223,30.6,3.73,–,46.3,–,–,–,–,–,–,–,–,–,–,3.55,–,15.0,4.16,0.968,–
WT,WT7X49.5,WT7X49.5,–,49.5,14.6,7.08,7      ,0.485,  1/2 ,  1/4 ,3.430 ,14.6,14  5/8 ,0.780,  3/4 ,1.38,2  1/16,–,–,5  1/2 ,–,–,9.34,–,14.6,–,–,14.6,40.9,6.88,1.67,1.14,12.9,0.500,201,27.6,3.71,–,41.8,–,–,–,–,–,–,–,–,–,–,2.68,–,11.1,4.14,0.967,–
WT,WT7X45,WT7X45,–,45.0,13.2,7.01,7      ,0.440,  7/16,  1/4 ,3.080 ,14.5,14  1/2 ,0.710, 11/16,1.31,2      ,–,–,5  1/2 ,–,–,10.2,–,15.9,–,–,15.9,36.5,6.16,1.66,1.09,11.5,0.456,181,25.0,3.70,–,37.8,–,–,–,–,–,–,–,–,–,–,2.03,–,8.31,4.12,0.968,–
,,,,,,,,,,,,,,,,,,,,,,,,,,,,,,,,,,,,,,,,,,,,,,,,,,,,,,,
WT,WT7X41,WT7X41,–,41.0,12.0,7.16,7  1/8 ,0.510,  1/2 ,  1/4 ,3.650 ,10.1,10  1/8 ,0.855,  7/8 ,1.45,1 11/16,–,–,5  1/2 ,–,–,5.92,–,14.0,–,–,14.0,41.2,7.14,1.85,1.39,13.2,0.593,74.1,14.6,2.48,–,22.4,–,–,–,–,–,–,–,–,–,–,2.53,–,5.63,3.24,0.912,–
WT,WT7X37,WT7X37,–,37.0,10.9,7.09,7      ,0.450,  7/16,  1/4 ,3.190 ,10.1,10  1/8 ,0.785, 13/16,1.38,1  5/8 ,–,–,5  1/2 ,–,–,6.41,–,15.8,–,–,15.8,36.0,6.25,1.82,1.32,11.5,0.541,66.9,13.3,2.48,–,20.2,–,–,–,–,–,–,–,–,–,–,1.93,–,4.19,3.21,0.916,–
WT,WT7X34,WT7X34,–,34.0,10.0,7.02,7      ,0.415,  7/16,  1/4 ,2.910 ,10.0,10      ,0.720,  3/4 ,1.31,1  9/16,–,–,5  1/2 ,–,–,6.97,–,16.9,–,–,16.9,32.6,5.69,1.81,1.29,10.4,0.498,60.7,12.1,2.46,–,18.4,–,–,–,–,–,–,–,–,–,–,1.50,–,3.21,3.19,0.916,–
WT,WT7X30.5,WT7X30.5,–,30.5,8.96,6.95,6  7/8 ,0.375,  3/8 ,  3/16,2.600 ,10.0,10      ,0.645,  5/8 ,1.24,1  1/2 ,–,–,5  1/2 ,–,–,7.75,–,18.5,–,–,18.5,28.9,5.07,1.80,1.25,9.15,0.448,53.7,10.7,2.45,–,16.4,–,–,–,–,–,–,–,–,–,–,1.09,–,2.29,3.17,0.915,–
,,,,,,,,,,,,,,,,,,,,,,,,,,,,,,,,,,,,,,,,,,,,,,,,,,,,,,,
WT,WT7X26.5,WT7X26.5,–,26.5,7.80,6.96,6  7/8 ,0.370,  3/8 ,  3/16,2.580 ,8.06,8      ,0.660, 11/16,1.25,1  1/2 ,–,–,5  1/2 ,–,–,6.11,–,18.8,–,–,18.8,27.6,4.94,1.88,1.38,8.87,0.484,28.8,7.15,1.92,–,11.0,–,–,–,–,–,–,–,–,–,–,0.967,–,1.46,2.89,0.868,–
WT,WT7X24,WT7X24,–,24.0,7.07,6.90,6  7/8 ,0.340,  5/16,  3/16,2.340 ,8.03,8      ,0.595,  5/8 ,1.19,1  7/16,–,–,5  1/2 ,–,–,6.75,–,20.3,–,–,20.3,24.9,4.49,1.88,1.35,8.00,0.440,25.7,6.40,1.91,–,9.80,–,–,–,–,–,–,–,–,–,–,0.723,–,1.07,2.87,0.866,–
WT,WT7X21.5,WT7X21.5,–,21.5,6.31,6.83,6  3/4 ,0.305,  5/16,  3/16,2.080 ,8.00,8      ,0.530,  1/2 ,1.12,1  3/8 ,–,–,5  1/2 ,–,–,7.54,–,22.4,–,–,22.4,21.9,3.98,1.86,1.31,7.05,0.395,22.6,5.65,1.89,–,8.64,–,–,–,–,–,–,–,–,–,–,0.522,–,0.751,2.86,0.865,–
,,,,,,,,,,,,,,,,,,,,,,,,,,,,,,,,,,,,,,,,,,,,,,,,,,,,,,,
WT,WT7X19,WT7X19,–,19.0,5.58,7.05,7      ,0.310,  5/16,  3/16,2.190 ,6.77,6  3/4 ,0.515,  1/2 ,0.915,1  1/4 ,–,–,3  1/2 ,–,–,6.57,–,22.7,–,–,22.7,23.3,4.22,2.04,1.54,7.45,0.412,13.3,3.94,1.55,–,6.07,–,–,–,–,–,–,–,–,–,–,0.398,–,0.554,2.86,0.799,–
WT,WT7X17,WT7X17,–,17.0,5.00,6.99,6  7/8 ,0.285,  5/16,  3/16,1.990 ,6.75,6  3/4 ,0.455,  7/16,0.855,1  3/16,–,–,3  1/2 ,–,–,7.41,–,24.5,–,–,24.5,20.9,3.83,2.04,1.53,6.74,0.371,11.6,3.45,1.53,–,5.32,–,–,–,–,–,–,–,–,–,–,0.284,–,0.400,2.87,0.792,–
WT,WT7X15,WT7X15,–,15.0,4.42,6.92,6  7/8 ,0.270,  1/4 ,  1/8 ,1.870 ,6.73,6  3/4 ,0.385,  3/8 ,0.785,1  1/8 ,–,–,3  1/2 ,–,–,8.74,–,25.6,–,–,25.6,19.0,3.55,2.07,1.58,6.25,0.329,9.79,2.91,1.49,–,4.49,–,–,–,–,–,–,–,–,–,–,0.190,–,0.287,2.90,0.772,–
,,,,,,,,,,,,,,,,,,,,,,,,,,,,,,,,,,,,,,,,,,,,,,,,,,,,,,,
WT,WT7X13,WT7X13,–,13.0,3.85,6.96,6  7/8 ,0.255,  1/4 ,  1/8 ,1.770 ,5.03,5      ,0.420,  7/16,0.820,1  1/8 ,–,–,2  3/4 ,–,–,5.98,–,27.3,–,–,27.3,17.3,3.31,2.12,1.72,5.89,0.383,4.45,1.77,1.08,–,2.76,–,–,–,–,–,–,–,–,–,–,0.179,–,0.207,2.82,0.712,–
WT,WT7X11,WT7X11,–,11.0,3.25,6.87,6  3/4 ,0.230,  1/4 ,  1/8 ,1.580 ,5.00,5      ,0.335,  5/16,0.735,1  1/16,–,–,2  3/4 ,–,–,7.46,–,29.9,–,–,29.9,14.8,2.91,2.14,1.76,5.20,0.325,3.50,1.40,1.04,–,2.19,–,–,–,–,–,–,–,–,–,–,0.104,–,0.134,2.86,0.689,–
,,,,,,,,,,,,,,,,,,,,,,,,,,,,,,,,,,,,,,,,,,,,,,,,,,,,,,,
WT,WT6X168,WT6X168,–,168,49.5,8.41,8  3/8 ,1.78,1  3/4 ,  7/8 ,14.900 ,13.4,13  3/8 ,2.96,2 15/16,3.55,3  7/8 ,–,–,5  1/2 ,–,–,2.26,–,4.72,–,–,4.72,190,31.2,1.96,2.31,68.4,1.84,593,88.6,3.47,–,137,–,–,–,–,–,–,–,–,–,–,120,–,481,4.07,0.958,–
WT,WT6X152.5,WT6X152.5,–,152.5,44.7,8.16,8  1/8 ,1.63,1  5/8 , 13/16,13.300 ,13.2,13  1/4 ,2.71,2 11/16,3.30,3  5/8 ,–,–,5  1/2 ,–,–,2.45,–,5.01,–,–,5.01,162,27.0,1.90,2.16,59.1,1.69,525,79.3,3.42,–,122,–,–,–,–,–,–,–,–,–,–,92.0,–,356,4.00,0.959,–
WT,WT6X139.5,WT6X139.5,–,139.5,41.0,7.93,7  7/8 ,1.53,1  1/2 ,  3/4 ,12.100 ,13.1,13  1/8 ,2.47,2  1/2 ,3.07,3  3/8 ,–,–,5  1/2 ,–,–,2.66,–,5.18,–,–,5.18,141,24.1,1.86,2.05,51.9,1.56,469,71.3,3.38,–,110,–,–,–,–,–,–,–,–,–,–,70.9,–,267,3.94,0.958,–
WT,WT6X126,WT6X126,–,126,37.1,7.71,7  5/8 ,1.40,1  3/8 , 11/16,10.700 ,13.0,13      ,2.25,2  1/4 ,2.85,3  1/8 ,–,–,5  1/2 ,–,–,2.89,–,5.51,–,–,5.51,121,20.9,1.81,1.92,44.8,1.42,414,63.6,3.34,–,97.9,–,–,–,–,–,–,–,–,–,–,53.5,–,195,3.88,0.958,–
WT,WT6X115,WT6X115,–,115,33.8,7.53,7  1/2 ,1.29,1  5/16, 11/16,9.670 ,12.9,12  7/8 ,2.07,2  1/16,2.67,2 15/16,–,–,5  1/2 ,–,–,3.11,–,5.84,–,–,5.84,106,18.5,1.77,1.82,39.4,1.31,371,57.5,3.31,–,88.4,–,–,–,–,–,–,–,–,–,–,41.6,–,148,3.83,0.958,–
WT,WT6X105,WT6X105,–,105,30.9,7.36,7  1/4 ,1.18,1  3/16,  5/8 ,6.680 ,12.8,12  3/4 ,1.90,1  7/8 ,2.50,2 13/16,–,–,5  1/2 ,–,–,3.37,–,6.24,–,–,6.24,92.1,16.4,1.73,1.72,34.5,1.21,332,51.9,3.28,–,79.7,–,–,–,–,–,–,–,–,–,–,32.1,–,112,3.79,0.958,–
WT,WT6X95,WT6X95,–,95.0,28.0,7.19,7  1/8 ,1.06,1  1/16,  9/16,7.620 ,12.7,12  5/8 ,1.74,1  3/4 ,2.33,2  5/8 ,–,–,5  1/2 ,–,–,3.65,–,6.78,–,–,6.78,79.0,14.2,1.68,1.62,29.8,1.10,295,46.5,3.25,–,71.2,–,–,–,–,–,–,–,–,–,–,24.3,–,82.1,3.73,0.960,–
WT,WT6X85,WT6X85,–,85.0,25.0,7.02,7      ,0.960, 15/16,  1/2 ,6.730 ,12.6,12  5/8 ,1.56,1  9/16,2.16,2  7/16,–,–,5  1/2 ,–,–,4.03,–,7.31,–,–,7.31,67.8,12.3,1.65,1.52,25.6,0.994,259,41.2,3.22,–,62.9,–,–,–,–,–,–,–,–,–,–,17.7,–,58.3,3.69,0.960,–
WT,WT6X76,WT6X76,–,76.0,22.4,6.86,6  3/4 ,0.870,  7/8 ,  7/16,5.960 ,12.5,12  1/2 ,1.40,1  3/8 ,2.00,2  5/16,–,–,5  1/2 ,–,–,4.46,–,7.89,–,–,7.89,58.5,10.8,1.62,1.43,22.0,0.896,227,36.4,3.19,–,55.6,–,–,–,–,–,–,–,–,–,–,12.8,–,41.3,3.65,0.960,–
WT,WT6X68,WT6X68,–,68.0,20.0,6.71,6  5/8 ,0.790, 13/16,  7/16,5.300 ,12.4,12  3/8 ,1.25,1  1/4 ,1.85,2  1/8 ,–,–,5  1/2 ,–,–,4.96,–,8.49,–,–,8.49,50.6,9.46,1.59,1.35,19.0,0.805,199,32.1,3.16,–,48.9,–,–,–,–,–,–,–,–,–,–,9.21,–,28.9,3.61,0.959,–
WT,WT6X60,WT6X60,–,60.0,17.6,6.56,6  1/2 ,0.710, 11/16,  3/8 ,4.660 ,12.3,12  3/8 ,1.11,1  1/8 ,1.70,2      ,–,–,5  1/2 ,–,–,5.57,–,9.24,–,–,9.24,43.4,8.22,1.57,1.28,16.2,0.716,172,28.0,3.13,–,42.7,–,–,–,–,–,–,–,–,–,–,6.42,–,19.7,3.57,0.959,–
WT,WT6X53,WT6X53,–,53.0,15.6,6.45,6  3/8 ,0.610,  5/8 ,  5/16,3.930 ,12.2,12  1/4 ,0.990,1      ,1.59,1  7/8 ,–,–,5  1/2 ,–,–,6.17,–,10.6,–,–,10.6,36.3,6.92,1.53,1.19,13.6,0.637,151,24.7,3.11,–,37.5,–,–,–,–,–,–,–,–,–,–,4.55,–,13.6,3.53,0.961,–
WT,WT6X48,WT6X48,–,48.0,14.1,6.36,6  1/4 ,0.550,  9/16,  5/16,3.500 ,12.2,12  1/8 ,0.900,  7/8 ,1.50,1 13/16,–,–,5  1/2 ,–,–,6.76,–,11.6,–,–,11.6,32.0,6.12,1.51,1.13,11.9,0.580,135,22.2,3.09,–,33.7,–,–,–,–,–,–,–,–,–,–,3.42,–,10.1,3.51,0.962,–
WT,WT6X43.5,WT6X43.5,–,43.5,12.8,6.27,6  1/4 ,0.515,  1/2 ,  1/4 ,3.230 ,12.1,12  1/8 ,0.810, 13/16,1.41,1 11/16,–,–,5  1/2 ,–,–,7.48,–,12.2,–,–,12.2,28.9,5.60,1.50,1.10,10.7,0.527,120,19.9,3.07,–,30.2,–,–,–,–,–,–,–,–,–,–,2.54,–,7.34,3.49,0.960,–
WT,WT6X39.5,WT6X39.5,–,39.5,11.6,6.19,6  1/8 ,0.470,  1/2 ,  1/4 ,2.910 ,12.1,12  1/8 ,0.735,  3/4 ,1.33,1  5/8 ,–,–,5  1/2 ,–,–,8.22,–,13.2,–,–,13.2,25.8,5.03,1.49,1.06,9.49,0.480,108,17.9,3.05,–,27.1,–,–,–,–,–,–,–,–,–,–,1.91,–,5.43,3.47,0.960,–
WT,WT6X36,WT6X36,–,36.0,10.6,6.13,6  1/8 ,0.430,  7/16,  1/4 ,2.630 ,12.0,12      ,0.670, 11/16,1.27,1  9/16,–,–,5  1/2 ,–,–,8.99,–,14.3,–,–,14.3,23.2,4.54,1.48,1.02,8.48,0.439,97.5,16.2,3.04,–,24.6,–,–,–,–,–,–,–,–,–,–,1.46,–,4.07,3.45,0.960,–
WT,WT6X32.5,WT6X32.5,–,32.5,9.54,6.06,6      ,0.390,  3/8 ,  3/16,2.360 ,12.0,12      ,0.605,  5/8 ,1.20,1  1/2 ,–,–,5  1/2 ,–,–,9.92,–,15.5,–,–,15.5,20.6,4.06,1.47,0.985,7.50,0.398,87.2,14.5,3.02,–,22.0,–,–,–,–,–,–,–,–,–,–,1.09,–,2.97,3.43,0.960,–
,,,,,,,,,,,,,,,,,,,,,,,,,,,,,,,,,,,,,,,,,,,,,,,,,,,,,,,
WT,WT6X29,WT6X29,–,29.0,8.52,6.10,6      ,0.360,  3/8 ,  3/16,2.190 ,10.0,10      ,0.640,  5/8 ,1.24,1  1/2 ,–,–,5  1/2 ,–,–,7.82,–,16.9,–,–,16.9,19.1,3.76,1.50,1.03,6.97,0.426,53.5,10.7,2.51,–,16.2,–,–,–,–,–,–,–,–,–,–,1.05,–,2.08,3.00,0.944,–
WT,WT6X26.5,WT6X26.5,–,26.5,7.78,6.03,6      ,0.345,  3/8 ,  3/16,2.080 ,10.0,10      ,0.575,  9/16,1.18,1  3/8 ,–,–,5  1/2 ,–,–,8.69,–,17.5,–,–,17.5,17.7,3.54,1.51,1.02,6.46,0.389,47.9,9.58,2.48,–,14.5,–,–,–,–,–,–,–,–,–,–,0.788,–,1.53,3.00,0.939,–
,,,,,,,,,,,,,,,,,,,,,,,,,,,,,,,,,,,,,,,,,,,,,,,,,,,,,,,
WT,WT6X25,WT6X25,–,25.0,7.30,6.10,6      ,0.370,  3/8 ,  3/16,2.260 ,8.08,8  1/8 ,0.640,  5/8 ,1.14,1  1/2 ,–,–,5  1/2 ,–,–,6.31,–,16.5,–,–,16.5,18.7,3.79,1.60,1.17,6.88,0.452,28.2,6.97,1.96,–,10.6,–,–,–,–,–,–,–,–,–,–,0.855,–,1.23,2.67,0.899,–
WT,WT6X22.5,WT6X22.5,–,22.5,6.56,6.03,6      ,0.335,  5/16,  3/16,2.020 ,8.05,8      ,0.575,  9/16,1.08,1  3/8 ,–,–,5  1/2 ,–,–,7.00,–,18.0,–,–,18.0,16.6,3.39,1.59,1.13,6.10,0.408,25.0,6.21,1.95,–,9.47,–,–,–,–,–,–,–,–,–,–,0.627,–,0.885,2.66,0.898,–
WT,WT6X20,WT6X20,–,20.0,5.84,5.97,5  7/8 ,0.295,  5/16,  3/16,1.760 ,8.01,8      ,0.515,  1/2 ,1.02,1  3/8 ,–,–,5  1/2 ,–,–,7.77,–,20.2,–,–,20.2,14.4,2.95,1.57,1.09,5.28,0.365,22.0,5.50,1.94,–,8.38,–,–,–,–,–,–,–,–,–,–,0.452,–,0.620,2.63,0.901,–
,,,,,,,,,,,,,,,,,,,,,,,,,,,,,,,,,,,,,,,,,,,,,,,,,,,,,,,
WT,WT6X17.5,WT6X17.5,–,17.5,5.17,6.25,6  1/4 ,0.300,  5/16,  3/16,1.880 ,6.56,6  1/2 ,0.520,  1/2 ,0.820,1  3/16,–,–,3  1/2 ,–,–,6.31,–,20.8,–,–,20.8,16.0,3.23,1.76,1.30,5.71,0.394,12.2,3.73,1.54,–,5.73,–,–,–,–,–,–,–,–,–,–,0.369,–,0.437,2.56,0.834,–
WT,WT6X15,WT6X15,–,15.0,4.40,6.17,6  1/8 ,0.260,  1/4 ,  1/8 ,1.600 ,6.52,6  1/2 ,0.440,  7/16,0.740,1  1/8 ,–,–,3  1/2 ,–,–,7.41,–,23.7,–,–,23.7,13.5,2.75,1.75,1.27,4.83,0.337,10.2,3.12,1.52,–,4.78,–,–,–,–,–,–,–,–,–,–,0.228,–,0.267,2.54,0.830,–
WT,WT6X13,WT6X13,–,13.0,3.82,6.11,6      ,0.230,  1/4 ,  1/8 ,1.410 ,6.49,6  1/2 ,0.380,  3/8 ,0.680,1  1/16,–,–,3  1/2 ,–,–,8.54,–,26.6,–,–,26.6,11.7,2.40,1.75,1.25,4.20,0.295,8.66,2.67,1.51,–,4.08,–,–,–,–,–,–,–,–,–,–,0.150,–,0.174,2.54,0.827,–
,,,,,,,,,,,,,,,,,,,,,,,,,,,,,,,,,,,,,,,,,,,,,,,,,,,,,,,
WT,WT6X11,WT6X11,–,11.0,3.24,6.16,6  1/8 ,0.260,  1/4 ,  1/8 ,1.600 ,4.03,4      ,0.425,  7/16,0.725, 15/16,–,–,2  1/4 ,–,–,4.74,–,23.7,–,–,23.7,11.7,2.59,1.90,1.63,4.63,0.402,2.33,1.15,0.847,–,1.83,–,–,–,–,–,–,–,–,–,–,0.146,–,0.137,2.52,0.683,–
WT,WT6X9.5,WT6X9.5,–,9.50,2.79,6.08,6      ,0.235,  1/4 ,  1/8 ,1.430 ,4.01,4      ,0.350,  3/8 ,0.650,  7/8 ,–,–,2  1/4 ,–,–,5.72,–,25.9,–,–,25.9,10.1,2.28,1.90,1.65,4.11,0.348,1.88,0.939,0.821,–,1.49,–,–,–,–,–,–,–,–,–,–,0.0899,–,0.0934,2.54,0.665,–
WT,WT6X8,WT6X8,–,8.00,2.36,6.00,6      ,0.220,  1/4 ,  1/8 ,1.320 ,3.99,4      ,0.265,  1/4 ,0.565, 13/16,–,–,2  1/4 ,–,–,7.53,–,27.3,–,–,27.3,8.70,2.04,1.92,1.74,3.72,0.639,1.41,0.706,0.773,–,1.13,–,–,–,–,–,–,–,–,–,–,0.0511,–,0.0678,2.62,0.624,–
WT,WT6X7,WT6X7,–,7.00,2.08,5.96,5  7/8 ,0.200,  3/16,  1/8 ,1.190 ,3.97,4      ,0.225,  1/4 ,0.525,  3/4 ,–,–,2  1/4 ,–,–,8.82,–,29.8,–,–,29.8,7.67,1.83,1.92,1.76,3.32,0.760,1.18,0.593,0.753,–,0.947,–,–,–,–,–,–,–,–,–,–,0.0350,–,0.0493,2.64,0.611,–
,,,,,,,,,,,,,,,,,,,,,,,,,,,,,,,,,,,,,,,,,,,,,,,,,,,,,,,
WT,WT5X56,WT5X56,–,56.0,16.5,5.68,5  5/8 ,0.755,  3/4 ,  3/8 ,4.290 ,10.4,10  3/8 ,1.25,1  1/4 ,1.75,1 15/16,–,–,5  1/2 ,–,–,4.17,–,7.52,–,–,7.52,28.6,6.40,1.32,1.21,13.4,0.791,118,22.6,2.67,–,34.6,–,–,–,–,–,–,–,–,–,–,7.50,–,16.9,3.04,0.963,–
WT,WT5X50,WT5X50,–,50.0,14.7,5.55,5  1/2 ,0.680, 11/16,  3/8 ,3.770 ,10.3,10  3/8 ,1.12,1  1/8 ,1.62,1 13/16,–,–,5  1/2 ,–,–,4.62,–,8.16,–,–,8.16,24.5,5.56,1.29,1.13,11.4,0.711,103,20.0,2.65,–,30.5,–,–,–,–,–,–,–,–,–,–,5.41,–,11.9,3.00,0.964,–
WT,WT5X44,WT5X44,–,44.0,13.0,5.42,5  3/8 ,0.605,  5/8 ,  5/16,3.280 ,10.3,10  1/4 ,0.990,1      ,1.49,1 11/16,–,–,5  1/2 ,–,–,5.18,–,8.96,–,–,8.96,20.8,4.77,1.27,1.06,9.65,0.631,89.3,17.4,2.63,–,26.5,–,–,–,–,–,–,–,–,–,–,3.75,–,8.02,2.97,0.964,–
WT,WT5X38.5,WT5X38.5,–,38.5,11.3,5.30,5  1/4 ,0.530,  1/2 ,  1/4 ,2.810 ,10.2,10  1/4 ,0.870,  7/8 ,1.37,1  9/16,–,–,5  1/2 ,–,–,5.86,–,10.0,–,–,10.0,17.4,4.05,1.24,0.990,8.06,0.555,76.8,15.1,2.60,–,22.9,–,–,–,–,–,–,–,–,–,–,2.55,–,5.31,2.94,0.964,–
WT,WT5X34,WT5X34,–,34.0,10.0,5.20,5  1/8 ,0.470,  1/2 ,  1/4 ,2.440 ,10.1,10  1/8 ,0.770,  3/4 ,1.27,1  7/16,–,–,5  1/2 ,–,–,6.58,–,11.1,–,–,11.1,14.9,3.49,1.22,0.932,6.85,0.493,66.7,13.2,2.58,–,20.0,–,–,–,–,–,–,–,–,–,–,1.78,–,3.62,2.91,0.965,–
WT,WT5X30,WT5X30,–,30.0,8.84,5.11,5      ,0.420,  7/16,  1/4 ,2.150 ,10.1,10  1/8 ,0.680, 11/16,1.18,1  3/8 ,–,–,5  1/2 ,–,–,7.41,–,12.2,–,–,12.2,12.9,3.04,1.21,0.884,5.87,0.438,58.1,11.5,2.57,–,17.5,–,–,–,–,–,–,–,–,–,–,1.23,–,2.46,2.89,0.964,–
WT,WT5X27,WT5X27,–,27.0,7.90,5.05,5      ,0.370,  3/8 ,  3/16,1.870 ,10.0,10      ,0.615,  5/8 ,1.12,1  5/16,–,–,5  1/2 ,–,–,8.15,–,13.6,–,–,13.6,11.1,2.64,1.19,0.836,5.05,0.395,51.7,10.3,2.56,–,15.6,–,–,–,–,–,–,–,–,–,–,0.909,–,1.78,2.87,0.966,–
WT,WT5X24.5,WT5X24.5,–,24.5,7.21,4.99,4  7/8 ,0.340,  5/16,  3/16,1.700 ,10.0,10      ,0.560,  9/16,1.06,1  1/4 ,–,–,5  1/2 ,–,–,8.93,–,14.7,–,–,14.7,10.0,2.39,1.18,0.807,4.52,0.361,46.7,9.34,2.54,–,14.1,–,–,–,–,–,–,–,–,–,–,0.693,–,1.33,2.85,0.966,–
,,,,,,,,,,,,,,,,,,,,,,,,,,,,,,,,,,,,,,,,,,,,,,,,,,,,,,,
WT,WT5X22.5,WT5X22.5,–,22.5,6.63,5.05,5      ,0.350,  3/8 ,  3/16,1.770 ,8.02,8      ,0.620,  5/8 ,1.12,1  5/16,–,–,5  1/2 ,–,–,6.47,–,14.4,–,–,14.4,10.2,2.47,1.24,0.907,4.65,0.413,26.7,6.65,2.01,–,10.1,–,–,–,–,–,–,–,–,–,–,0.753,–,0.981,2.43,0.940,–
WT,WT5X19.5,WT5X19.5,–,19.5,5.73,4.96,4  7/8 ,0.315,  5/16,  3/16,1.560 ,7.99,8      ,0.530,  1/2 ,1.03,1  3/16,–,–,5  1/2 ,–,–,7.53,–,15.7,–,–,15.7,8.84,2.16,1.24,0.876,3.99,0.359,22.5,5.64,1.98,–,8.57,–,–,–,–,–,–,–,–,–,–,0.487,–,0.616,2.42,0.936,–
WT,WT5X16.5,WT5X16.5,–,16.5,4.85,4.87,4  3/4 ,0.290,  5/16,  3/16,1.410 ,7.96,8      ,0.435,  7/16,0.935,1  1/8 ,–,–,5  1/2 ,–,–,9.15,–,16.8,–,–,16.8,7.71,1.93,1.26,0.869,3.48,0.305,18.3,4.60,1.94,–,7.00,–,–,–,–,–,–,–,–,–,–,0.291,–,0.356,2.40,0.927,–
,,,,,,,,,,,,,,,,,,,,,,,,,,,,,,,,,,,,,,,,,,,,,,,,,,,,,,,
WT,WT5X15,WT5X15,–,15.0,4.42,5.24,5  1/8 ,0.300,  5/16,  3/16,1.570 ,5.81,5  3/4 ,0.510,  1/2 ,0.810,1  1/8 ,–,–,2  3/4 ,–,–,5.70,–,17.5,–,–,17.5,9.28,2.24,1.45,1.10,4.01,0.380,8.35,2.87,1.37,–,4.41,–,–,–,–,–,–,–,–,–,–,0.310,–,0.273,2.17,0.849,–
WT,WT5X13,WT5X13,–,13.0,3.81,5.17,5  1/8 ,0.260,  1/4 ,  1/8 ,1.340 ,5.77,5  3/4 ,0.440,  7/16,0.740,1  1/16,–,–,2  3/4 ,–,–,6.56,–,19.9,–,–,19.9,7.86,1.91,1.44,1.06,3.39,0.330,7.05,2.44,1.36,–,3.75,–,–,–,–,–,–,–,–,–,–,0.201,–,0.173,2.15,0.848,–
WT,WT5X11,WT5X11,–,11.0,3.24,5.09,5      ,0.240,  1/4 ,  1/8 ,1.220 ,5.75,5  3/4 ,0.360,  3/8 ,0.660, 15/16,–,–,2  3/4 ,–,–,7.99,–,21.2,–,–,21.2,6.88,1.72,1.46,1.07,3.02,0.282,5.71,1.99,1.33,–,3.05,–,–,–,–,–,–,–,–,–,–,0.119,–,0.107,2.16,0.830,–
,,,,,,,,,,,,,,,,,,,,,,,,,,,,,,,,,,,,,,,,,,,,,,,,,,,,,,,
WT,WT5X9.5,WT5X9.5,–,9.50,2.81,5.12,5      ,0.250,  1/4 ,  1/8 ,1.280 ,4.02,4      ,0.395,  3/8 ,0.695, 15/16,–,–,2  1/4 ,–,–,5.09,–,20.5,–,–,20.5,6.68,1.74,1.54,1.28,3.10,0.349,2.15,1.07,0.874,–,1.67,–,–,–,–,–,–,–,–,–,–,0.116,–,0.0796,2.08,0.729,–
WT,WT5X8.5,WT5X8.5,–,8.50,2.50,5.06,5      ,0.240,  1/4 ,  1/8 ,1.210 ,4.01,4      ,0.330,  5/16,0.630,  7/8 ,–,–,2  1/4 ,–,–,6.08,–,21.1,–,–,21.1,6.06,1.62,1.56,1.32,2.90,0.311,1.78,0.887,0.844,–,1.40,–,–,–,–,–,–,–,–,–,–,0.0776,–,0.0610,2.11,0.703,–
WT,WT5X7.5,WT5X7.5,–,7.50,2.21,5.00,5      ,0.230,  1/4 ,  1/8 ,1.150 ,4.00,4      ,0.270,  1/4 ,0.570, 13/16,–,–,2  1/4 ,–,–,7.41,–,21.7,–,–,21.7,5.45,1.50,1.57,1.37,2.71,0.305,1.45,0.723,0.810,–,1.15,–,–,–,–,–,–,–,–,–,–,0.0518,–,0.0475,2.16,0.672,–
WT,WT5X6,WT5X6,–,6.00,1.77,4.94,4  7/8 ,0.190,  3/16,  1/8 ,0.938 ,3.96,4      ,0.210,  3/16,0.510,  3/4 ,–,–,2  1/4 ,–,–,9.43,–,26.0,–,–,26.0,4.35,1.22,1.57,1.36,2.20,0.322,1.09,0.551,0.785,–,0.869,–,–,–,–,–,–,–,–,–,–,0.0272,–,0.0255,2.16,0.661,–
,,,,,,,,,,,,,,,,,,,,,,,,,,,,,,,,,,,,,,,,,,,,,,,,,,,,,,,
WT,WT4X33.5,WT4X33.5,–,33.5,9.84,4.50,4  1/2 ,0.570,  9/16,  5/16,2.570 ,8.28,8  1/4 ,0.935, 15/16,1.33,1  5/8 ,–,–,5  1/2 ,–,–,4.43,–,7.89,–,–,7.89,10.9,3.05,1.05,0.936,6.29,0.594,44.3,10.7,2.12,–,16.3,–,–,–,–,–,–,–,–,–,–,2.51,–,3.56,2.41,0.962,–
WT,WT4X29,WT4X29,–,29.0,8.54,4.38,4  3/8 ,0.510,  1/2 ,  1/4 ,2.230 ,8.22,8  1/4 ,0.810, 13/16,1.20,1  1/2 ,–,–,5  1/2 ,–,–,5.07,–,8.59,–,–,8.59,9.12,2.61,1.03,0.874,5.25,0.520,37.5,9.13,2.10,–,13.9,–,–,–,–,–,–,–,–,–,–,1.66,–,2.28,2.38,0.961,–
WT,WT4X24,WT4X24,–,24.0,7.05,4.25,4  1/4 ,0.400,  3/8 ,  3/16,1.700 ,8.11,8  1/8 ,0.685, 11/16,1.08,1  3/8 ,–,–,5  1/2 ,–,–,5.92,–,10.6,–,–,10.6,6.85,1.97,0.986,0.777,3.94,0.435,30.5,7.51,2.08,–,11.4,–,–,–,–,–,–,–,–,–,–,0.977,–,1.30,2.34,0.966,–
WT,WT4X20,WT4X20,–,20.0,5.87,4.13,4  1/8 ,0.360,  3/8 ,  3/16,1.790 ,8.07,8  1/8 ,0.560,  9/16,0.954,1  1/4 ,–,–,5  1/2 ,–,–,7.21,–,11.5,–,–,11.5,5.73,1.69,0.988,0.735,3.25,0.364,24.5,6.08,2.04,–,9.24,–,–,–,–,–,–,–,–,–,–,0.558,–,0.715,2.32,0.961,–
WT,WT4X17.5,WT4X17.5,–,17.5,5.14,4.06,4      ,0.310,  5/16,  3/16,1.260 ,8.02,8      ,0.495,  1/2 ,0.889,1  3/16,–,–,5  1/2 ,–,–,8.10,–,13.1,–,–,13.1,4.82,1.43,0.968,0.688,2.71,0.321,21.3,5.31,2.03,–,8.05,–,–,–,–,–,–,–,–,–,–,0.384,–,0.480,2.30,0.963,–
WT,WT4X15.5,WT4X15.5,–,15.5,4.56,4.00,4      ,0.285,  5/16,  3/16,1.140 ,8.00,8      ,0.435,  7/16,0.829,1  1/8 ,–,–,5  1/2 ,–,–,9.19,–,14.0,–,–,14.0,4.28,1.28,0.969,0.668,2.39,0.285,18.5,4.64,2.02,–,7.03,–,–,–,–,–,–,–,–,–,–,0.267,–,0.327,2.28,0.961,–
,,,,,,,,,,,,,,,,,,,,,,,,,,,,,,,,,,,,,,,,,,,,,,,,,,,,,,,
WT,WT4X14,WT4X14,–,14.0,4.12,4.03,4      ,0.285,  5/16,  3/16,1.150 ,6.54,6  1/2 ,0.465,  7/16,0.859, 15/16,–,–,4      ,–,–,7.03,–,14.1,–,–,14.1,4.23,1.28,1.01,0.734,2.38,0.315,10.8,3.31,1.62,–,5.04,–,–,–,–,–,–,–,–,–,–,0.268,–,0.230,1.98,0.935,–
WT,WT4X12,WT4X12,–,12.0,3.54,3.97,3  7/8 ,0.245,  1/4 ,  1/8 ,0.971 ,6.50,6  1/2 ,0.400,  3/8 ,0.794,  7/8 ,–,–,4      ,–,–,8.12,–,16.2,–,–,16.2,3.53,1.08,0.999,0.695,1.98,0.272,9.14,2.81,1.61,–,4.28,–,–,–,–,–,–,–,–,–,–,0.173,–,0.144,1.96,0.936,–
,,,,,,,,,,,,,,,,,,,,,,,,,,,,,,,,,,,,,,,,,,,,,,,,,,,,,,,
WT,WT4X10.5,WT4X10.5,–,10.5,3.08,4.14,4  1/8 ,0.250,  1/4 ,  1/8 ,1.040 ,5.27,5  1/4 ,0.400,  3/8 ,0.700,  7/8 ,–,–,2  3/4 ,–,–,6.59,–,16.6,–,–,16.6,3.90,1.18,1.12,0.831,2.11,0.292,4.88,1.85,1.26,–,2.84,–,–,–,–,–,–,–,–,–,–,0.141,–,0.0916,1.80,0.877,–
WT,WT4X9,WT4X9,–,9.00,2.63,4.07,4      ,0.230,  1/4 ,  1/8 ,0.936 ,5.25,5  1/4 ,0.330,  5/16,0.630, 13/16,–,–,2  3/4 ,–,–,7.95,–,17.7,–,–,17.7,3.41,1.05,1.14,0.834,1.86,0.251,3.98,1.52,1.23,–,2.33,–,–,–,–,–,–,–,–,–,–,0.0855,–,0.0562,1.80,0.863,–
,,,,,,,,,,,,,,,,,,,,,,,,,,,,,,,,,,,,,,,,,,,,,,,,,,,,,,,
WT,WT4X7.5,WT4X7.5,–,7.50,2.22,4.06,4      ,0.245,  1/4 ,  1/8 ,0.993 ,4.02,4      ,0.315,  5/16,0.615, 13/16,–,–,2  1/4 ,–,–,6.37,–,16.6,–,–,16.6,3.28,1.07,1.22,0.998,1.91,0.276,1.70,0.849,0.876,–,1.33,–,–,–,–,–,–,–,–,–,–,0.0679,–,0.0382,1.72,0.760,–
WT,WT4X6.5,WT4X6.5,–,6.50,1.92,4.00,4      ,0.230,  1/4 ,  1/8 ,0.919 ,4.00,4      ,0.255,  1/4 ,0.555,  3/4 ,–,–,2  1/4 ,–,–,7.84,–,17.4,–,–,17.4,2.89,0.974,1.23,1.03,1.74,0.240,1.36,0.682,0.843,–,1.07,–,–,–,–,–,–,–,–,–,–,0.0433,–,0.0269,1.74,0.733,–
WT,WT4X5,WT4X5,–,5.00,1.48,3.95,3  7/8 ,0.170,  3/16,  1/8 ,0.671 ,3.94,4      ,0.205,  3/16,0.505, 11/16,–,–,2  1/4 ,–,–,9.61,–,23.2,–,–,23.2,2.15,0.717,1.20,0.953,1.27,0.188,1.05,0.531,0.840,–,0.826,–,–,–,–,–,–,–,–,–,–,0.0212,–,0.0114,1.70,0.749,–
,,,,,,,,,,,,,,,,,,,,,,,,,,,,,,,,,,,,,,,,,,,,,,,,,,,,,,,
WT,WT3X12.5,WT3X12.5,–,12.5,3.67,3.19,3  1/8 ,0.320,  5/16,  3/16,1.020 ,6.08,6  1/8 ,0.455,  7/16,0.705, 15/16,–,–,3  1/2 ,–,–,6.68,–,10.0,–,–,10.0,2.29,0.886,0.789,0.610,1.68,0.302,8.53,2.81,1.52,–,4.28,–,–,–,–,–,–,–,–,–,–,0.229,–,0.171,1.76,0.953,–
WT,WT3X10,WT3X10,–,10.0,2.94,3.10,3      ,0.260,  1/4 ,  1/8 ,0.806 ,6.02,6      ,0.365,  3/8 ,0.615,  7/8 ,–,–,3  1/2 ,–,–,8.25,–,11.9,–,–,11.9,1.76,0.693,0.774,0.560,1.29,0.244,6.64,2.21,1.50,–,3.36,–,–,–,–,–,–,–,–,–,–,0.120,–,0.0858,1.73,0.953,–
WT,WT3X7.5,WT3X7.5,–,7.50,2.21,3.00,3      ,0.230,  1/4 ,  1/8 ,0.689 ,5.99,6      ,0.260,  1/4 ,0.510,  3/4 ,–,–,3  1/2 ,–,–,11.5,–,13.0,–,–,13.0,1.41,0.577,0.797,0.558,1.03,0.185,4.66,1.56,1.45,–,2.37,–,–,–,–,–,–,–,–,–,–,0.0504,–,0.0342,1.71,0.937,–
,,,,,,,,,,,,,,,,,,,,,,,,,,,,,,,,,,,,,,,,,,,,,,,,,,,,,,,
WT,WT3X8,WT3X8,–,8.00,2.37,3.14,3  1/8 ,0.260,  1/4 ,  1/8 ,0.816 ,4.03,4      ,0.405,  3/8 ,0.655,  7/8 ,–,–,2  1/4 ,–,–,4.98,–,12.1,–,–,12.1,1.69,0.685,0.844,0.676,1.25,0.294,2.21,1.10,0.966,–,1.69,–,–,–,–,–,–,–,–,–,–,0.111,–,0.0426,1.37,0.880,–
WT,WT3X6,WT3X6,–,6.00,1.78,3.02,3      ,0.230,  1/4 ,  1/8 ,0.693 ,4.00,4      ,0.280,  1/4 ,0.530,  3/4 ,–,–,2  1/4 ,–,–,7.14,–,13.1,–,–,13.1,1.32,0.564,0.862,0.677,1.01,0.222,1.50,0.748,0.918,–,1.16,–,–,–,–,–,–,–,–,–,–,0.0449,–,0.0178,1.37,0.846,–
WT,WT3X4.5,WT3X4.5,–,4.50,1.34,2.95,2  7/8 ,0.170,  3/16,  1/8 ,0.502 ,3.94,4      ,0.215,  3/16,0.465, 11/16,–,–,2  1/4 ,–,–,9.16,–,17.4,–,–,17.4,0.950,0.408,0.842,0.623,0.720,0.170,1.10,0.557,0.905,–,0.856,–,–,–,–,–,–,–,–,–,–,0.0202,–,0.00736,1.34,0.852,–
WT,WT3X4.25,WT3X4.25,–,4.25,1.26,2.92,2  7/8 ,0.170,  3/16,  1/8 ,0.496 ,3.94,4      ,0.195,  3/16,0.445, 11/16,–,–,2  1/4 ,–,–,10.1,–,17.2,–,–,17.2,0.905,0.397,0.848,0.637,0.700,0.160,0.995,0.505,0.890,–,0.778,–,–,–,–,–,–,–,–,–,–,0.0166,–,0.00620,1.34,0.839,–
,,,,,,,,,,,,,,,,,,,,,,,,,,,,,,,,,,,,,,,,,,,,,,,,,,,,,,,
WT,WT2.5X9.5,WT2.5X9.5,–,9.50,2.78,2.58,2  1/2 ,0.270,  1/4 ,  1/8 ,0.695 ,5.03,5      ,0.430,  7/16,0.730, 13/16,–,–,2  3/4 ,–,–,5.85,–,9.56,–,–,9.56,1.01,0.485,0.604,0.487,0.970,0.276,4.56,1.81,1.28,–,2.76,–,–,–,–,–,–,–,–,–,–,0.157,–,0.0775,1.44,0.964,–
WT,WT2.5X8,WT2.5X8,–,8.00,2.35,2.51,2  1/2 ,0.240,  1/4 ,  1/8 ,0.601 ,5.00,5      ,0.360,  3/8 ,0.660,  3/4 ,–,–,2  3/4 ,–,–,6.94,–,10.5,–,–,10.5,0.845,0.413,0.599,0.458,0.801,0.235,3.75,1.50,1.26,–,2.28,–,–,–,–,–,–,–,–,–,–,0.0958,–,0.0453,1.43,0.962,–
,,,,,,,,,,,,,,,,,,,,,,,,,,,,,,,,,,,,,,,,,,,,,,,,,,,,,,,
WT,WT2X6.5,WT2X6.5,–,6.50,1.91,2.08,2      ,0.280,  1/4 ,  1/8 ,0.582 ,4.06,4      ,0.345,  3/8 ,0.595,  3/4 ,–,–,2  1/4 ,–,–,5.88,–,7.43,–,–,7.43,0.526,0.321,0.524,0.440,0.616,0.236,1.93,0.950,1.00,–,1.46,–,–,–,–,–,–,–,–,–,–,0.0750,–,0.0233,1.16,0.947,–
,,,,,,,,,,,,,,,,,,,,,,,,,,,,,,,,,,,,,,,,,,,,,,,,,,,,,,,
MT,MT6.25X6.2,MT6.25X6.2,–,6.20,1.82,6.27,6  1/4 ,0.155,  1/8 ,  1/16,0.971 ,3.75,3  3/4 ,0.228,  1/4 ,0.563,  9/16,–,–,–,–,–,8.22,–,40.4,–,–,40.4,7.29,1.61,2.01,1.74,2.92,0.372,1.00,0.536,0.746,–,0.839,–,–,–,–,–,–,–,–,–,–,0.0246,–,0.0284,2.69,0.634,–
MT,MT6.25X5.8,MT6.25X5.8,–,5.80,1.70,6.25,6  1/4 ,0.155,  1/8 ,  1/16,0.969 ,3.50,3  1/2 ,0.211,  3/16,0.563,  9/16,–,–,–,–,–,8.29,–,40.3,–,–,40.3,6.94,1.57,2.03,1.84,2.86,0.808,0.756,0.432,0.669,–,0.684,–,–,–,–,–,–,–,–,–,–,0.0206,–,0.0268,2.75,0.602,–
,,,,,,,,,,,,,,,,,,,,,,,,,,,,,,,,,,,,,,,,,,,,,,,,,,,,,,,
MT,MT6X5.9,MT6X5.9,–,5.90,1.74,6.00,6      ,0.177,  3/16,  1/8 ,1.060 ,3.07,3  1/8 ,0.225,  1/4 ,0.563,  9/16,–,–,–,–,–,6.82,–,33.9,–,–,33.9,6.61,1.61,1.96,1.89,2.89,1.13,0.543,0.354,0.561,–,0.575,–,–,–,–,–,–,–,–,–,–,0.0249,–,0.0337,2.71,0.567,–
MT,MT6X5.4,MT6X5.4,–,5.40,1.59,5.99,5  7/8 ,0.160,  3/16,  1/8 ,0.958 ,3.07,3  1/8 ,0.210,  3/16,0.563,  9/16,–,–,–,–,–,7.31,–,37.4,–,–,37.4,6.03,1.46,1.95,1.86,2.63,1.05,0.506,0.330,0.566,–,0.532,–,–,–,–,–,–,–,–,–,–,0.0196,–,0.0250,2.69,0.574,–
MT,MT6X5,MT6X5,–,5.00,1.48,5.99,5  7/8 ,0.149,  1/8 ,  1/16,0.892 ,3.25,3  1/4 ,0.180,  3/16,0.500,  1/2 ,–,–,–,–,–,9.03,–,40.2,–,–,40.2,5.62,1.36,1.96,1.86,2.45,1.08,0.517,0.318,0.594,–,0.509,–,–,–,–,–,–,–,–,–,–,0.0145,–,0.0202,2.71,0.572,–
,,,,,,,,,,,,,,,,,,,,,,,,,,,,,,,,,,,,,,,,,,,,,,,,,,,,,,,
MT,MT5X4.5,MT5X4.5,–,4.50,1.33,5.00,5      ,0.157,  3/16,  1/8 ,0.785 ,2.69,2  3/4 ,0.206,  3/16,0.563,  9/16,–,–,–,–,–,6.53,–,31.8,–,–,31.8,3.47,1.00,1.62,1.54,1.81,0.808,0.336,0.250,0.505,–,0.403,–,–,–,–,–,–,–,–,–,–,0.0156,–,0.0138,2.22,0.585,–
MT,MT5X4,MT5X4,–,4.00,1.19,4.98,4  7/8 ,0.141,  1/8 ,  1/16,0.701 ,2.69,2  3/4 ,0.182,  3/16,0.563,  9/16,–,–,–,–,–,7.39,–,35.3,–,–,35.3,3.08,0.894,1.62,1.52,1.61,0.809,0.296,0.220,0.502,–,0.354,–,–,–,–,–,–,–,–,–,–,0.0112,–,0.00989,2.22,0.583,–
,,,,,,,,,,,,,,,,,,,,,,,,,,,,,,,,,,,,,,,,,,,,,,,,,,,,,,,
MT,MT5X3.75,MT5X3.75,–,3.75,1.11,5.00,5      ,0.130,  1/8 ,  1/16,0.649 ,2.69,2  3/4 ,0.173,  3/16,0.438,  7/16,–,–,–,–,–,7.77,–,38.4,–,–,38.4,2.91,0.836,1.63,1.51,1.51,0.759,0.281,0.209,0.505,–,0.334,–,–,–,–,–,–,–,–,–,–,0.00932,–,0.00792,2.22,0.588,–
,,,,,,,,,,,,,,,,,,,,,,,,,,,,,,,,,,,,,,,,,,,,,,,,,,,,,,,
MT,MT4X3.25,MT4X3.25,–,3.25,0.959,4.00,4      ,0.135,  1/8 ,  1/16,0.540 ,2.28,2  1/4 ,0.189,  3/16,0.563,  9/16,–,–,–,–,–,6.03,–,29.6,–,–,29.6,1.57,0.558,1.29,1.18,1.01,0.472,0.188,0.165,0.444,–,0.264,–,–,–,–,–,–,–,–,–,–,0.00917,–,0.00463,1.74,0.612,–
MT,MT4X3.1,MT4X3.1,–,3.10,0.911,4.00,4      ,0.129,  1/8 ,  1/16,0.516 ,2.28,2  1/4 ,0.177,  3/16,0.438,  7/16,–,–,–,–,–,6.44,–,31.0,–,–,31.0,1.50,0.533,1.29,1.18,0.967,0.497,0.176,0.154,0.441,–,0.247,–,–,–,–,–,–,–,–,–,–,0.00778,–,0.00403,1.75,0.608,–
,,,,,,,,,,,,,,,,,,,,,,,,,,,,,,,,,,,,,,,,,,,,,,,,,,,,,,,
MT,MT3X2.2,MT3X2.2,–,2.20,0.647,3.00,3      ,0.114,  1/8 ,  1/16,0.342 ,1.84,1  7/8 ,0.171,  3/16,0.375,  3/8 ,–,–,–,–,–,5.38,–,26.3,–,–,26.3,0.579,0.268,0.949,0.841,0.483,0.190,0.0897,0.0973,0.374,–,0.155,–,–,–,–,–,–,–,–,–,–,0.00494,–,0.00124,1.27,0.646,–
MT,MT3X1.85,MT3X1.85,–,1.85,0.545,2.96,2  7/8 ,0.0980,  1/8 ,  1/16,0.290 ,2.00,2      ,0.129,  1/8 ,0.313,  5/16,–,–,–,–,–,7.75,–,30.2,–,–,30.2,0.483,0.226,0.945,0.827,0.409,0.174,0.0863,0.0863,0.400,–,0.136,–,–,–,–,–,–,–,–,–,–,0.00265,–,0.000754,1.28,0.644,–
,,,,,,,,,,,,,,,,,,,,,,,,,,,,,,,,,,,,,,,,,,,,,,,,,,,,,,,
MT,MT2.5X9.45,MT2.5X9.45,–,9.45,2.78,2.50,2  1/2 ,0.316,  5/16,  3/16,0.790 ,5.00,5      ,0.416,  7/16,0.813, 13/16,–,–,2  3/4 ,–,–,6.01,–,7.91,–,–,7.91,1.05,0.528,0.617,0.512,1.03,0.276,4.35,1.74,1.26,–,2.66,–,–,–,–,–,–,–,–,–,–,0.156,–,0.0732,1.43,0.955,–
,,,,,,,,,,,,,,,,,,,,,,,,,,,,,,,,,,,,,,,,,,,,,,,,,,,,,,,
MT,MT2X3,MT2X3,–,3.00,0.875,1.90,1  7/8 ,0.130,  1/8 ,  1/16,0.247 ,3.80,3  3/4 ,0.160,  3/16,0.500,  1/2 ,–,–,–,–,–,11.9,–,14.6,–,–,14.6,0.208,0.133,0.493,0.341,0.241,0.112,0.732,0.385,0.926,–,0.588,–,–,–,–,–,–,–,–,–,–,0.00919,–,0.00193,1.08,0.942,–
,,,,,,,,,,,,,,,,,,,,,,,,,,,,,,,,,,,,,,,,,,,,,,,,,,,,,,,
ST,ST12X60.5,ST12X60.5,–,60.5,17.8,12.3,12  1/4 ,0.800, 13/16,  7/16,9.800 ,8.05,8      ,1.09,1  1/16,2.00,2      ,–,–,4      ,–,–,3.69,–,15.4,–,–,15.4,259,30.1,3.82,3.63,54.5,1.26,41.5,10.3,1.53,–,18.1,–,–,–,–,–,–,–,–,–,–,6.38,–,27.5,5.14,0.640,–
ST,ST12X53,ST12X53,–,53.0,15.6,12.3,12  1/4 ,0.620,  5/8 ,  5/16,7.600 ,7.87,7  7/8 ,1.09,1  1/16,2.00,2      ,–,–,4      ,–,–,3.61,–,19.8,–,–,19.8,216,24.1,3.72,3.28,43.3,1.02,38.4,9.76,1.57,–,16.7,–,–,–,–,–,–,–,–,–,–,5.05,–,15.0,4.88,0.686,–
,,,,,,,,,,,,,,,,,,,,,,,,,,,,,,,,,,,,,,,,,,,,,,,,,,,,,,,
ST,ST12X50,ST12X50,–,50.0,14.7,12.0,12      ,0.745,  3/4 ,  3/8 ,8.940 ,7.25,7  1/4 ,0.870,  7/8 ,1.75,1  3/4 ,–,–,4      ,–,–,4.17,–,16.1,–,–,16.1,215,26.3,3.83,3.84,47.5,2.16,23.7,6.55,1.27,–,12.0,–,–,–,–,–,–,–,–,–,–,3.76,–,19.5,5.28,0.584,–
ST,ST12X45,ST12X45,–,45.0,13.2,12.0,12      ,0.625,  5/8 ,  5/16,7.500 ,7.13,7  1/8 ,0.870,  7/8 ,1.75,1  3/4 ,–,–,4      ,–,–,4.10,–,19.2,–,–,19.2,190,22.6,3.79,3.60,41.1,1.42,22.3,6.27,1.30,–,11.2,–,–,–,–,–,–,–,–,–,–,3.01,–,12.1,5.11,0.615,–
ST,ST12X40,ST12X40,–,40.0,11.7,12.0,12      ,0.500,  1/2 ,  1/4 ,6.000 ,7.00,7      ,0.870,  7/8 ,1.75,1  3/4 ,–,–,4      ,–,–,4.02,–,24.0,–,–,24.0,162,18.6,3.72,3.30,33.6,0.909,21.0,6.00,1.34,–,10.4,–,–,–,–,–,–,–,–,–,–,2.44,–,6.94,4.88,0.656,–
,,,,,,,,,,,,,,,,,,,,,,,,,,,,,,,,,,,,,,,,,,,,,,,,,,,,,,,
ST,ST10X48,ST10X48,–,48.0,14.1,10.2,10  1/8 ,0.800, 13/16,  7/16,8.120 ,7.20,7  1/4 ,0.920, 15/16,1.75,1  3/4 ,–,–,4      ,–,–,3.91,–,12.7,–,–,12.7,143,20.3,3.18,3.13,36.9,1.35,25.0,6.93,1.33,–,12.5,–,–,–,–,–,–,–,–,–,–,4.16,–,15.0,4.36,0.625,–
ST,ST10X43,ST10X43,–,43.0,12.7,10.2,10  1/8 ,0.660, 11/16,  3/8 ,6.700 ,7.06,7      ,0.920, 15/16,1.75,1  3/4 ,–,–,4      ,–,–,3.84,–,15.4,–,–,15.4,124,17.2,3.13,2.91,31.1,0.972,23.3,6.59,1.36,–,11.6,–,–,–,–,–,–,–,–,–,–,3.30,–,9.17,4.21,0.659,–
,,,,,,,,,,,,,,,,,,,,,,,,,,,,,,,,,,,,,,,,,,,,,,,,,,,,,,,
ST,ST10X37.5,ST10X37.5,–,37.5,11.0,10.0,10      ,0.635,  5/8 ,  5/16,6.350 ,6.39,6  3/8 ,0.795, 13/16,1.63,1  5/8 ,–,–,3  1/2 ,–,–,4.02,–,15.7,–,–,15.7,109,15.8,3.15,3.07,28.6,1.34,14.8,4.62,1.16,–,8.36,–,–,–,–,–,–,–,–,–,–,2.28,–,7.21,4.29,0.613,–
ST,ST10X33,ST10X33,–,33.0,9.70,10.0,10      ,0.505,  1/2 ,  1/4 ,5.050 ,6.26,6  1/4 ,0.795, 13/16,1.63,1  5/8 ,–,–,3  1/2 ,–,–,3.94,–,19.8,–,–,19.8,92.9,12.9,3.10,2.81,23.4,0.841,13.7,4.39,1.19,–,7.70,–,–,–,–,–,–,–,–,–,–,1.78,–,4.02,4.10,0.654,–
,,,,,,,,,,,,,,,,,,,,,,,,,,,,,,,,,,,,,,,,,,,,,,,,,,,,,,,
ST,ST9X35,ST9X35,–,35.0,10.3,9.00,9      ,0.711, 11/16,  3/8 ,6.400 ,6.25,6  1/4 ,0.691, 11/16,1.50,1  1/2 ,–,–,3  1/2 ,–,–,4.52,–,12.7,–,–,12.7,84.5,14.0,2.87,2.94,25.1,1.78,12.0,3.84,1.08,–,7.17,–,–,–,–,–,–,–,–,–,–,2.02,–,7.03,4.02,0.582,–
ST,ST9X27.35,ST9X27.35,–,27.35,8.02,9.00,9      ,0.461,  7/16,  1/4 ,4.150 ,6.00,6      ,0.691, 11/16,1.50,1  1/2 ,–,–,3  1/2 ,–,–,4.34,–,19.5,–,–,19.5,62.3,9.60,2.79,2.51,17.3,0.737,10.4,3.45,1.14,–,6.06,–,–,–,–,–,–,–,–,–,–,1.16,–,2.26,3.71,0.660,–
,,,,,,,,,,,,,,,,,,,,,,,,,,,,,,,,,,,,,,,,,,,,,,,,,,,,,,,
ST,ST7.5X25,ST7.5X25,–,25.0,7.34,7.50,7  1/2 ,0.550,  9/16,  5/16,4.130 ,5.64,5  5/8 ,0.622,  5/8 ,1.38,1  3/8 ,–,–,3  1/2 ,–,–,4.53,–,13.6,–,–,13.6,40.5,7.72,2.35,2.25,14.0,0.826,7.79,2.76,1.03,–,4.99,–,–,–,–,–,–,–,–,–,–,1.05,–,2.02,3.22,0.635,–
ST,ST7.5X21.45,ST7.5X21.45,–,21.45,6.30,7.50,7  1/2 ,0.411,  7/16,  1/4 ,3.080 ,5.50,5  1/2 ,0.622,  5/8 ,1.38,1  3/8 ,–,–,3  1/2 ,–,–,4.42,–,18.2,–,–,18.2,32.9,5.99,2.29,2.01,10.8,0.605,7.13,2.59,1.06,–,4.54,–,–,–,–,–,–,–,–,–,–,0.765,–,0.995,3.04,0.689,–
,,,,,,,,,,,,,,,,,,,,,,,,,,,,,,,,,,,,,,,,,,,,,,,,,,,,,,,
ST,ST6X25,ST6X25,–,25.0,7.33,6.00,6      ,0.687, 11/16,  3/8 ,4.120 ,5.48,5  1/2 ,0.659, 11/16,1.44,1  7/16,–,–,3      ,–,–,4.17,–,8.73,–,–,8.73,25.1,6.04,1.85,1.84,11.0,0.758,7.79,2.84,1.03,–,5.16,–,–,–,–,–,–,–,–,–,–,1.36,–,1.97,2.60,0.662,–
ST,ST6X20.4,ST6X20.4,–,20.4,5.96,6.00,6      ,0.462,  7/16,  1/4 ,2.770 ,5.25,5  1/4 ,0.659, 11/16,1.44,1  7/16,–,–,3      ,–,–,3.98,–,13.0,–,–,13.0,18.9,4.27,1.78,1.58,7.71,0.577,6.74,2.57,1.06,–,4.43,–,–,–,–,–,–,–,–,–,–,0.842,–,0.787,2.42,0.732,–
,,,,,,,,,,,,,,,,,,,,,,,,,,,,,,,,,,,,,,,,,,,,,,,,,,,,,,,
ST,ST6X17.5,ST6X17.5,–,17.5,5.12,6.00,6      ,0.428,  7/16,  1/4 ,2.570 ,5.08,5  1/8 ,0.544,  9/16,1.19,1  3/16,–,–,3      ,–,–,4.67,–,14.0,–,–,14.0,17.2,3.95,1.83,1.65,7.12,0.543,4.92,1.94,0.980,–,3.40,–,–,–,–,–,–,–,–,–,–,0.524,–,0.556,2.49,0.695,–
ST,ST6X15.9,ST6X15.9,–,15.9,4.65,6.00,6      ,0.350,  3/8 ,  3/16,2.100 ,5.00,5      ,0.544,  9/16,1.19,1  3/16,–,–,3      ,–,–,4.60,–,17.1,–,–,17.1,14.8,3.30,1.78,1.51,5.94,0.480,4.66,1.87,1.00,–,3.22,–,–,–,–,–,–,–,–,–,–,0.438,–,0.364,2.39,0.731,–
,,,,,,,,,,,,,,,,,,,,,,,,,,,,,,,,,,,,,,,,,,,,,,,,,,,,,,,
ST,ST5X17.5,ST5X17.5,–,17.5,5.14,5.00,5      ,0.594,  5/8 ,  5/16,2.970 ,4.94,5      ,0.491,  1/2 ,1.13,1  1/8 ,–,–,2  3/4 ,–,–,5.03,–,8.42,–,–,8.42,12.5,3.62,1.56,1.56,6.58,0.673,4.15,1.68,0.899,–,3.10,–,–,–,–,–,–,–,–,–,–,0.633,–,0.725,2.23,0.653,–
ST,ST5X12.7,ST5X12.7,–,12.7,3.72,5.00,5      ,0.311,  5/16,  3/16,1.560 ,4.66,4  5/8 ,0.491,  1/2 ,1.13,1  1/8 ,–,–,2  3/4 ,–,–,4.75,–,16.1,–,–,16.1,7.79,2.05,1.45,1.20,3.70,0.403,3.36,1.44,0.950,–,2.49,–,–,–,–,–,–,–,–,–,–,0.300,–,0.173,1.98,0.767,–
,,,,,,,,,,,,,,,,,,,,,,,,,,,,,,,,,,,,,,,,,,,,,,,,,,,,,,,
ST,ST4X11.5,ST4X11.5,–,11.5,3.38,4.00,4      ,0.441,  7/16,  1/4 ,1.760 ,4.17,4  1/8 ,0.425,  7/16,1.00,1      ,–,–,2  1/4 ,–,–,4.91,–,9.07,–,–,9.07,5.00,1.76,1.22,1.15,3.19,0.439,2.13,1.02,0.795,–,1.84,–,–,–,–,–,–,–,–,–,–,0.271,–,0.168,1.73,0.704,–
ST,ST4X9.2,ST4X9.2,–,9.20,2.70,4.00,4      ,0.271,  1/4 ,  1/8 ,1.080 ,4.00,4      ,0.425,  7/16,1.00,1      ,–,–,2  1/4 ,–,–,4.71,–,14.8,–,–,14.8,3.49,1.14,1.14,0.942,2.07,0.336,1.84,0.922,0.827,–,1.59,–,–,–,–,–,–,–,–,–,–,0.167,–,0.0642,1.58,0.788,–
,,,,,,,,,,,,,,,,,,,,,,,,,,,,,,,,,,,,,,,,,,,,,,,,,,,,,,,
ST,ST3X8.6,ST3X8.6,–,8.60,2.53,3.00,3      ,0.465,  7/16,  1/4 ,1.400 ,3.57,3  5/8 ,0.359,  3/8 ,0.813, 13/16,–,–,–,–,–,4.97,–,6.45,–,–,6.45,2.12,1.02,0.915,0.915,1.85,0.394,1.14,0.642,0.673,–,1.17,–,–,–,–,–,–,–,–,–,–,0.181,–,0.0772,1.35,0.705,–
ST,ST3X6.25,ST3X6.25,–,6.25,1.83,3.00,3      ,0.232,  1/4 ,  1/8 ,0.696 ,3.33,3  3/8 ,0.359,  3/8 ,0.813, 13/16,–,–,–,–,–,4.64,–,12.9,–,–,12.9,1.26,0.547,0.831,0.692,1.01,0.271,0.901,0.541,0.702,–,0.930,–,–,–,–,–,–,–,–,–,–,0.0830,–,0.0197,1.20,0.819,–
,,,,,,,,,,,,,,,,,,,,,,,,,,,,,,,,,,,,,,,,,,,,,,,,,,,,,,,
ST,ST2.5X5,ST2.5X5,–,5.00,1.46,2.50,2  1/2 ,0.214,  3/16,  1/8 ,0.535 ,3.00,3      ,0.326,  5/16,0.750,  3/4 ,–,–,–,–,–,4.60,–,11.7,–,–,11.7,0.671,0.348,0.677,0.570,0.650,0.239,0.597,0.398,0.638,–,0.686,–,–,–,–,–,–,–,–,–,–,0.0568,–,0.0100,1.02,0.839,–
,,,,,,,,,,,,,,,,,,,,,,,,,,,,,,,,,,,,,,,,,,,,,,,,,,,,,,,
ST,ST2X4.75,ST2X4.75,–,4.75,1.40,2.00,2      ,0.326,  5/16,  3/16,0.652 ,2.80,2  3/4 ,0.293,  5/16,0.750,  3/4 ,–,–,–,–,–,4.78,–,6.13,–,–,6.13,0.462,0.319,0.575,0.553,0.592,0.250,0.444,0.317,0.564,–,0.565,–,–,–,–,–,–,–,–,–,–,0.0590,–,0.0100,0.903,0.797,–
ST,ST2X3.85,ST2X3.85,–,3.85,1.13,2.00,2      ,0.193,  3/16,  1/8 ,0.386 ,2.66,2  5/8 ,0.293,  5/16,0.750,  3/4 ,–,–,–,–,–,4.54,–,10.4,–,–,10.4,0.307,0.198,0.522,0.448,0.381,0.204,0.374,0.281,0.576,–,0.485,–,–,–,–,–,–,–,–,–,–,0.0364,–,0.00457,0.834,0.869,–
,,,,,,,,,,,,,,,,,,,,,,,,,,,,,,,,,,,,,,,,,,,,,,,,,,,,,,,
ST,ST1.5X3.75,ST1.5X3.75,–,3.75,1.10,1.50,1  1/2 ,0.349,  3/8 ,  3/16,0.524 ,2.51,2  1/2 ,0.260,  1/4 ,0.625,  5/8 ,–,–,–,–,–,4.83,–,4.30,–,–,4.30,0.200,0.187,0.426,0.432,0.351,0.219,0.289,0.230,0.513,–,0.411,–,–,–,–,–,–,–,–,–,–,0.0432,–,0.00496,0.732,0.830,–
ST,ST1.5X2.85,ST1.5X2.85,–,2.85,0.830,1.50,1  1/2 ,0.170,  3/16,  1/8 ,0.255 ,2.33,2  3/8 ,0.260,  1/4 ,0.625,  5/8 ,–,–,–,–,–,4.48,–,8.82,–,–,8.82,0.114,0.0970,0.370,0.329,0.196,0.171,0.223,0.192,0.518,–,0.328,–,–,–,–,–,–,–,–,–,–,0.0216,–,0.00189,0.667,0.911,–
,,,,,,,,,,,,,,,,,,,,,,,,,,,,,,,,,,,,,,,,,,,,,,,,,,,,,,,
Rect. HSS,HSS24X12X.750,HSS24X12X3/4,0.698,171.16,47.1,–,–,–,–,–,–,–,–,–,–,–,–,–,–,–,–,–,–,–,–,14.2,31.4,–,3440,287,8.55,–,359,–,1170,195,4.98,–,221,–,–,–,–,–,–,–,–,20  5/8 ,8  5/8 ,2850,366,–,–,–, 5.800 
Rect. HSS,HSS24X12X.625,HSS24X12X5/8,0.581,144.39,39.6,–,–,–,–,–,–,–,–,–,–,–,–,–,–,–,–,–,–,–,–,17.7,38.4,–,2940,245,8.62,–,304,–,1000,167,5.03,–,188,–,–,–,–,–,–,–,–,21  3/16,9  3/16,2430,310,–,–,–, 5.830 
Rect. HSS,HSS24X12X.500,HSS24X12X1/2,0.465,116.91,32.1,–,–,–,–,–,–,–,–,–,–,–,–,–,–,–,–,–,–,–,–,22.8,48.6,–,2420,202,8.68,–,248,–,829,138,5.08,–,154,–,–,–,–,–,–,–,–,21  3/4 ,9  3/4 ,1980,252,–,–,–, 5.870 
,,,,,,,,,,,,,,,,,,,,,,,,,,,,,,,,,,,,,,,,,,,,,,,,,,,,,,,
Rect. HSS,HSS20X12X.750,HSS20X12X3/4,0.698,150.75,41.5,–,–,–,–,–,–,–,–,–,–,–,–,–,–,–,–,–,–,–,–,14.2,25.6,–,2190,219,7.26,–,270,–,988,165,4.88,–,190,–,–,–,–,–,–,–,–,16  5/8 ,8  5/8 ,2220,303,–,–,–, 5.130 
Rect. HSS,HSS20X12X.625,HSS20X12X5/8,0.581,127.37,35.0,–,–,–,–,–,–,–,–,–,–,–,–,–,–,–,–,–,–,–,–,17.7,31.4,–,1880,188,7.33,–,230,–,851,142,4.93,–,162,–,–,–,–,–,–,–,–,17  3/16,9  3/16,1890,257,–,–,–, 5.170 
Rect. HSS,HSS20X12X.500,HSS20X12X1/2,0.465,103.30,28.3,–,–,–,–,–,–,–,–,–,–,–,–,–,–,–,–,–,–,–,–,22.8,40.0,–,1550,155,7.39,–,188,–,705,117,4.99,–,132,–,–,–,–,–,–,–,–,17  3/4 ,9  3/4 ,1540,209,–,–,–, 5.200 
Rect. HSS,HSS20X12X.375,HSS20X12X3/8,0.349,78.52,21.5,–,–,–,–,–,–,–,–,–,–,–,–,–,–,–,–,–,–,–,–,31.4,54.3,–,1200,120,7.45,–,144,–,547,91.1,5.04,–,102,–,–,–,–,–,–,–,–,18  5/16,10  5/16,1180,160,–,–,–, 5.230 
Rect. HSS,HSS20X12X.313,HSS20X12X5/16,0.291,65.87,18.1,–,–,–,–,–,–,–,–,–,–,–,–,–,–,–,–,–,–,–,–,38.2,65.7,–,1010,101,7.48,–,122,–,464,77.3,5.07,–,85.8,–,–,–,–,–,–,–,–,18  5/8 ,10  5/8 ,997,134,–,–,–, 5.250 
,,,,,,,,,,,,,,,,,,,,,,,,,,,,,,,,,,,,,,,,,,,,,,,,,,,,,,,
Rect. HSS,HSS20X8X.625,HSS20X8X5/8,0.581,110.36,30.3,–,–,–,–,–,–,–,–,–,–,–,–,–,–,–,–,–,–,–,–,10.8,31.4,–,1440,144,6.89,–,185,–,338,84.6,3.34,–,96.4,–,–,–,–,–,–,–,–,17  3/16,5  3/16,916,167,–,–,–, 4.500 
Rect. HSS,HSS20X8X.500,HSS20X8X1/2,0.465,89.68,24.6,–,–,–,–,–,–,–,–,–,–,–,–,–,–,–,–,–,–,–,–,14.2,40.0,–,1190,119,6.96,–,152,–,283,70.8,3.39,–,79.5,–,–,–,–,–,–,–,–,17  3/4 ,5  3/4 ,757,137,–,–,–, 4.530 
Rect. HSS,HSS20X8X.375,HSS20X8X3/8,0.349,68.31,18.7,–,–,–,–,–,–,–,–,–,–,–,–,–,–,–,–,–,–,–,–,19.9,54.3,–,926,92.6,7.03,–,117,–,222,55.6,3.44,–,61.5,–,–,–,–,–,–,–,–,18  5/16,6  5/16,586,105,–,–,–, 4.570 
Rect. HSS,HSS20X8X.313,HSS20X8X5/16,0.291,57.36,15.7,–,–,–,–,–,–,–,–,–,–,–,–,–,–,–,–,–,–,–,–,24.5,65.7,–,786,78.6,7.07,–,98.6,–,189,47.4,3.47,–,52.0,–,–,–,–,–,–,–,–,18  5/8 ,6  5/8 ,496,88.3,–,–,–, 4.580 
,,,,,,,,,,,,,,,,,,,,,,,,,,,,,,,,,,,,,,,,,,,,,,,,,,,,,,,
Rect. HSS,HSS20X4X.500,HSS20X4X1/2,0.465,76.07,20.9,–,–,–,–,–,–,–,–,–,–,–,–,–,–,–,–,–,–,–,–,5.60,40.0,–,838,83.8,6.33,–,115,–,58.7,29.3,1.68,–,34.0,–,–,–,–,–,–,–,–,17  3/4 ,–,195,63.8,–,–,–, 3.870 
Rect. HSS,HSS20X4X.375,HSS20X4X3/8,0.349,58.10,16.0,–,–,–,–,–,–,–,–,–,–,–,–,–,–,–,–,–,–,–,–,8.46,54.3,–,657,65.7,6.42,–,89.3,–,47.6,23.8,1.73,–,26.8,–,–,–,–,–,–,–,–,18  5/16,2  5/16,156,49.9,–,–,–, 3.900 
Rect. HSS,HSS20X4X.313,HSS20X4X5/16,0.291,48.86,13.4,–,–,–,–,–,–,–,–,–,–,–,–,–,–,–,–,–,–,–,–,10.7,65.7,–,560,56.0,6.46,–,75.6,–,41.2,20.6,1.75,–,22.9,–,–,–,–,–,–,–,–,18  5/8 ,2  5/8 ,134,42.4,–,–,–, 3.920 
Rect. HSS,HSS20X4X.250,HSS20X4X1/4,0.233,39.43,10.8,–,–,–,–,–,–,–,–,–,–,–,–,–,–,–,–,–,–,–,–,14.2,82.8,–,458,45.8,6.50,–,61.5,–,34.3,17.1,1.78,–,18.7,–,–,–,–,–,–,–,–,18  7/8 ,2  7/8 ,111,34.7,–,–,–, 3.930 
,,,,,,,,,,,,,,,,,,,,,,,,,,,,,,,,,,,,,,,,,,,,,,,,,,,,,,,
Rect. HSS,HSS18X6X.625,HSS18X6X5/8,0.581,93.34,25.7,–,–,–,–,–,–,–,–,–,–,–,–,–,–,–,–,–,–,–,–,7.33,28.0,–,923,103,6.00,–,135,–,158,52.7,2.48,–,61.0,–,–,–,–,–,–,–,–,15  3/16,3  3/16,462,109,–,–,–, 3.830 
Rect. HSS,HSS18X6X.500,HSS18X6X1/2,0.465,76.07,20.9,–,–,–,–,–,–,–,–,–,–,–,–,–,–,–,–,–,–,–,–,9.90,35.7,–,770,85.6,6.07,–,112,–,134,44.6,2.53,–,50.7,–,–,–,–,–,–,–,–,15  3/4 ,3  3/4 ,387,89.9,–,–,–, 3.870 
Rect. HSS,HSS18X6X.375,HSS18X6X3/8,0.349,58.10,16.0,–,–,–,–,–,–,–,–,–,–,–,–,–,–,–,–,–,–,–,–,14.2,48.6,–,602,66.9,6.15,–,86.4,–,106,35.5,2.58,–,39.5,–,–,–,–,–,–,–,–,16  5/16,4  5/16,302,69.5,–,–,–, 3.900 
Rect. HSS,HSS18X6X.313,HSS18X6X5/16,0.291,48.86,13.4,–,–,–,–,–,–,–,–,–,–,–,–,–,–,–,–,–,–,–,–,17.6,58.9,–,513,57.0,6.18,–,73.1,–,91.3,30.4,2.61,–,33.5,–,–,–,–,–,–,–,–,16  9/16,4  9/16,257,58.7,–,–,–, 3.920 
Rect. HSS,HSS18X6X.250,HSS18X6X1/4,0.233,39.43,10.8,–,–,–,–,–,–,–,–,–,–,–,–,–,–,–,–,–,–,–,–,22.8,74.3,–,419,46.5,6.22,–,59.4,–,75.1,25.0,2.63,–,27.3,–,–,–,–,–,–,–,–,16  7/8 ,4  7/8 ,210,47.7,–,–,–, 3.930 
,,,,,,,,,,,,,,,,,,,,,,,,,,,,,,,,,,,,,,,,,,,,,,,,,,,,,,,
Rect. HSS,HSS16X12X.750,HSS16X12X3/4,0.698,130.33,35.9,–,–,–,–,–,–,–,–,–,–,–,–,–,–,–,–,–,–,–,–,14.2,19.9,–,1270,159,5.95,–,193,–,810,135,4.75,–,158,–,–,–,–,–,–,–,–,12  5/8 ,8  5/8 ,1610,240,–,–,–, 4.470 
Rect. HSS,HSS16X12X.625,HSS16X12X5/8,0.581,110.36,30.3,–,–,–,–,–,–,–,–,–,–,–,–,–,–,–,–,–,–,–,–,17.7,24.5,–,1090,136,6.00,–,165,–,700,117,4.80,–,135,–,–,–,–,–,–,–,–,13  3/16,9  3/16,1370,204,–,–,–, 4.500 
Rect. HSS,HSS16X12X.500,HSS16X12X1/2,0.465,89.68,24.6,–,–,–,–,–,–,–,–,–,–,–,–,–,–,–,–,–,–,–,–,22.8,31.4,–,904,113,6.06,–,135,–,581,96.8,4.86,–,111,–,–,–,–,–,–,–,–,13  3/4 ,9  3/4 ,1120,166,–,–,–, 4.530 
Rect. HSS,HSS16X12X.375,HSS16X12X3/8,0.349,68.31,18.7,–,–,–,–,–,–,–,–,–,–,–,–,–,–,–,–,–,–,–,–,31.4,42.8,–,702,87.7,6.12,–,104,–,452,75.3,4.91,–,85.5,–,–,–,–,–,–,–,–,14  5/16,10  5/16,862,127,–,–,–, 4.570 
Rect. HSS,HSS16X12X.313,HSS16X12X5/16,0.291,57.36,15.7,–,–,–,–,–,–,–,–,–,–,–,–,–,–,–,–,–,–,–,–,38.2,52.0,–,595,74.4,6.15,–,87.7,–,384,64.0,4.94,–,72.2,–,–,–,–,–,–,–,–,14  5/8 ,10  5/8 ,727,107,–,–,–, 4.580 
,,,,,,,,,,,,,,,,,,,,,,,,,,,,,,,,,,,,,,,,,,,,,,,,,,,,,,,
Rect. HSS,HSS16X8X.625,HSS16X8X5/8,0.581,93.34,25.7,–,–,–,–,–,–,–,–,–,–,–,–,–,–,–,–,–,–,–,–,10.8,24.5,–,815,102,5.64,–,129,–,274,68.6,3.27,–,79.2,–,–,–,–,–,–,–,–,13  3/16,5  3/16,681,132,–,–,–, 3.830 
Rect. HSS,HSS16X8X.500,HSS16X8X1/2,0.465,76.07,20.9,–,–,–,–,–,–,–,–,–,–,–,–,–,–,–,–,–,–,–,–,14.2,31.4,–,679,84.9,5.70,–,106,–,230,57.6,3.32,–,65.5,–,–,–,–,–,–,–,–,13  3/4 ,5  3/4 ,563,108,–,–,–, 3.870 
Rect. HSS,HSS16X8X.375,HSS16X8X3/8,0.349,58.10,16.0,–,–,–,–,–,–,–,–,–,–,–,–,–,–,–,–,–,–,–,–,19.9,42.8,–,531,66.3,5.77,–,82.1,–,181,45.3,3.37,–,50.8,–,–,–,–,–,–,–,–,14  5/16,6  5/16,436,83.4,–,–,–, 3.900 
Rect. HSS,HSS16X8X.313,HSS16X8X5/16,0.291,48.86,13.4,–,–,–,–,–,–,–,–,–,–,–,–,–,–,–,–,–,–,–,–,24.5,52.0,–,451,56.4,5.80,–,69.4,–,155,38.7,3.40,–,43.0,–,–,–,–,–,–,–,–,14  5/8 ,6  5/8 ,369,70.4,–,–,–, 3.920 
Rect. HSS,HSS16X8X.250,HSS16X8X1/4,0.233,39.43,10.8,–,–,–,–,–,–,–,–,–,–,–,–,–,–,–,–,–,–,–,–,31.3,65.7,–,368,46.1,5.83,–,56.4,–,127,31.7,3.42,–,35.0,–,–,–,–,–,–,–,–,14  7/8 ,6  7/8 ,300,57.0,–,–,–, 3.930 
,,,,,,,,,,,,,,,,,,,,,,,,,,,,,,,,,,,,,,,,,,,,,,,,,,,,,,,
Rect. HSS,HSS16X4X.625,HSS16X4X5/8,0.581,76.33,21.0,–,–,–,–,–,–,–,–,–,–,–,–,–,–,–,–,–,–,–,–,3.88,24.5,–,539,67.3,5.06,–,92.9,–,54.1,27.0,1.60,–,32.5,–,–,–,–,–,–,–,–,13  3/16,–,174,60.5,–,–,–, 3.170 
Rect. HSS,HSS16X4X.500,HSS16X4X1/2,0.465,62.46,17.2,–,–,–,–,–,–,–,–,–,–,–,–,–,–,–,–,–,–,–,–,5.60,31.4,–,455,56.9,5.15,–,77.3,–,47.0,23.5,1.65,–,27.4,–,–,–,–,–,–,–,–,13  3/4 ,–,150,50.7,–,–,–, 3.200 
Rect. HSS,HSS16X4X.375,HSS16X4X3/8,0.349,47.90,13.2,–,–,–,–,–,–,–,–,–,–,–,–,–,–,–,–,–,–,–,–,8.46,42.8,–,360,45.0,5.23,–,60.2,–,38.3,19.1,1.71,–,21.7,–,–,–,–,–,–,–,–,14  5/16,2  5/16,120,39.7,–,–,–, 3.230 
Rect. HSS,HSS16X4X.313,HSS16X4X5/16,0.291,40.35,11.1,–,–,–,–,–,–,–,–,–,–,–,–,–,–,–,–,–,–,–,–,10.7,52.0,–,308,38.5,5.27,–,51.1,–,33.2,16.6,1.73,–,18.5,–,–,–,–,–,–,–,–,14  5/8 ,2  5/8 ,103,33.8,–,–,–, 3.250 
Rect. HSS,HSS16X4X.250,HSS16X4X1/4,0.233,32.63,8.96,–,–,–,–,–,–,–,–,–,–,–,–,–,–,–,–,–,–,–,–,14.2,65.7,–,253,31.6,5.31,–,41.7,–,27.7,13.8,1.76,–,15.2,–,–,–,–,–,–,–,–,14  7/8 ,2  7/8 ,85.2,27.6,–,–,–, 3.270 
Rect. HSS,HSS16X4X.188,HSS16X4X3/16,0.174,24.73,6.76,–,–,–,–,–,–,–,–,–,–,–,–,–,–,–,–,–,–,–,–,20.0,89.0,–,193,24.2,5.35,–,31.7,–,21.5,10.8,1.78,–,11.7,–,–,–,–,–,–,–,–,15  3/16,3  3/16,65.5,21.1,–,–,–, 3.280 
,,,,,,,,,,,,,,,,,,,,,,,,,,,,,,,,,,,,,,,,,,,,,,,,,,,,,,,
Rect. HSS,HSS14X10X.625,HSS14X10X5/8,0.581,93.34,25.7,–,–,–,–,–,–,–,–,–,–,–,–,–,–,–,–,–,–,–,–,14.2,21.1,–,687,98.2,5.17,–,120,–,407,81.5,3.98,–,95.1,–,–,–,–,–,–,–,–,11  3/16,7  3/16,832,146,–,–,–, 3.830 
Rect. HSS,HSS14X10X.500,HSS14X10X1/2,0.465,76.07,20.9,–,–,–,–,–,–,–,–,–,–,–,–,–,–,–,–,–,–,–,–,18.5,27.1,–,573,81.8,5.23,–,98.8,–,341,68.1,4.04,–,78.5,–,–,–,–,–,–,–,–,11  3/4 ,7  3/4 ,685,120,–,–,–, 3.870 
Rect. HSS,HSS14X10X.375,HSS14X10X3/8,0.349,58.10,16.0,–,–,–,–,–,–,–,–,–,–,–,–,–,–,–,–,–,–,–,–,25.7,37.1,–,447,63.9,5.29,–,76.3,–,267,53.4,4.09,–,60.7,–,–,–,–,–,–,–,–,12  5/16,8  5/16,528,91.8,–,–,–, 3.900 
Rect. HSS,HSS14X10X.313,HSS14X10X5/16,0.291,48.86,13.4,–,–,–,–,–,–,–,–,–,–,–,–,–,–,–,–,–,–,–,–,31.4,45.1,–,380,54.3,5.32,–,64.6,–,227,45.5,4.12,–,51.4,–,–,–,–,–,–,–,–,12  9/16,8  9/16,446,77.4,–,–,–, 3.920 
Rect. HSS,HSS14X10X.250,HSS14X10X1/4,0.233,39.43,10.8,–,–,–,–,–,–,–,–,–,–,–,–,–,–,–,–,–,–,–,–,39.9,57.1,–,310,44.3,5.35,–,52.4,–,186,37.2,4.14,–,41.8,–,–,–,–,–,–,–,–,12  7/8 ,8  7/8 ,362,62.6,–,–,–, 3.930 
,,,,,,,,,,,,,,,,,,,,,,,,,,,,,,,,,,,,,,,,,,,,,,,,,,,,,,,
Rect. HSS,HSS14X6X.625,HSS14X6X5/8,0.581,76.33,21.0,–,–,–,–,–,–,–,–,–,–,–,–,–,–,–,–,–,–,–,–,7.33,21.1,–,478,68.3,4.77,–,88.7,–,124,41.2,2.43,–,48.4,–,–,–,–,–,–,–,–,11  3/16,3  3/16,334,83.7,–,–,–, 3.170 
Rect. HSS,HSS14X6X.500,HSS14X6X1/2,0.465,62.46,17.2,–,–,–,–,–,–,–,–,–,–,–,–,–,–,–,–,–,–,–,–,9.90,27.1,–,402,57.4,4.84,–,73.6,–,105,35.1,2.48,–,40.4,–,–,–,–,–,–,–,–,11  3/4 ,3  3/4 ,279,69.3,–,–,–, 3.200 
Rect. HSS,HSS14X6X.375,HSS14X6X3/8,0.349,47.90,13.2,–,–,–,–,–,–,–,–,–,–,–,–,–,–,–,–,–,–,–,–,14.2,37.1,–,317,45.3,4.91,–,57.3,–,84.1,28.0,2.53,–,31.6,–,–,–,–,–,–,–,–,12  5/16,4  5/16,219,53.7,–,–,–, 3.230 
Rect. HSS,HSS14X6X.313,HSS14X6X5/16,0.291,40.35,11.1,–,–,–,–,–,–,–,–,–,–,–,–,–,–,–,–,–,–,–,–,17.6,45.1,–,271,38.7,4.94,–,48.6,–,72.3,24.1,2.55,–,26.9,–,–,–,–,–,–,–,–,12  9/16,4  9/16,186,45.5,–,–,–, 3.250 
Rect. HSS,HSS14X6X.250,HSS14X6X1/4,0.233,32.63,8.96,–,–,–,–,–,–,–,–,–,–,–,–,–,–,–,–,–,–,–,–,22.8,57.1,–,222,31.7,4.98,–,39.6,–,59.6,19.9,2.58,–,22.0,–,–,–,–,–,–,–,–,12  7/8 ,4  7/8 ,152,36.9,–,–,–, 3.270 
Rect. HSS,HSS14X6X.188,HSS14X6X3/16,0.174,24.73,6.76,–,–,–,–,–,–,–,–,–,–,–,–,–,–,–,–,–,–,–,–,31.5,77.5,–,170,24.3,5.01,–,30.1,–,45.9,15.3,2.61,–,16.7,–,–,–,–,–,–,–,–,13  3/16,5  3/16,116,28.0,–,–,–, 3.280 
,,,,,,,,,,,,,,,,,,,,,,,,,,,,,,,,,,,,,,,,,,,,,,,,,,,,,,,
Rect. HSS,HSS14X4X.625,HSS14X4X5/8,0.581,67.82,18.7,–,–,–,–,–,–,–,–,–,–,–,–,–,–,–,–,–,–,–,–,3.88,21.1,–,373,53.3,4.47,–,73.1,–,47.2,23.6,1.59,–,28.5,–,–,–,–,–,–,–,–,11  1/4 ,–,148,52.6,–,–,–, 2.830 
Rect. HSS,HSS14X4X.500,HSS14X4X1/2,0.465,55.66,15.3,–,–,–,–,–,–,–,–,–,–,–,–,–,–,–,–,–,–,–,–,5.60,27.1,–,317,45.3,4.55,–,61.0,–,41.2,20.6,1.64,–,24.1,–,–,–,–,–,–,–,–,11  3/4 ,–,127,44.1,–,–,–, 2.870 
Rect. HSS,HSS14X4X.375,HSS14X4X3/8,0.349,42.79,11.8,–,–,–,–,–,–,–,–,–,–,–,–,–,–,–,–,–,–,–,–,8.46,37.1,–,252,36.0,4.63,–,47.8,–,33.6,16.8,1.69,–,19.1,–,–,–,–,–,–,–,–,12  1/4 ,2  1/4 ,102,34.6,–,–,–, 2.900 
Rect. HSS,HSS14X4X.313,HSS14X4X5/16,0.291,36.10,9.92,–,–,–,–,–,–,–,–,–,–,–,–,–,–,–,–,–,–,–,–,10.7,45.1,–,216,30.9,4.67,–,40.6,–,29.2,14.6,1.72,–,16.4,–,–,–,–,–,–,–,–,12  5/8 ,2  5/8 ,87.7,29.5,–,–,–, 2.920 
Rect. HSS,HSS14X4X.250,HSS14X4X1/4,0.233,29.23,8.03,–,–,–,–,–,–,–,–,–,–,–,–,–,–,–,–,–,–,–,–,14.2,57.1,–,178,25.4,4.71,–,33.2,–,24.4,12.2,1.74,–,13.5,–,–,–,–,–,–,–,–,12  7/8 ,2  7/8 ,72.4,24.1,–,–,–, 2.930 
Rect. HSS,HSS14X4X.188,HSS14X4X3/16,0.174,22.18,6.06,–,–,–,–,–,–,–,–,–,–,–,–,–,–,–,–,–,–,–,–,20.0,77.5,–,137,19.5,4.74,–,25.3,–,19.0,9.48,1.77,–,10.3,–,–,–,–,–,–,–,–,13  1/8 ,3  1/8 ,55.8,18.4,–,–,–, 2.950 
,,,,,,,,,,,,,,,,,,,,,,,,,,,,,,,,,,,,,,,,,,,,,,,,,,,,,,,
Rect. HSS,HSS12X10X.500,HSS12X10X1/2,0.465,69.27,19.0,–,–,–,–,–,–,–,–,–,–,–,–,–,–,–,–,–,–,–,–,18.5,22.8,–,395,65.9,4.56,–,78.8,–,298,59.7,3.96,–,69.6,–,–,–,–,–,–,–,–,9  3/4 ,7  3/4 ,545,102,–,–,–, 3.530 
Rect. HSS,HSS12X10X.375,HSS12X10X3/8,0.349,53.00,14.6,–,–,–,–,–,–,–,–,–,–,–,–,–,–,–,–,–,–,–,–,25.7,31.4,–,310,51.6,4.61,–,61.1,–,234,46.9,4.01,–,54.0,–,–,–,–,–,–,–,–,10  5/16,8  5/16,421,78.3,–,–,–, 3.570 
Rect. HSS,HSS12X10X.313,HSS12X10X5/16,0.291,44.60,12.2,–,–,–,–,–,–,–,–,–,–,–,–,–,–,–,–,–,–,–,–,31.4,38.2,–,264,44.0,4.64,–,51.7,–,200,40.0,4.04,–,45.7,–,–,–,–,–,–,–,–,10  9/16,8  9/16,356,66.1,–,–,–, 3.580 
Rect. HSS,HSS12X10X.250,HSS12X10X1/4,0.233,36.03,9.90,–,–,–,–,–,–,–,–,–,–,–,–,–,–,–,–,–,–,–,–,39.9,48.5,–,216,36.0,4.67,–,42.1,–,164,32.7,4.07,–,37.2,–,–,–,–,–,–,–,–,10  7/8 ,8  7/8 ,289,53.5,–,–,–, 3.600 
,,,,,,,,,,,,,,,,,,,,,,,,,,,,,,,,,,,,,,,,,,,,,,,,,,,,,,,
Rect. HSS,HSS12X8X.625,HSS12X8X5/8,0.581,76.33,21.0,–,–,–,–,–,–,–,–,–,–,–,–,–,–,–,–,–,–,–,–,10.8,17.7,–,397,66.1,4.34,–,82.1,–,210,52.5,3.16,–,61.9,–,–,–,–,–,–,–,–,9  3/16,5  3/16,454,97.7,–,–,–, 3.170 
Rect. HSS,HSS12X8X.500,HSS12X8X1/2,0.465,62.46,17.2,–,–,–,–,–,–,–,–,–,–,–,–,–,–,–,–,–,–,–,–,14.2,22.8,–,333,55.6,4.41,–,68.1,–,178,44.4,3.21,–,51.5,–,–,–,–,–,–,–,–,9  3/4 ,5  3/4 ,377,80.4,–,–,–, 3.200 
Rect. HSS,HSS12X8X.375,HSS12X8X3/8,0.349,47.90,13.2,–,–,–,–,–,–,–,–,–,–,–,–,–,–,–,–,–,–,–,–,19.9,31.4,–,262,43.7,4.47,–,53.0,–,140,35.1,3.27,–,40.1,–,–,–,–,–,–,–,–,10  5/16,6  5/16,293,62.1,–,–,–, 3.230 
Rect. HSS,HSS12X8X.313,HSS12X8X5/16,0.291,40.35,11.1,–,–,–,–,–,–,–,–,–,–,–,–,–,–,–,–,–,–,–,–,24.5,38.2,–,224,37.4,4.50,–,44.9,–,120,30.1,3.29,–,34.1,–,–,–,–,–,–,–,–,10  9/16,6  9/16,248,52.4,–,–,–, 3.250 
Rect. HSS,HSS12X8X.250,HSS12X8X1/4,0.233,32.63,8.96,–,–,–,–,–,–,–,–,–,–,–,–,–,–,–,–,–,–,–,–,31.3,48.5,–,184,30.6,4.53,–,36.6,–,98.8,24.7,3.32,–,27.8,–,–,–,–,–,–,–,–,10  7/8 ,6  7/8 ,202,42.5,–,–,–, 3.270 
Rect. HSS,HSS12X8X.188,HSS12X8X3/16,0.174,24.73,6.76,–,–,–,–,–,–,–,–,–,–,–,–,–,–,–,–,–,–,–,–,43.0,66.0,–,140,23.4,4.56,–,27.8,–,75.7,18.9,3.35,–,21.1,–,–,–,–,–,–,–,–,11  1/8 ,7  1/8 ,153,32.2,–,–,–, 3.280 
,,,,,,,,,,,,,,,,,,,,,,,,,,,,,,,,,,,,,,,,,,,,,,,,,,,,,,,
Rect. HSS,HSS12X6X.625,HSS12X6X5/8,0.581,67.82,18.7,–,–,–,–,–,–,–,–,–,–,–,–,–,–,–,–,–,–,–,–,7.33,17.7,–,321,53.4,4.14,–,68.8,–,107,35.5,2.39,–,42.1,–,–,–,–,–,–,–,–,9  3/16,3  3/16,271,71.1,–,–,–, 2.830 
Rect. HSS,HSS12X6X.500,HSS12X6X1/2,0.465,55.66,15.3,–,–,–,–,–,–,–,–,–,–,–,–,–,–,–,–,–,–,–,–,9.90,22.8,–,271,45.2,4.21,–,57.4,–,91.1,30.4,2.44,–,35.2,–,–,–,–,–,–,–,–,9  3/4 ,3  3/4 ,227,59.0,–,–,–, 2.870 
Rect. HSS,HSS12X6X.375,HSS12X6X3/8,0.349,42.79,11.8,–,–,–,–,–,–,–,–,–,–,–,–,–,–,–,–,–,–,–,–,14.2,31.4,–,215,35.9,4.28,–,44.8,–,72.9,24.3,2.49,–,27.7,–,–,–,–,–,–,–,–,10  5/16,4  5/16,178,45.8,–,–,–, 2.900 
Rect. HSS,HSS12X6X.313,HSS12X6X5/16,0.291,36.10,9.92,–,–,–,–,–,–,–,–,–,–,–,–,–,–,–,–,–,–,–,–,17.6,38.2,–,184,30.7,4.31,–,38.1,–,62.8,20.9,2.52,–,23.6,–,–,–,–,–,–,–,–,10  9/16,4  9/16,152,38.8,–,–,–, 2.920 
Rect. HSS,HSS12X6X.250,HSS12X6X1/4,0.233,29.23,8.03,–,–,–,–,–,–,–,–,–,–,–,–,–,–,–,–,–,–,–,–,22.8,48.5,–,151,25.2,4.34,–,31.1,–,51.9,17.3,2.54,–,19.3,–,–,–,–,–,–,–,–,10  7/8 ,4  7/8 ,124,31.6,–,–,–, 2.930 
Rect. HSS,HSS12X6X.188,HSS12X6X3/16,0.174,22.18,6.06,–,–,–,–,–,–,–,–,–,–,–,–,–,–,–,–,–,–,–,–,31.5,66.0,–,116,19.4,4.38,–,23.7,–,40.0,13.3,2.57,–,14.7,–,–,–,–,–,–,–,–,11  3/16,5  3/16,94.6,24.0,–,–,–, 2.950 
,,,,,,,,,,,,,,,,,,,,,,,,,,,,,,,,,,,,,,,,,,,,,,,,,,,,,,,
Rect. HSS,HSS12X4X.625,HSS12X4X5/8,0.581,59.32,16.4,–,–,–,–,–,–,–,–,–,–,–,–,–,–,–,–,–,–,–,–,3.88,17.7,–,245,40.8,3.87,–,55.5,–,40.4,20.2,1.57,–,24.5,–,–,–,–,–,–,–,–,9  3/16,–,122,44.6,–,–,–, 2.500 
Rect. HSS,HSS12X4X.500,HSS12X4X1/2,0.465,48.85,13.5,–,–,–,–,–,–,–,–,–,–,–,–,–,–,–,–,–,–,–,–,5.60,22.8,–,210,34.9,3.95,–,46.7,–,35.3,17.7,1.62,–,20.9,–,–,–,–,–,–,–,–,9  3/4 ,–,105,37.5,–,–,–, 2.530 
Rect. HSS,HSS12X4X.375,HSS12X4X3/8,0.349,37.69,10.4,–,–,–,–,–,–,–,–,–,–,–,–,–,–,–,–,–,–,–,–,8.46,31.4,–,168,28.0,4.02,–,36.7,–,28.9,14.5,1.67,–,16.6,–,–,–,–,–,–,–,–,10  5/16,2  5/16,84.1,29.5,–,–,–, 2.570 
Rect. HSS,HSS12X4X.313,HSS12X4X5/16,0.291,31.84,8.76,–,–,–,–,–,–,–,–,–,–,–,–,–,–,–,–,–,–,–,–,10.7,38.2,–,144,24.1,4.06,–,31.3,–,25.2,12.6,1.70,–,14.2,–,–,–,–,–,–,–,–,10  5/8 ,2  5/8 ,72.4,25.2,–,–,–, 2.580 
Rect. HSS,HSS12X4X.250,HSS12X4X1/4,0.233,25.82,7.10,–,–,–,–,–,–,–,–,–,–,–,–,–,–,–,–,–,–,–,–,14.2,48.5,–,119,19.9,4.10,–,25.6,–,21.0,10.5,1.72,–,11.7,–,–,–,–,–,–,–,–,10  7/8 ,2  7/8 ,59.8,20.6,–,–,–, 2.600 
Rect. HSS,HSS12X4X.188,HSS12X4X3/16,0.174,19.63,5.37,–,–,–,–,–,–,–,–,–,–,–,–,–,–,–,–,–,–,–,–,20.0,66.0,–,91.8,15.3,4.13,–,19.6,–,16.4,8.20,1.75,–,9.00,–,–,–,–,–,–,–,–,11  3/16,3  3/16,46.1,15.7,–,–,–, 2.620 
,,,,,,,,,,,,,,,,,,,,,,,,,,,,,,,,,,,,,,,,,,,,,,,,,,,,,,,
Rect. HSS,HSS12X3.5X.375,HSS12X31/2X3/8,0.349,36.41,10.00,–,–,–,–,–,–,–,–,–,–,–,–,–,–,–,–,–,–,–,–,7.03,31.4,–,156,26.0,3.94,–,34.7,–,21,12.2,1.460,–,14.0,–,–,–,–,–,–,–,–,10  5/16,–,64.7,25.5,–,–,–, 2.480 
Rect. HSS,HSS12X3.5X.313,HSS12X31/2X5/16,0.291,30.78,8.46,–,–,–,–,–,–,–,–,–,–,–,–,–,–,–,–,–,–,–,–,9.03,38.2,–,134,22.4,3.98,–,29.6,–,18.6,10.6,1.48,–,12.1,–,–,–,–,–,–,–,–,10  5/8 ,–,56,21.8,–,–,–, 2.500 
,,,,,,,,,,,,,,,,,,,,,,,,,,,,,,,,,,,,,,,,,,,,,,,,,,,,,,,
Rect. HSS,HSS12X3X.313,HSS12X3X5/16,0.291,29.72,8.17,–,–,–,–,–,–,–,–,–,–,–,–,–,–,–,–,–,–,–,–,7.31,38.2,–,124,20.7,3.90,–,27.9,–,13.1,8.73,1.27,–,10.0,–,–,–,–,–,–,–,–,10  5/8 ,–,41.3,18.4,–,–,–, 2.420 
Rect. HSS,HSS12X3X.250,HSS12X3X1/4,0.233,24.12,6.63,–,–,–,–,–,–,–,–,–,–,–,–,–,–,–,–,–,–,–,–,9.88,48.5,–,103,17.2,3.94,–,22.9,–,11.1,7.38,1.29,–,8.28,–,–,–,–,–,–,–,–,10  7/8 ,–,34.5,15.1,–,–,–, 2.430 
Rect. HSS,HSS12X3X.188,HSS12X3X3/16,0.174,18.35,5.02,–,–,–,–,–,–,–,–,–,–,–,–,–,–,–,–,–,–,–,–,14.2,66.0,–,79.6,13.3,3.98,–,17.5,–,8.72,5.81,1.32,–,6.40,–,–,–,–,–,–,–,–,11  3/16,2  3/16,26.8,11.6,–,–,–, 2.450 
,,,,,,,,,,,,,,,,,,,,,,,,,,,,,,,,,,,,,,,,,,,,,,,,,,,,,,,
Rect. HSS,HSS12X2X.313,HSS12X2X5/16,0.291,27.59,7.59,–,–,–,–,–,–,–,–,–,–,–,–,–,–,–,–,–,–,–,–,3.87,38.2,–,104,17.4,3.71,–,24.5,–,5.1,5.1,0.82,–,6.1,–,–,–,–,–,–,–,–,10  5/8 ,–,17.6,11.6,–,–,–, 2.250 
Rect. HSS,HSS12X2X.250,HSS12X2X1/4,0.233,22.42,6.17,–,–,–,–,–,–,–,–,–,–,–,–,–,–,–,–,–,–,–,–,5.58,48.5,–,86.9,14.5,3.75,–,20.1,–,4.41,4.4,0.85,–,5.1,–,–,–,–,–,–,–,–,10  7/8 ,–,15.1,9.6,–,–,–, 2.270 
Rect. HSS,HSS12X2X.188,HSS12X2X3/16,0.174,17.08,4.67,–,–,–,–,–,–,–,–,–,–,–,–,–,–,–,–,–,–,–,–,8.49,66.0,–,67.4,11.2,3.80,–,15.5,–,3.55,3.6,0.87,–,4.0,–,–,–,–,–,–,–,–,11  3/16,–,12,7.5,–,–,–, 2.280 
,,,,,,,,,,,,,,,,,,,,,,,,,,,,–,,,,,,,,,,,,,,,,,,,,,,,,,,,
Rect. HSS,HSS10X8X.625,HSS10X8X5/8,0.581,67.82,18.7,–,–,–,–,–,–,–,–,–,–,–,–,–,–,–,–,–,–,–,–,10.8,14.2,–,253,50.5,3.68,–,62.2,–,178,44.5,3.09,–,53.3,–,–,–,–,–,–,–,–,7  3/16,5  3/16,346,80.4,–,–,–, 2.830 
Rect. HSS,HSS10X8X.500,HSS10X8X1/2,0.465,55.66,15.3,–,–,–,–,–,–,–,–,–,–,–,–,–,–,–,–,–,–,–,–,14.2,18.5,–,214,42.7,3.73,–,51.9,–,151,37.8,3.14,–,44.5,–,–,–,–,–,–,–,–,7  3/4 ,5  3/4 ,288,66.4,–,–,–, 2.870 
Rect. HSS,HSS10X8X.375,HSS10X8X3/8,0.349,42.79,11.8,–,–,–,–,–,–,–,–,–,–,–,–,–,–,–,–,–,–,–,–,19.9,25.7,,169,33.9,3.79,–,40.5,–,120,30.0,3.19,–,34.8,–,–,–,–,–,–,–,–,8  5/16,6  5/16,224,51.4,–,–,–, 2.900 
Rect. HSS,HSS10X8X.313,HSS10X8X5/16,0.291,36.10,9.92,–,–,–,–,–,–,–,–,–,–,–,–,–,–,–,–,–,–,–,–,24.5,31.4,–,145,29.0,3.82,–,34.4,–,103,25.7,3.22,–,29.6,–,–,–,–,–,–,–,–,8  5/8 ,6  5/8 ,190,43.5,–,–,–, 2.920 
Rect. HSS,HSS10X8X.250,HSS10X8X1/4,0.233,29.23,8.03,–,–,–,–,–,–,–,–,–,–,–,–,–,–,–,–,–,–,–,–,31.3,39.9,–,119,23.8,3.85,–,28.1,–,84.7,21.2,3.25,–,24.2,–,–,–,–,–,–,–,–,8  7/8 ,6  7/8 ,155,35.3,–,–,–, 2.930 
Rect. HSS,HSS10X8X.188,HSS10X8X3/16,0.174,22.18,6.06,–,–,–,–,–,–,–,–,–,–,–,–,–,–,–,–,–,–,–,–,43.0,54.5,–,91.4,18.3,3.88,–,21.4,–,65.1,16.3,3.28,–,18.4,–,–,–,–,–,–,–,–,9  3/16,7  3/16,118,26.7,–,–,–, 2.950 
,,,,,,,,,,,,,,,,,,,,,,,,,,,,–,,,,,,,,,,,,,,,,,,,,,,,,,,,
Rect. HSS,HSS10X6X.625,HSS10X6X5/8,0.581,59.32,16.4,–,–,–,–,–,–,–,–,–,–,–,–,–,–,–,–,–,–,–,–,7.33,14.2,–,201,40.2,3.50,–,51.3,–,89.4,29.8,2.34,–,35.8,–,–,–,–,–,–,–,–,7  3/16,3  3/16,209,58.6,–,–,–, 2.500 
Rect. HSS,HSS10X6X.500,HSS10X6X1/2,0.465,48.85,13.5,–,–,–,–,–,–,–,–,–,–,–,–,–,–,–,–,–,–,–,–,9.90,18.5,–,171,34.3,3.57,–,43.0,–,76.8,25.6,2.39,–,30.1,–,–,–,–,–,–,–,–,7  3/4 ,3  3/4 ,176,48.7,–,–,–, 2.530 
Rect. HSS,HSS10X6X.375,HSS10X6X3/8,0.349,37.69,10.4,–,–,–,–,–,–,–,–,–,–,–,–,–,–,–,–,–,–,–,–,14.2,25.7,,137,27.4,3.63,–,33.8,–,61.8,20.6,2.44,–,23.7,–,–,–,–,–,–,–,–,8  5/16,4  5/16,139,37.9,–,–,–, 2.570 
Rect. HSS,HSS10X6X.313,HSS10X6X5/16,0.291,31.84,8.76,–,–,–,–,–,–,–,–,–,–,–,–,–,–,–,–,–,–,–,–,17.6,31.4,–,118,23.5,3.66,–,28.8,–,53.3,17.8,2.47,–,20.2,–,–,–,–,–,–,–,–,8  5/8 ,4  5/8 ,118,32.2,–,–,–, 2.580 
Rect. HSS,HSS10X6X.250,HSS10X6X1/4,0.233,25.82,7.10,–,–,–,–,–,–,–,–,–,–,–,–,–,–,–,–,–,–,–,–,22.8,39.9,–,96.9,19.4,3.69,–,23.6,–,44.1,14.7,2.49,–,16.6,–,–,–,–,–,–,–,–,8  7/8 ,4  7/8 ,96.7,26.2,–,–,–, 2.600 
Rect. HSS,HSS10X6X.188,HSS10X6X3/16,0.174,19.63,5.37,–,–,–,–,–,–,–,–,–,–,–,–,–,–,–,–,–,–,–,–,31.5,54.5,–,74.6,14.9,3.73,–,18.0,–,34.1,11.4,2.52,–,12.7,–,–,–,–,–,–,–,–,9  3/16,5  3/16,73.8,19.9,–,–,–, 2.620 
,,,,,,,,,,,,,,,,,,,,,,,,,,,,,,,,,,,,,,,,,,,,,,,,,,,,,,,
Rect. HSS,HSS10X5X.375,HSS10X5X3/8,0.349,35.13,9.67,–,–,–,–,–,–,–,–,–,–,–,–,–,–,–,–,–,–,–,–,11.3,25.7,–,120,24.1,3.53,–,30.4,–,40.6,16.2,2.05,–,18.7,–,–,–,–,–,–,–,–,8  5/16,3  5/16,100,31.2,–,–,–, 2.400 
Rect. HSS,HSS10X5X.313,HSS10X5X5/16,0.291,29.72,8.17,–,–,–,–,–,–,–,–,–,–,–,–,–,–,–,–,–,–,–,–,14.2,31.4,–,104,20.8,3.56,–,26.0,–,35.2,14.1,2.07,–,16.0,–,–,–,–,–,–,–,–,8  5/8 ,3  5/8 ,86.0,26.5,–,–,–, 2.420 
Rect. HSS,HSS10X5X.250,HSS10X5X1/4,0.233,24.12,6.63,–,–,–,–,–,–,–,–,–,–,–,–,–,–,–,–,–,–,–,–,18.5,39.9,–,85.8,17.2,3.60,–,21.3,–,29.3,11.7,2.10,–,13.2,–,–,–,–,–,–,–,–,8  7/8 ,3  7/8 ,70.7,21.6,–,–,–, 2.430 
Rect. HSS,HSS10X5X.188,HSS10X5X3/16,0.174,18.35,5.0,–,–,–,–,–,–,–,–,–,–,–,–,–,–,–,–,–,–,–,–,25.70,54.5,–,66.2,13.2,3.63,–,16.3,–,22.7,9.1,2.13,–,10.1,–,–,–,–,–,–,–,–,9  3/16,4  3/16,54.1,16.5,–,–,–, 2.450 
,,,,,,,,,,,,,,,,,,,,,,,,,,,,,,,,,,,,,,,,,,,,,,,,,,,,,,,
Rect. HSS,HSS10X4X.625,HSS10X4X5/8,0.581,50.81,14.0,–,–,–,–,–,–,–,–,–,–,–,–,–,–,–,–,–,–,–,–,3.88,14.2,–,149,29.9,3.26,–,40.3,–,33.5,16.8,1.54,–,20.6,–,–,–,–,–,–,–,–,7  3/16,–,95.7,36.7,–,–,–, 2.170 
Rect. HSS,HSS10X4X.500,HSS10X4X1/2,0.465,42.05,11.6,–,–,–,–,–,–,–,–,–,–,–,–,–,–,–,–,–,–,–,–,5.60,18.5,–,129,25.8,3.34,–,34.1,–,29.5,14.7,1.59,–,17.6,–,–,–,–,–,–,–,–,7  3/4 ,–,82.6,31.0,–,–,–, 2.200 
Rect. HSS,HSS10X4X.375,HSS10X4X3/8,0.349,32.58,8.97,–,–,–,–,–,–,–,–,–,–,–,–,–,–,–,–,–,–,–,–,8.46,25.7,–,104,20.8,3.41,–,27.0,–,24.3,12.1,1.64,–,14.0,–,–,–,–,–,–,–,–,8  5/16,2  5/16,66.5,24.4,–,–,–, 2.230 
Rect. HSS,HSS10X4X.313,HSS10X4X5/16,0.291,27.59,7.59,–,–,–,–,–,–,–,–,–,–,–,–,–,–,–,–,–,–,–,–,10.7,31.4,,90.1,18.0,3.44,–,23.1,–,21.2,10.6,1.67,–,12.1,–,–,–,–,–,–,–,–,8  5/8 ,2  5/8 ,57.3,20.9,–,–,–, 2.250 
Rect. HSS,HSS10X4X.250,HSS10X4X1/4,0.233,22.42,6.17,–,–,–,–,–,–,–,–,–,–,–,–,–,–,–,–,–,–,–,–,14.2,39.9,,74.7,14.9,3.48,–,19.0,–,17.7,8.87,1.70,–,10.0,–,–,–,–,–,–,–,–,8  7/8 ,2  7/8 ,47.4,17.1,–,–,–, 2.270 
Rect. HSS,HSS10X4X.188,HSS10X4X3/16,0.174,17.08,4.67,–,–,–,–,–,–,–,–,–,–,–,–,–,–,–,–,–,–,–,–,20.0,54.5,–,57.8,11.6,3.52,–,14.6,–,13.9,6.93,1.72,–,7.66,–,–,–,–,–,–,–,–,9  3/16,3  3/16,36.5,13.1,–,–,–, 2.280 
Rect. HSS,HSS10X4X.125,HSS10X4X1/8,0.116,11.56,3.16,–,–,–,–,–,–,–,–,–,–,–,–,–,–,–,–,–,–,–,–,31.5,83.2,–,39.8,7.97,3.55,–,10.0,–,9.65,4.83,1.75,–,5.26,–,–,–,–,–,–,–,–,9  7/16,3  7/16,25.1,8.90,–,–,–, 2.300 
,,,,,,,,,,,,,,,,,,,,,,,,,,,,–,,,,,,,,,,,,,,,,,,,,,,,,,,,
Rect. HSS,HSS10X3-1/2X.500,HSS10X3-1/2-1/2,0.465,40.34,11.10,,,,,,,,,,,,,,,,,,,,,4.53,18.5,–,118.000,23.700,3.260,,31.900,,21.4,12.2,1.39,,14.7,,,,,,,,,7  3/4 ,–,63.2,26.5,,,, 2.120 
Rect. HSS,HSS10X3-1/2X.375,HSS10X3-1/2X3/8,0.349,31.31,8.62,–,–,–,–,–,–,–,–,–,–,–,–,–,–,–,–,–,–,–,–,7.03,25.7,,96.1,19.2,3.34,–,25.3,–,17.8,10.2,1.44,–,11.8,–,–,–,–,–,–,–,–,8  5/16,–,51.5,21.1,–,–,–, 2.150 
Rect. HSS,HSS10X3-1/2X.313,HSS10X3-1/2X5/16,0.291,26.53,7.30,–,–,–,–,–,–,–,–,–,–,–,–,–,–,–,–,–,–,–,–,9.03,31.4,,83.2,16.6,3.38,–,21.7,–,15.6,8.92,1.46,–,10.2,–,–,–,–,–,–,–,–,8  5/8 ,–,44.6,18.0,–,–,–, 2.170 
Rect. HSS,HSS10X3-1/2X.250,HSS10X3-1/2X1/4,0.233,21.57,5.93,–,–,–,–,–,–,–,–,–,–,–,–,–,–,–,–,–,–,–,–,12.0,39.9,–,69.1,13.8,3.41,–,17.9,–,13.1,7.51,1.49,–,8.45,–,–,–,–,–,–,–,–,8  7/8 ,–,37.0,14.8,–,–,–, 2.180 
Rect. HSS,HSS10X3-1/2X.188,HSS10X3-1/2X3/16,0.174,16.44,4.50,–,–,–,–,–,–,–,–,–,–,–,–,–,–,–,–,–,–,–,–,17.1,54.5,–,53.6,10.7,3.45,–,13.7,–,10.3,5.89,1.51,–,6.52,–,–,–,–,–,–,–,–,9  3/16,2 11/16,28.6,11.4,–,–,–, 2.200 
Rect. HSS,HSS10X3-1/2X.125,HSS3X3-1/2X1/8,0.116,11.13,3.04,,,,,,,,,,,,,,,,,,,,,27.2,83.2,–,37.000,7.400,3.490,,9.370,,7.22,4.12,1.54,,4.48,,,,,,,,,9  7/16,2 15/16,19.8,7.75,,,, 2.220 
,,,,,,,,,,,,,,,,,,,,,,,,,,,,–,,,,,,,,,,,,,,,,,,,,,,,,,,,
Rect. HSS,HSS10X3X.375,HSS10X3X3/8,0.349,30.03,8.27,–,–,–,–,–,–,–,–,–,–,–,–,–,–,–,–,–,–,–,–,5.60,25.7,–,88.0,17.6,3.26,–,23.7,–,12.4,8.28,1.22,–,9.73,–,–,–,–,–,–,–,–,8  5/16,–,37.8,17.7,–,–,–, 2.070 
Rect. HSS,HSS10X3X.313,HSS10X3X5/16,0.291,25.46,7.01,–,–,–,–,–,–,–,–,–,–,–,–,–,–,–,–,–,–,–,–,7.31,31.4,,76.3,15.3,3.30,–,20.3,–,11.0,7.30,1.25,–,8.42,–,–,–,–,–,–,–,–,8  5/8 ,–,33.0,15.2,–,–,–, 2.080 
Rect. HSS,HSS10X3X.250,HSS10X3X1/4,0.233,20.72,5.70,–,–,–,–,–,–,–,–,–,–,–,–,–,–,–,–,–,–,–,–,9.88,39.9,–,63.6,12.7,3.34,–,16.7,–,9.28,6.19,1.28,–,6.99,–,–,–,–,–,–,–,–,8  7/8 ,–,27.6,12.5,–,–,–, 2.100 
Rect. HSS,HSS10X3X.188,HSS10X3X3/16,0.174,15.80,4.32,–,–,–,–,–,–,–,–,–,–,–,–,–,–,–,–,–,–,–,–,14.2,54.5,–,49.4,9.87,3.38,–,12.8,–,7.33,4.89,1.30,–,5.41,–,–,–,–,–,–,–,–,9  3/16,2  3/16,21.5,9.64,–,–,–, 2.120 
Rect. HSS,HSS10X3X.125,HSS10X3X1/8,0.116,10.71,2.93,–,–,–,–,–,–,–,–,–,–,–,–,–,–,–,–,–,–,–,–,22.9,83.2,–,34.2,6.83,3.42,–,8.80,–,5.16,3.44,1.33,–,3.74,–,–,–,–,–,–,–,–,9  7/16,2  7/16,14.9,6.61,–,–,–, 2.130 
,,,,,,,,,,,,,,,,,,,,,,,,,,,,–,,,,,,,,,,,,,,,,,,,,,,,,,,,
Rect. HSS,HSS10X2X.375,HSS10X2X3/8,0.349,27.48,7.58,–,–,–,–,–,–,–,–,–,–,–,–,–,–,–,–,–,–,–,–,2.73,25.7,–,71.7,14.3,3.08,–,20.3,–,4.70,4.70,0.787,–,5.76,–,–,–,–,–,–,–,–,8  5/16,–,15.9,11.0,–,–,–, 1.900 
Rect. HSS,HSS10X2X.313,HSS10X2X5/16,0.291,23.34,6.43,–,–,–,–,–,–,–,–,–,–,–,–,–,–,–,–,–,–,–,–,3.87,31.4,,62.6,12.5,3.12,–,17.5,–,4.24,4.24,0.812,–,5.06,–,–,–,–,–,–,–,–,8  5/8 ,–,14.2,9.56,–,–,–, 1.920 
Rect. HSS,HSS10X2X.250,HSS10X2X1/4,0.233,19.02,5.24,–,–,–,–,–,–,–,–,–,–,–,–,–,–,–,–,–,–,–,–,5.58,39.9,–,52.5,10.5,3.17,–,14.4,–,3.67,3.67,0.838,–,4.26,–,–,–,–,–,–,–,–,8  7/8 ,–,12.2,7.99,–,–,–, 1.930 
Rect. HSS,HSS10X2X.188,HSS10X2X3/16,0.174,14.53,3.98,–,–,–,–,–,–,–,–,–,–,–,–,–,–,–,–,–,–,–,–,8.49,54.5,–,41.0,8.19,3.21,–,11.1,–,2.97,2.97,0.864,–,3.34,–,–,–,–,–,–,–,–,9  3/16,–,9.74,6.22,–,–,–, 1.950 
Rect. HSS,HSS10X2X.125,HSS10X2X1/8,0.116,9.86,2.70,–,–,–,–,–,–,–,–,–,–,–,–,–,–,–,–,–,–,–,–,14.2,83.2,–,28.5,5.70,3.25,–,7.65,–,2.14,2.14,0.890,–,2.33,–,–,–,–,–,–,–,–,9  7/16,–,6.90,4.31,–,–,–, 1.970 
,,,,,,,,,,,,,,,,,,,,,,,,,,,,–,,,,,,,,,,,,,,,,,,,,,,,,,,,
Rect. HSS,HSS9X7X.625,HSS9X7X5/8,0.581,59.32,16.4,–,–,–,–,–,–,–,–,–,–,–,–,–,–,–,–,–,–,–,–,9.05,12.5,–,174,38.7,3.26,–,48.3,–,117,33.5,2.68,–,40.5,–,–,–,–,–,–,–,–,6  3/16,4  3/16,235,62.0,–,–,–, 2.500 
Rect. HSS,HSS9X7X.500,HSS9X7X1/2,0.465,48.85,13.5,–,–,–,–,–,–,–,–,–,–,–,–,–,–,–,–,–,–,–,–,12.1,16.4,–,149,33.0,3.32,–,40.5,–,100,28.7,2.73,–,34.0,–,–,–,–,–,–,–,–,6  3/4 ,4  3/4 ,197,51.5,–,–,–, 2.530 
Rect. HSS,HSS9X7X.375,HSS9X7X3/8,0.349,37.69,10.4,–,–,–,–,–,–,–,–,–,–,–,–,–,–,–,–,–,–,–,–,17.1,22.8,,119,26.4,3.38,–,31.8,–,80.4,23.0,2.78,–,26.7,–,–,–,–,–,–,–,–,7  5/16,5  5/16,154,40.0,–,–,–, 2.570 
Rect. HSS,HSS9X7X.313,HSS9X7X5/16,0.291,31.84,8.76,–,–,–,–,–,–,–,–,–,–,–,–,–,–,–,–,–,–,–,–,21.1,27.9,–,102,22.6,3.41,–,27.1,–,69.2,19.8,2.81,–,22.8,–,–,–,–,–,–,–,–,7  5/8 ,5  5/8 ,131,33.9,–,–,–, 2.580 
Rect. HSS,HSS9X7X.250,HSS9X7X1/4,0.233,25.82,7.10,–,–,–,–,–,–,–,–,–,–,–,–,–,–,–,–,–,–,–,–,27.0,35.6,–,84.1,18.7,3.44,–,22.2,–,57.2,16.3,2.84,–,18.7,–,–,–,–,–,–,–,–,7  7/8 ,5  7/8 ,107,27.6,–,–,–, 2.600 
Rect. HSS,HSS9X7X.188,HSS9X7X3/16,0.174,19.63,5.37,–,–,–,–,–,–,–,–,–,–,–,–,–,–,–,–,–,–,–,–,37.2,48.7,–,64.7,14.4,3.47,–,16.9,–,44.1,12.6,2.87,–,14.3,–,–,–,–,–,–,–,–,8  3/16,6  3/16,81.7,20.9,–,–,–, 2.620 
,,,,,,,,,,,,,,,,,,,,,,,,,,,,–,,,,,,,,,,,,,,,,,,,,,,,,,,,
Rect. HSS,HSS9X5X.625,HSS9X5X5/8,0.581,50.81,14.0,–,–,–,–,–,–,–,–,–,–,–,–,–,–,–,–,–,–,–,–,5.61,12.5,–,133,29.6,3.08,–,38.5,–,52.0,20.8,1.92,–,25.3,–,–,–,–,–,–,–,–,6  3/16,2  3/16,128,42.5,–,–,–, 2.170 
Rect. HSS,HSS9X5X.500,HSS9X5X1/2,0.465,42.05,11.6,–,–,–,–,–,–,–,–,–,–,–,–,–,–,–,–,–,–,–,–,7.75,16.4,–,115,25.5,3.14,–,32.5,–,45.2,18.1,1.97,–,21.5,–,–,–,–,–,–,–,–,6  3/4 ,2  3/4 ,109,35.6,–,–,–, 2.200 
Rect. HSS,HSS9X5X.375,HSS9X5X3/8,0.349,32.58,8.97,–,–,–,–,–,–,–,–,–,–,–,–,–,–,–,–,–,–,–,–,11.3,22.8,,92.5,20.5,3.21,–,25.7,–,36.8,14.7,2.03,–,17.1,–,–,–,–,–,–,–,–,7  5/16,3  5/16,86.9,27.9,–,–,–, 2.230 
Rect. HSS,HSS9X5X.313,HSS9X5X5/16,0.291,27.59,7.59,–,–,–,–,–,–,–,–,–,–,–,–,–,–,–,–,–,–,–,–,14.2,27.9,–,79.8,17.7,3.24,–,22.0,–,32.0,12.8,2.05,–,14.6,–,–,–,–,–,–,–,–,7  5/8 ,3  5/8 ,74.4,23.8,–,–,–, 2.250 
Rect. HSS,HSS9X5X.250,HSS9X5X1/4,0.233,22.42,6.17,–,–,–,–,–,–,–,–,–,–,–,–,–,–,–,–,–,–,–,–,18.5,35.6,–,66.1,14.7,3.27,–,18.1,–,26.6,10.6,2.08,–,12.0,–,–,–,–,–,–,–,–,7  7/8 ,3  7/8 ,61.2,19.4,–,–,–, 2.270 
Rect. HSS,HSS9X5X.188,HSS9X5X3/16,0.174,17.08,4.67,–,–,–,–,–,–,–,–,–,–,–,–,–,–,–,–,–,–,–,–,25.7,48.7,–,51.1,11.4,3.31,–,13.8,–,20.7,8.28,2.10,–,9.25,–,–,–,–,–,–,–,–,8  3/16,4  3/16,46.9,14.8,–,–,–, 2.280 
,,,,,,,,,,,,,,,,,,,,,,,,,,,,–,,,,,,,,,,,,,,,,,,,,,,,,,,,
Rect. HSS,HSS9X3X.500,HSS9X3X1/2,0.465,35.24,9.74,–,–,–,–,–,–,–,–,–,–,–,–,–,–,–,–,–,–,–,–,3.45,16.4,–,80.8,18.0,2.88,–,24.6,–,13.2,8.81,1.17,–,10.8,–,–,–,–,–,–,–,–,6  3/4 ,–,40.0,19.7,–,–,–, 1.870 
Rect. HSS,HSS9X3X.375,HSS9X3X3/8,0.349,27.48,7.58,–,–,–,–,–,–,–,–,–,–,–,–,–,–,–,–,–,–,–,–,5.60,22.8,,66.3,14.7,2.96,–,19.7,–,11.2,7.45,1.21,–,8.80,–,–,–,–,–,–,–,–,7  5/16,–,33.1,15.8,–,–,–, 1.900 
Rect. HSS,HSS9X3X.313,HSS9X3X5/16,0.291,23.34,6.43,–,–,–,–,–,–,–,–,–,–,–,–,–,–,–,–,–,–,–,–,7.31,27.9,–,57.7,12.8,3.00,–,16.9,–,9.88,6.59,1.24,–,7.63,–,–,–,–,–,–,–,–,7  5/8 ,–,28.9,13.6,–,–,–, 1.920 
Rect. HSS,HSS9X3X.250,HSS9X3X1/4,0.233,19.02,5.24,–,–,–,–,–,–,–,–,–,–,–,–,–,–,–,–,–,–,–,–,9.88,35.6,–,48.2,10.7,3.04,–,14.0,–,8.38,5.59,1.27,–,6.35,–,–,–,–,–,–,–,–,7  7/8 ,–,24.2,11.3,–,–,–, 1.930 
Rect. HSS,HSS9X3X.188,HSS9X3X3/16,0.174,14.53,3.98,–,–,–,–,–,–,–,–,–,–,–,–,–,–,–,–,–,–,–,–,14.2,48.7,–,37.6,8.35,3.07,–,10.8,–,6.64,4.42,1.29,–,4.92,–,–,–,–,–,–,–,–,8  3/16,2  3/16,18.9,8.66,–,–,–, 1.950 
,,,,,,,,,,,,,,,,,,,,,,,,,,,,–,,,,,,,,,,,,,,,,,,,,,,,,,,,
Rect. HSS,HSS8X6X.625,HSS8X6X5/8,0.581,50.81,14.0,–,–,–,–,–,–,–,–,–,–,–,–,–,–,–,–,–,–,–,–,7.33,10.8,–,114,28.5,2.85,–,36.1,–,72.3,24.1,2.27,–,29.5,–,–,–,–,–,–,–,–,5  3/16,3  3/16,150,46.0,–,–,–, 2.170 
Rect. HSS,HSS8X6X.500,HSS8X6X1/2,0.465,42.05,11.6,–,–,–,–,–,–,–,–,–,–,–,–,–,–,–,–,–,–,–,–,9.90,14.2,–,98.2,24.6,2.91,–,30.5,–,62.5,20.8,2.32,–,24.9,–,–,–,–,–,–,–,–,5  3/4 ,3  3/4 ,127,38.4,–,–,–, 2.200 
Rect. HSS,HSS8X6X.375,HSS8X6X3/8,0.349,32.58,8.97,–,–,–,–,–,–,–,–,–,–,–,–,–,–,–,–,–,–,–,–,14.2,19.9,,79.1,19.8,2.97,–,24.1,–,50.6,16.9,2.38,–,19.8,–,–,–,–,–,–,–,–,6  5/16,4  5/16,100,30.0,–,–,–, 2.230 
Rect. HSS,HSS8X6X.313,HSS8X6X5/16,0.291,27.59,7.59,–,–,–,–,–,–,–,–,–,–,–,–,–,–,–,–,–,–,–,–,17.6,24.5,–,68.3,17.1,3.00,–,20.6,–,43.8,14.6,2.40,–,16.9,–,–,–,–,–,–,–,–,6  5/8 ,4  5/8 ,85.8,25.5,–,–,–, 2.250 
Rect. HSS,HSS8X6X.250,HSS8X6X1/4,0.233,22.42,6.17,–,–,–,–,–,–,–,–,–,–,–,–,–,–,–,–,–,–,–,–,22.8,31.3,–,56.6,14.2,3.03,–,16.9,–,36.4,12.1,2.43,–,13.9,–,–,–,–,–,–,–,–,6  7/8 ,4  7/8 ,70.3,20.8,–,–,–, 2.270 
Rect. HSS,HSS8X6X.188,HSS8X6X3/16,0.174,17.08,4.67,–,–,–,–,–,–,–,–,–,–,–,–,–,–,–,–,–,–,–,–,31.5,43.0,–,43.7,10.9,3.06,–,13.0,–,28.2,9.39,2.46,–,10.7,–,–,–,–,–,–,–,–,7  3/16,5  3/16,53.7,15.8,–,–,–, 2.280 
,,,,,,,,,,,,,,,,,,,,,,,,,,,,–,,,,,,,,,,,,,,,,,,,,,,,,,,,
Rect. HSS,HSS8X4X.625,HSS8X4X5/8,0.581,42.30,11.7,–,–,–,–,–,–,–,–,–,–,–,–,–,–,–,–,–,–,–,–,3.88,10.8,–,82.0,20.5,2.64,–,27.4,–,26.6,13.3,1.51,–,16.6,–,–,–,–,–,–,–,–,5  3/16,–,70.3,28.7,–,–,–, 1.830 
Rect. HSS,HSS8X4X.500,HSS8X4X1/2,0.465,35.24,9.74,–,–,–,–,–,–,–,–,–,–,–,–,–,–,–,–,–,–,–,–,5.60,14.2,–,71.8,17.9,2.71,–,23.5,–,23.6,11.8,1.56,–,14.3,–,–,–,–,–,–,–,–,5  3/4 ,–,61.1,24.4,–,–,–, 1.870 
Rect. HSS,HSS8X4X.375,HSS8X4X3/8,0.349,27.48,7.58,–,–,–,–,–,–,–,–,–,–,–,–,–,–,–,–,–,–,–,–,8.46,19.9,–,58.7,14.7,2.78,–,18.8,–,19.6,9.80,1.61,–,11.5,–,–,–,–,–,–,–,–,6  5/16,2  5/16,49.3,19.3,–,–,–, 1.900 
Rect. HSS,HSS8X4X.313,HSS8X4X5/16,0.291,23.34,6.43,–,–,–,–,–,–,–,–,–,–,–,–,–,–,–,–,–,–,–,–,10.7,24.5,,51.0,12.8,2.82,–,16.1,–,17.2,8.58,1.63,–,9.91,–,–,–,–,–,–,–,–,6  5/8 ,2  5/8 ,42.6,16.5,–,–,–, 1.920 
Rect. HSS,HSS8X4X.250,HSS8X4X1/4,0.233,19.02,5.24,–,–,–,–,–,–,–,–,–,–,–,–,–,–,–,–,–,–,–,–,14.2,31.3,–,42.5,10.6,2.85,–,13.3,–,14.4,7.21,1.66,–,8.20,–,–,–,–,–,–,–,–,6  7/8 ,2  7/8 ,35.3,13.6,–,–,–, 1.930 
Rect. HSS,HSS8X4X.188,HSS8X4X3/16,0.174,14.53,3.98,–,–,–,–,–,–,–,–,–,–,–,–,–,–,–,–,–,–,–,–,20.0,43.0,–,33.1,8.27,2.88,–,10.2,–,11.3,5.65,1.69,–,6.33,–,–,–,–,–,–,–,–,7  3/16,3  3/16,27.2,10.4,–,–,–, 1.950 
Rect. HSS,HSS8X4X.125,HSS8X4X1/8,0.116,9.86,2.70,–,–,–,–,–,–,–,–,–,–,–,–,–,–,–,–,–,–,–,–,31.5,66.0,–,22.9,5.73,2.92,–,7.02,–,7.90,3.95,1.71,–,4.36,–,–,–,–,–,–,–,–,7  7/16,3  7/16,18.7,7.10,–,–,–, 1.970 
,,,,,,,,,,,,,,,,,,,,,,,,,,,,–,,,,,,,,,,,,,,,,,,,,,,,,,,,
Rect. HSS,HSS8X3X.500,HSS8X3X1/2,0.465,31.84,8.81,–,–,–,–,–,–,–,–,–,–,–,–,–,–,–,–,–,–,–,–,3.45,14.2,–,58.6,14.6,2.58,–,20.0,–,11.7,7.81,1.15,–,9.64,–,–,–,–,–,–,–,–,5  3/4 ,–,34.3,17.4,–,–,–, 1.700 
Rect. HSS,HSS8X3X.375,HSS8X3X3/8,0.349,24.93,6.88,–,–,–,–,–,–,–,–,–,–,–,–,–,–,–,–,–,–,–,–,5.60,19.9,–,48.5,12.1,2.65,–,16.1,–,10.0,6.63,1.20,–,7.88,–,–,–,–,–,–,–,–,6  5/16,–,28.5,14.0,–,–,–, 1.730 
Rect. HSS,HSS8X3X.313,HSS8X3X5/16,0.291,21.21,5.85,–,–,–,–,–,–,–,–,–,–,–,–,–,–,–,–,–,–,–,–,7.31,24.5,,42.4,10.6,2.69,–,13.9,–,8.81,5.87,1.23,–,6.84,–,–,–,–,–,–,–,–,6  5/8 ,–,24.9,12.1,–,–,–, 1.750 
Rect. HSS,HSS8X3X.250,HSS8X3X1/4,0.233,17.32,4.77,–,–,–,–,–,–,–,–,–,–,–,–,–,–,–,–,–,–,–,–,9.88,31.3,–,35.5,8.88,2.73,–,11.5,–,7.49,4.99,1.25,–,5.70,–,–,–,–,–,–,–,–,6  7/8 ,–,20.8,10.0,–,–,–, 1.770 
Rect. HSS,HSS8X3X.188,HSS8X3X3/16,0.174,13.25,3.63,–,–,–,–,–,–,–,–,–,–,–,–,–,–,–,–,–,–,–,–,14.2,43.0,–,27.8,6.94,2.77,–,8.87,–,5.94,3.96,1.28,–,4.43,–,–,–,–,–,–,–,–,7  3/16,2  3/16,16.2,7.68,–,–,–, 1.780 
Rect. HSS,HSS8X3X.125,HSS8X3X1/8,0.116,9.01,2.46,–,–,–,–,–,–,–,–,–,–,–,–,–,–,–,–,–,–,–,–,22.9,66.0,–,19.3,4.83,2.80,–,6.11,–,4.20,2.80,1.31,–,3.07,–,–,–,–,–,–,–,–,7  7/16,2  7/16,11.3,5.27,–,–,–, 1.800 
,,,,,,,,,,,,,,,,,,,,,,,,,,,,–,,,,,,,,,,,,,,,,,,,,,,,,,,,
Rect. HSS,HSS8X2X.375,HSS8X2X3/8,0.349,22.37,6.18,–,–,–,–,–,–,–,–,–,–,–,–,–,–,–,–,–,–,–,–,2.73,19.9,–,38.2,9.56,2.49,–,13.4,–,3.73,3.73,0.777,–,4.61,–,–,–,–,–,–,–,–,6  5/16,–,12.1,8.65,–,–,–, 1.570 
Rect. HSS,HSS8X2X.313,HSS8X2X5/16,0.291,19.08,5.26,–,–,–,–,–,–,–,–,–,–,–,–,–,–,–,–,–,–,–,–,3.87,24.5,,33.7,8.43,2.53,–,11.6,–,3.38,3.38,0.802,–,4.06,–,–,–,–,–,–,–,–,6  5/8 ,–,10.9,7.57,–,–,–, 1.580 
Rect. HSS,HSS8X2X.250,HSS8X2X1/4,0.233,15.62,4.30,–,–,–,–,–,–,–,–,–,–,–,–,–,–,–,–,–,–,–,–,5.58,31.3,–,28.5,7.12,2.57,–,9.68,–,2.94,2.94,0.827,–,3.43,–,–,–,–,–,–,–,–,6  7/8 ,–,9.36,6.35,–,–,–, 1.600 
Rect. HSS,HSS8X2X.188,HSS8X2X3/16,0.174,11.97,3.28,–,–,–,–,–,–,–,–,–,–,–,–,–,–,–,–,–,–,–,–,8.49,43.0,–,22.4,5.61,2.61,–,7.51,–,2.39,2.39,0.853,–,2.70,–,–,–,–,–,–,–,–,7  3/16,–,7.48,4.95,–,–,–, 1.620 
Rect. HSS,HSS8X2X.125,HSS8X2X1/8,0.116,8.16,2.23,–,–,–,–,–,–,–,–,–,–,–,–,–,–,–,–,–,–,–,–,14.2,66.0,–,15.7,3.93,2.65,–,5.19,–,1.72,1.72,0.879,–,1.90,–,–,–,–,–,–,–,–,7  7/16,–,5.30,3.44,–,–,–, 1.630 
,,,,,,,,,,,,,,,,,,,,,,,,,,,,–,,,,,,,,,,,,,,,,,,,,,,,,,,,
Rect. HSS,HSS7X5X.500,HSS7X5X1/2,0.465,35.24,9.74,–,–,–,–,–,–,–,–,–,–,–,–,–,–,–,–,–,–,–,–,7.75,12.1,–,60.6,17.3,2.50,–,21.9,–,35.6,14.2,1.91,–,17.3,–,–,–,–,–,–,–,–,4  3/4 ,2  3/4 ,75.8,27.2,–,–,–, 1.870 
Rect. HSS,HSS7X5X.375,HSS7X5X3/8,0.349,27.48,7.58,–,–,–,–,–,–,–,–,–,–,–,–,–,–,–,–,–,–,–,–,11.3,17.1,–,49.5,14.1,2.56,–,17.5,–,29.3,11.7,1.97,–,13.8,–,–,–,–,–,–,–,–,5  5/16,3  5/16,60.6,21.4,–,–,–, 1.900 
Rect. HSS,HSS7X5X.313,HSS7X5X5/16,0.291,23.34,6.43,–,–,–,–,–,–,–,–,–,–,–,–,–,–,–,–,–,–,–,–,14.2,21.1,,43.0,12.3,2.59,–,15.0,–,25.5,10.2,1.99,–,11.9,–,–,–,–,–,–,–,–,5  5/8 ,3  5/8 ,52.1,18.3,–,–,–, 1.920 
Rect. HSS,HSS7X5X.250,HSS7X5X1/4,0.233,19.02,5.24,–,–,–,–,–,–,–,–,–,–,–,–,–,–,–,–,–,–,–,–,18.5,27.0,–,35.9,10.2,2.62,–,12.4,–,21.3,8.53,2.02,–,9.83,–,–,–,–,–,–,–,–,5  7/8 ,3  7/8 ,42.9,15.0,–,–,–, 1.930 
Rect. HSS,HSS7X5X.188,HSS7X5X3/16,0.174,14.53,3.98,–,–,–,–,–,–,–,–,–,–,–,–,–,–,–,–,–,–,–,–,25.7,37.2,–,27.9,7.96,2.65,–,9.52,–,16.6,6.65,2.05,–,7.57,–,–,–,–,–,–,–,–,6  3/16,4  3/16,32.9,11.4,–,–,–, 1.950 
Rect. HSS,HSS7X5X.125,HSS7X5X1/8,0.116,9.86,2.70,–,–,–,–,–,–,–,–,–,–,–,–,–,–,–,–,–,–,–,–,40.1,57.3,–,19.3,5.52,2.68,–,6.53,–,11.6,4.63,2.07,–,5.20,–,–,–,–,–,–,–,–,6  7/16,4  7/16,22.5,7.79,–,–,–, 1.970 
,,,,,,,,,,,,,,,,,,,,,,,,,,,,–,,,,,,,,,,,,,,,,,,,,,,,,,,,
Rect. HSS,HSS7X4X.500,HSS7X4X1/2,0.465,31.84,8.81,–,–,–,–,–,–,–,–,–,–,–,–,–,–,–,–,–,–,–,–,5.60,12.1,–,50.7,14.5,2.40,–,18.8,–,20.7,10.4,1.53,–,12.6,–,–,–,–,–,–,–,–,4  3/4 ,–,50.5,21.1,–,–,–, 1.700 
Rect. HSS,HSS7X4X.375,HSS7X4X3/8,0.349,24.93,6.88,–,–,–,–,–,–,–,–,–,–,–,–,–,–,–,–,–,–,–,–,8.46,17.1,–,41.8,11.9,2.46,–,15.1,–,17.3,8.63,1.58,–,10.2,–,–,–,–,–,–,–,–,5  5/16,2  5/16,41.0,16.8,–,–,–, 1.730 
Rect. HSS,HSS7X4X.313,HSS7X4X5/16,0.291,21.21,5.85,–,–,–,–,–,–,–,–,–,–,–,–,–,–,–,–,–,–,–,–,10.7,21.1,,36.5,10.4,2.50,–,13.1,–,15.2,7.58,1.61,–,8.83,–,–,–,–,–,–,–,–,5  5/8 ,2  5/8 ,35.4,14.4,–,–,–, 1.750 
Rect. HSS,HSS7X4X.250,HSS7X4X1/4,0.233,17.32,4.77,–,–,–,–,–,–,–,–,–,–,–,–,–,–,–,–,–,–,–,–,14.2,27.0,–,30.5,8.72,2.53,–,10.8,–,12.8,6.38,1.64,–,7.33,–,–,–,–,–,–,–,–,5  7/8 ,2  7/8 ,29.3,11.8,–,–,–, 1.770 
Rect. HSS,HSS7X4X.188,HSS7X4X3/16,0.174,13.25,3.63,–,–,–,–,–,–,–,–,–,–,–,–,–,–,–,–,–,–,–,–,20.0,37.2,–,23.8,6.81,2.56,–,8.33,–,10.0,5.02,1.66,–,5.67,–,–,–,–,–,–,–,–,6  1/8 ,3  1/8 ,22.7,9.07,–,–,–, 1.780 
Rect. HSS,HSS7X4X.125,HSS7X4X1/8,0.116,9.01,2.46,–,–,–,–,–,–,–,–,–,–,–,–,–,–,–,–,–,–,–,–,31.5,57.3,–,16.6,4.73,2.59,–,5.73,–,7.03,3.51,1.69,–,3.91,–,–,–,–,–,–,–,–,6  7/16,3  7/16,15.6,6.20,–,–,–, 1.800 
,,,,,,,,,,,,,,,,,,,,,,,,,,,,–,,,,,,,,,,,,,,,,,,,,,,,,,,,
Rect. HSS,HSS7X3X.500,HSS7X3X1/2,0.465,28.43,7.88,–,–,–,–,–,–,–,–,–,–,–,–,–,–,–,–,–,–,–,–,3.45,12.1,–,40.7,11.6,2.27,–,15.8,–,10.2,6.80,1.14,–,8.46,–,–,–,–,–,–,–,–,4  3/4 ,–,28.6,15.0,–,–,–, 1.530 
Rect. HSS,HSS7X3X.375,HSS7X3X3/8,0.349,22.37,6.18,–,–,–,–,–,–,–,–,–,–,–,–,–,–,–,–,–,–,–,–,5.60,17.1,–,34.1,9.73,2.35,–,12.8,–,8.71,5.81,1.19,–,6.95,–,–,–,–,–,–,–,–,5  5/16,–,23.9,12.1,–,–,–, 1.570 
Rect. HSS,HSS7X3X.313,HSS7X3X5/16,0.291,19.08,5.26,–,–,–,–,–,–,–,–,–,–,–,–,–,–,–,–,–,–,–,–,7.31,21.1,,29.9,8.54,2.38,–,11.1,–,7.74,5.16,1.21,–,6.05,–,–,–,–,–,–,–,–,5  5/8 ,–,20.9,10.5,–,–,–, 1.580 
Rect. HSS,HSS7X3X.250,HSS7X3X1/4,0.233,15.62,4.30,–,–,–,–,–,–,–,–,–,–,–,–,–,–,–,–,–,–,–,–,9.88,27.0,–,25.2,7.19,2.42,–,9.22,–,6.60,4.40,1.24,–,5.06,–,–,–,–,–,–,–,–,5  7/8 ,–,17.5,8.68,–,–,–, 1.600 
Rect. HSS,HSS7X3X.188,HSS7X3X3/16,0.174,11.97,3.28,–,–,–,–,–,–,–,–,–,–,–,–,–,–,–,–,–,–,–,–,14.2,37.2,–,19.8,5.65,2.45,–,7.14,–,5.24,3.50,1.26,–,3.94,–,–,–,–,–,–,–,–,6  3/16,2  3/16,13.7,6.69,–,–,–, 1.620 
Rect. HSS,HSS7X3X.125,HSS7X3X1/8,0.116,8.16,2.23,–,–,–,–,–,–,–,–,–,–,–,–,–,–,–,–,–,–,–,–,22.9,57.3,–,13.8,3.95,2.49,–,4.93,–,3.71,2.48,1.29,–,2.73,–,–,–,–,–,–,–,–,6  7/16,2  7/16,9.48,4.60,–,–,–, 1.630 
,,,,,,,,,,,,,,,,,,,,,,,,,,,,,,,,,,,,,,,,,,,,,,,,,,,,,,,
Rect. HSS,HSS7X2X.250,HSS7X2X1/4,0.233,13.91,3.84,–,–,–,–,–,–,–,–,–,–,–,–,–,–,–,–,–,–,–,–,5.58,27.0,–,19.8,5.67,2.27,–,7.64,–,2.58,2.58,0.819,–,3.02,–,–,–,–,–,–,–,–,5  7/8 ,–,7.95,5.52,–,–,–, 1.430 
Rect. HSS,HSS7X2X.188,HSS7X2X3/16,0.174,10.70,2.93,–,–,–,–,–,–,–,–,–,–,–,–,–,–,–,–,–,–,–,–,8.49,37.2,–,15.7,4.49,2.31,–,5.95,–,2.10,2.10,0.845,–,2.39,–,–,–,–,–,–,–,–,6  3/16,–,6.35,4.32,–,–,–, 1.450 
Rect. HSS,HSS7X2X.125,HSS7X2X1/8,0.116,7.31,2.00,–,–,–,–,–,–,–,–,–,–,–,–,–,–,–,–,–,–,–,–,14.2,57.3,–,11.1,3.16,2.35,–,4.13,–,1.52,1.52,0.871,–,1.68,–,–,–,–,–,–,–,–,6  7/16,–,4.51,3.00,–,–,–, 1.470 
,,,,,,,,,,,,,,,,,,,,,,,,,,,,–,,,,,,,,,,,,,,,,,,,,,,,,,,,
Rect. HSS,HSS6X5X.500,HSS6X5X1/2,0.465,31.84,8.81,–,–,–,–,–,–,–,–,–,–,–,–,–,–,–,–,–,–,–,–,7.75,9.90,–,41.1,13.7,2.16,–,17.2,–,30.8,12.3,1.87,–,15.2,–,–,–,–,–,–,–,–,3  3/4 ,2  3/4 ,59.8,23.0,–,–,–, 1.700 
Rect. HSS,HSS6X5X.375,HSS6X5X3/8,0.349,24.93,6.88,–,–,–,–,–,–,–,–,–,–,–,–,–,–,–,–,–,–,–,–,11.3,14.2,–,33.9,11.3,2.22,–,13.8,–,25.5,10.2,1.92,–,12.2,–,–,–,–,–,–,–,–,4  5/16,3  5/16,48.1,18.2,–,–,–, 1.730 
Rect. HSS,HSS6X5X.313,HSS6X5X5/16,0.291,21.21,5.85,–,–,–,–,–,–,–,–,–,–,–,–,–,–,–,–,–,–,–,–,14.2,17.6,,29.6,9.85,2.25,–,11.9,–,22.3,8.91,1.95,–,10.5,–,–,–,–,–,–,–,–,4  5/8 ,3  5/8 ,41.4,15.6,–,–,–, 1.750 
Rect. HSS,HSS6X5X.250,HSS6X5X1/4,0.233,17.32,4.77,–,–,–,–,–,–,–,–,–,–,–,–,–,–,–,–,–,–,–,–,18.5,22.8,–,24.7,8.25,2.28,–,9.87,–,18.7,7.47,1.98,–,8.72,–,–,–,–,–,–,–,–,4  7/8 ,3  7/8 ,34.2,12.8,–,–,–, 1.770 
Rect. HSS,HSS6X5X.188,HSS6X5X3/16,0.174,13.25,3.63,–,–,–,–,–,–,–,–,–,–,–,–,–,–,–,–,–,–,–,–,25.7,31.5,–,19.3,6.44,2.31,–,7.62,–,14.6,5.84,2.01,–,6.73,–,–,–,–,–,–,–,–,5  3/16,4  3/16,26.3,9.76,–,–,–, 1.780 
Rect. HSS,HSS6X5X.125,HSS6X5X1/8,0.116,9.01,2.46,–,–,–,–,–,–,–,–,–,–,–,–,–,–,–,–,–,–,–,–,40.1,48.7,–,13.4,4.48,2.34,–,5.24,–,10.2,4.07,2.03,–,4.63,–,–,–,–,–,–,–,–,5  7/16,4  7/16,18.0,6.66,–,–,–, 1.800 
,,,,,,,,,,,,,,,,,,,,,,,,,,,,–,,,,,,,,,,,,,,,,,,,,,,,,,,,
Rect. HSS,HSS6X4X.500,HSS6X4X1/2,0.465,28.43,7.88,–,–,–,–,–,–,–,–,–,–,–,–,–,–,–,–,–,–,–,–,5.60,9.90,–,34.0,11.3,2.08,–,14.6,–,17.8,8.89,1.50,–,11.0,–,–,–,–,–,–,–,–,3  3/4 ,–,40.3,17.8,–,–,–, 1.530 
Rect. HSS,HSS6X4X.375,HSS6X4X3/8,0.349,22.37,6.18,–,–,–,–,–,–,–,–,–,–,–,–,–,–,–,–,–,–,–,–,8.46,14.2,–,28.3,9.43,2.14,–,11.9,–,14.9,7.47,1.55,–,8.94,–,–,–,–,–,–,–,–,4  5/16,2  5/16,32.8,14.2,–,–,–, 1.570 
Rect. HSS,HSS6X4X.313,HSS6X4X5/16,0.291,19.08,5.26,–,–,–,–,–,–,–,–,–,–,–,–,–,–,–,–,–,–,–,–,10.7,17.6,,24.8,8.27,2.17,–,10.3,–,13.2,6.58,1.58,–,7.75,–,–,–,–,–,–,–,–,4  5/8 ,2  5/8 ,28.4,12.2,–,–,–, 1.580 
Rect. HSS,HSS6X4X.250,HSS6X4X1/4,0.233,15.62,4.30,–,–,–,–,–,–,–,–,–,–,–,–,–,–,–,–,–,–,–,–,14.2,22.8,–,20.9,6.96,2.20,–,8.53,–,11.1,5.56,1.61,–,6.45,–,–,–,–,–,–,–,–,4  7/8 ,2  7/8 ,23.6,10.1,–,–,–, 1.600 
Rect. HSS,HSS6X4X.188,HSS6X4X3/16,0.174,11.97,3.28,–,–,–,–,–,–,–,–,–,–,–,–,–,–,–,–,–,–,–,–,20.0,31.5,–,16.4,5.46,2.23,–,6.60,–,8.76,4.38,1.63,–,5.00,–,–,–,–,–,–,–,–,5  3/16,3  3/16,18.2,7.74,–,–,–, 1.620 
Rect. HSS,HSS6X4X.125,HSS6X4X1/8,0.116,8.16,2.23,–,–,–,–,–,–,–,–,–,–,–,–,–,–,–,–,–,–,–,–,31.5,48.7,–,11.4,3.81,2.26,–,4.56,–,6.15,3.08,1.66,–,3.46,–,–,–,–,–,–,–,–,5  7/16,3  7/16,12.6,5.30,–,–,–, 1.630 
,,,,,,,,,,,,,,,,,,,,,,,,,,,,–,,,,,,,,,,,,,,,,,,,,,,,,,,,
Rect. HSS,HSS6X3X.500,HSS6X3X1/2,0.465,25.03,6.95,–,–,–,–,–,–,–,–,–,–,–,–,–,–,–,–,–,–,–,–,3.45,9.90,–,26.8,8.95,1.97,–,12.1,–,8.69,5.79,1.12,–,7.28,–,–,–,–,–,–,–,–,3  3/4 ,–,23.1,12.7,–,–,–, 1.370 
Rect. HSS,HSS6X3X.375,HSS6X3X3/8,0.349,19.82,5.48,–,–,–,–,–,–,–,–,–,–,–,–,–,–,–,–,–,–,–,–,5.60,14.2,–,22.7,7.57,2.04,–,9.90,–,7.48,4.99,1.17,–,6.03,–,–,–,–,–,–,–,–,4  5/16,–,19.3,10.3,–,–,–, 1.400 
Rect. HSS,HSS6X3X.313,HSS6X3X5/16,0.291,16.96,4.68,–,–,–,–,–,–,–,–,–,–,–,–,–,–,–,–,–,–,–,–,7.31,17.6,,20.1,6.69,2.07,–,8.61,–,6.67,4.45,1.19,–,5.27,–,–,–,–,–,–,–,–,4  5/8 ,–,16.9,8.91,–,–,–, 1.420 
Rect. HSS,HSS6X3X.250,HSS6X3X1/4,0.233,13.91,3.84,–,–,–,–,–,–,–,–,–,–,–,–,–,–,–,–,–,–,–,–,9.88,22.8,–,17.0,5.66,2.10,–,7.19,–,5.70,3.80,1.22,–,4.41,–,–,–,–,–,–,–,–,4  7/8 ,–,14.2,7.39,–,–,–, 1.430 
Rect. HSS,HSS6X3X.188,HSS6X3X3/16,0.174,10.70,2.93,–,–,–,–,–,–,–,–,–,–,–,–,–,–,–,–,–,–,–,–,14.2,31.5,–,13.4,4.47,2.14,–,5.59,–,4.55,3.03,1.25,–,3.45,–,–,–,–,–,–,–,–,5  3/16,2  3/16,11.1,5.71,–,–,–, 1.450 
Rect. HSS,HSS6X3X.125,HSS6X3X1/8,0.116,7.31,2.00,–,–,–,–,–,–,–,–,–,–,–,–,–,–,–,–,–,–,–,–,22.9,48.7,–,9.43,3.14,2.17,–,3.87,–,3.23,2.15,1.27,–,2.40,–,–,–,–,–,–,–,–,5  7/16,2  7/16,7.73,3.93,–,–,–, 1.470 
,,,,,,,,,,,,,,,,,,,,,,,,,,,,–,,,,,,,,,,,,,,,,,,,,,,,,,,,
Rect. HSS,HSS6X2X.375,HSS6X2X3/8,0.349,17.27,4.78,–,–,–,–,–,–,–,–,–,–,–,–,–,–,–,–,–,–,–,–,2.73,14.2,–,17.1,5.71,1.89,–,7.93,–,2.77,2.77,0.760,–,3.46,–,–,–,–,–,–,–,–,4  5/16,–,8.42,6.35,–,–,–, 1.230 
Rect. HSS,HSS6X2X.313,HSS6X2X5/16,0.291,14.83,4.10,–,–,–,–,–,–,–,–,–,–,–,–,–,–,–,–,–,–,–,–,3.87,17.6,,15.3,5.11,1.93,–,6.95,–,2.52,2.52,0.785,–,3.07,–,–,–,–,–,–,–,–,4  5/8 ,–,7.60,5.58,–,–,–, 1.250 
Rect. HSS,HSS6X2X.250,HSS6X2X1/4,0.233,12.21,3.37,–,–,–,–,–,–,–,–,–,–,–,–,–,–,–,–,–,–,–,–,5.58,22.8,–,13.1,4.37,1.97,–,5.84,–,2.21,2.21,0.810,–,2.61,–,–,–,–,–,–,–,–,4  7/8 ,–,6.55,4.70,–,–,–, 1.270 
Rect. HSS,HSS6X2X.188,HSS6X2X3/16,0.174,9.42,2.58,–,–,–,–,–,–,–,–,–,–,–,–,–,–,–,–,–,–,–,–,8.49,31.5,–,10.5,3.49,2.01,–,4.58,–,1.80,1.80,0.836,–,2.07,–,–,–,–,–,–,–,–,5  3/16,–,5.24,3.68,–,–,–, 1.280 
Rect. HSS,HSS6X2X.125,HSS6X2X1/8,0.116,6.46,1.77,–,–,–,–,–,–,–,–,–,–,–,–,–,–,–,–,–,–,–,–,14.2,48.7,–,7.42,2.47,2.05,–,3.19,–,1.31,1.31,0.861,–,1.46,–,–,–,–,–,–,–,–,5  7/16,–,3.72,2.57,–,–,–, 1.300 
,,,,,,,,,,,,,,,,,,,,,,,,,,,,–,,,,,,,,,,,,,,,,,,,,,,,,,,,
Rect. HSS,HSS5X4X.500,HSS5X4X1/2,0.465,25.03,6.95,–,–,–,–,–,–,–,–,–,–,–,–,–,–,–,–,–,–,–,–,5.60,7.75,–,21.2,8.49,1.75,–,10.9,–,14.9,7.43,1.46,–,9.35,–,–,–,–,–,–,–,–,2  3/4 ,–,30.3,14.5,–,–,–, 1.370 
Rect. HSS,HSS5X4X.375,HSS5X4X3/8,0.349,19.82,5.48,–,–,–,–,–,–,–,–,–,–,–,–,–,–,–,–,–,–,–,–,8.46,11.3,–,17.9,7.17,1.81,–,8.96,–,12.6,6.30,1.52,–,7.67,–,–,–,–,–,–,–,–,3  5/16,2  5/16,24.9,11.7,–,–,–, 1.400 
Rect. HSS,HSS5X4X.313,HSS5X4X5/16,0.291,16.96,4.68,–,–,–,–,–,–,–,–,–,–,–,–,–,–,–,–,–,–,–,–,10.7,14.2,,15.8,6.32,1.84,–,7.79,–,11.1,5.57,1.54,–,6.67,–,–,–,–,–,–,–,–,3  5/8 ,2  5/8 ,21.7,10.1,–,–,–, 1.420 
Rect. HSS,HSS5X4X.250,HSS5X4X1/4,0.233,13.91,3.84,–,–,–,–,–,–,–,–,–,–,–,–,–,–,–,–,–,–,–,–,14.2,18.5,–,13.4,5.35,1.87,–,6.49,–,9.46,4.73,1.57,–,5.57,–,–,–,–,–,–,–,–,3  7/8 ,2  7/8 ,18.0,8.32,–,–,–, 1.430 
Rect. HSS,HSS5X4X.188,HSS5X4X3/16,0.174,10.70,2.93,–,–,–,–,–,–,–,–,–,–,–,–,–,–,–,–,–,–,–,–,20.0,25.7,–,10.6,4.22,1.90,–,5.05,–,7.48,3.74,1.60,–,4.34,–,–,–,–,–,–,–,–,4  3/16,3  3/16,14.0,6.41,–,–,–, 1.450 
Rect. HSS,HSS5X4X.125,HSS5X4X1/8,0.116,7.31,2.00,–,–,–,–,–,–,–,–,–,–,–,–,–,–,–,–,–,–,–,–,31.5,40.1,–,7.42,2.97,1.93,–,3.50,–,5.27,2.64,1.62,–,3.01,–,–,–,–,–,–,–,–,4  7/16,3  7/16,9.66,4.39,–,–,–, 1.470 
,,,,,,,,,,,,,,,,,,,,,,,,,,,,–,,,,,,,,,,,,,,,,,,,,,,,,,,,
Rect. HSS,HSS5X3X.500,HSS5X3X1/2,0.465,21.63,6.02,–,–,–,–,–,–,–,–,–,–,–,–,–,–,–,–,–,–,–,–,3.45,7.75,–,16.4,6.57,1.65,–,8.83,–,7.18,4.78,1.09,–,6.10,–,–,–,–,–,–,–,–,2  3/4 ,–,17.6,10.3,–,–,–, 1.200 
Rect. HSS,HSS5X3X.375,HSS5X3X3/8,0.349,17.27,4.78,–,–,–,–,–,–,–,–,–,–,–,–,–,–,–,–,–,–,–,–,5.60,11.3,–,14.1,5.65,1.72,–,7.34,–,6.25,4.16,1.14,–,5.10,–,–,–,–,–,–,–,–,3  5/16,–,14.9,8.44,–,–,–, 1.230 
Rect. HSS,HSS5X3X.313,HSS5X3X5/16,0.291,14.83,4.10,–,–,–,–,–,–,–,–,–,–,–,–,–,–,–,–,–,–,–,–,7.31,14.2,,12.6,5.03,1.75,–,6.42,–,5.60,3.73,1.17,–,4.48,–,–,–,–,–,–,–,–,3  5/8 ,–,13.1,7.33,–,–,–, 1.250 
Rect. HSS,HSS5X3X.250,HSS5X3X1/4,0.233,12.21,3.37,–,–,–,–,–,–,–,–,–,–,–,–,–,–,–,–,–,–,–,–,9.88,18.5,–,10.7,4.29,1.78,–,5.38,–,4.81,3.21,1.19,–,3.77,–,–,–,–,–,–,–,–,3  7/8 ,–,11.0,6.10,–,–,–, 1.270 
Rect. HSS,HSS5X3X.188,HSS5X3X3/16,0.174,9.42,2.58,–,–,–,–,–,–,–,–,–,–,–,–,–,–,–,–,–,–,–,–,14.2,25.7,–,8.53,3.41,1.82,–,4.21,–,3.85,2.57,1.22,–,2.96,–,–,–,–,–,–,–,–,4  3/16,2  3/16,8.64,4.73,–,–,–, 1.280 
Rect. HSS,HSS5X3X.125,HSS5X3X1/8,0.116,6.46,1.77,–,–,–,–,–,–,–,–,–,–,–,–,–,–,–,–,–,–,–,–,22.9,40.1,–,6.03,2.41,1.85,–,2.93,–,2.75,1.83,1.25,–,2.07,–,–,–,–,–,–,–,–,4  7/16,2  7/16,6.02,3.26,–,–,–, 1.300 
,,,,,,,,,,,,,,,,,,,,,,,,,,,,,,,,,,,,,,,,,,,,,,,,,,,,,,,
Rect. HSS,HSS5X2-1/2X.250,HSS5X2-1/2X1/4,0.233,11.36,3.14,–,–,–,–,–,–,–,–,–,–,–,–,–,–,–,–,–,–,–,–,7.73,18.5,–,9.40,3.76,1.73,–,4.83,–,3.13,2.50,0.999,–,2.95,–,–,–,–,–,–,–,–,3  7/8 ,–,7.93,4.99,–,–,–, 1.180 
Rect. HSS,HSS5X2-1/2X.188,HSS5X2-1/2X3/16,0.174,8.78,2.41,–,–,–,–,–,–,–,–,–,–,–,–,–,–,–,–,–,–,–,–,11.4,25.7,–,7.51,3.01,1.77,–,3.79,–,2.53,2.03,1.02,–,2.33,–,–,–,–,–,–,–,–,4  3/16,–,6.26,3.89,–,–,–, 1.200 
Rect. HSS,HSS5X2-1/2X.125,HSS5X2-1/2X1/8,0.116,6.03,1.65,–,–,–,–,–,–,–,–,–,–,–,–,–,–,–,–,–,–,–,–,18.6,40.1,–,5.34,2.14,1.80,–,2.65,–,1.82,1.46,1.05,–,1.64,–,–,–,–,–,–,–,–,4  7/16,–,4.40,2.70,–,–,–, 1.220 
,,,,,,,,,,,,,,,,,,,,,,,,,,,,–,,,,,,,,,,,,,,,,,,,,,,,,,,,
Rect. HSS,HSS5X2X.375,HSS5X2X3/8,0.349,14.72,4.09,–,–,–,–,–,–,–,–,–,–,–,–,–,–,–,–,–,–,–,–,2.73,11.3,–,10.4,4.14,1.59,–,5.71,–,2.28,2.28,0.748,–,2.88,–,–,–,–,–,–,–,–,3  5/16,–,6.61,5.20,–,–,–, 1.070 
Rect. HSS,HSS5X2X.313,HSS5X2X5/16,0.291,12.70,3.52,–,–,–,–,–,–,–,–,–,–,–,–,–,–,–,–,–,–,–,–,3.87,14.2,,9.35,3.74,1.63,–,5.05,–,2.10,2.10,0.772,–,2.57,–,–,–,–,–,–,–,–,3  5/8 ,–,5.99,4.59,–,–,–, 1.080 
Rect. HSS,HSS5X2X.250,HSS5X2X1/4,0.233,10.51,2.91,–,–,–,–,–,–,–,–,–,–,–,–,–,–,–,–,–,–,–,–,5.58,18.5,–,8.08,3.23,1.67,–,4.27,–,1.84,1.84,0.797,–,2.20,–,–,–,–,–,–,–,–,3  7/8 ,–,5.17,3.88,–,–,–, 1.100 
Rect. HSS,HSS5X2X.188,HSS5X2X3/16,0.174,8.15,2.24,–,–,–,–,–,–,–,–,–,–,–,–,–,–,–,–,–,–,–,–,8.49,25.7,–,6.50,2.60,1.70,–,3.37,–,1.51,1.51,0.823,–,1.75,–,–,–,–,–,–,–,–,4  3/16,–,4.15,3.05,–,–,–, 1.120 
Rect. HSS,HSS5X2X.125,HSS5X2X1/8,0.116,5.61,1.54,–,–,–,–,–,–,–,–,–,–,–,–,–,–,–,–,–,–,–,–,14.2,40.1,–,4.65,1.86,1.74,–,2.37,–,1.10,1.10,0.848,–,1.24,–,–,–,–,–,–,–,–,4  7/16,–,2.95,2.13,–,–,–, 1.130 
,,,,,,,,,,,,,,,,,,,,,,,,,,,,–,,,,,,,,,,,,,,,,,,,,,,,,,,,
Rect. HSS,HSS4X3X.375,HSS4X3X3/8,0.349,14.72,4.09,–,–,–,–,–,–,–,–,–,–,–,–,–,–,–,–,–,–,–,–,5.60,8.46,–,7.93,3.97,1.39,–,5.12,–,5.01,3.34,1.11,–,4.18,–,–,–,–,–,–,–,–,2  5/16,–,10.6,6.59,–,–,–, 1.070 
Rect. HSS,HSS4X3X.313,HSS4X3X5/16,0.291,12.70,3.52,–,–,–,–,–,–,–,–,–,–,–,–,–,–,–,–,–,–,–,–,7.31,10.7,,7.14,3.57,1.42,–,4.51,–,4.52,3.02,1.13,–,3.69,–,–,–,–,–,–,–,–,2  5/8 ,–,9.41,5.75,–,–,–, 1.080 
Rect. HSS,HSS4X3X.250,HSS4X3X1/4,0.233,10.51,2.91,–,–,–,–,–,–,–,–,–,–,–,–,–,–,–,–,–,–,–,–,9.88,14.2,,6.15,3.07,1.45,–,3.81,–,3.91,2.61,1.16,–,3.12,–,–,–,–,–,–,–,–,2  7/8 ,–,7.96,4.81,–,–,–, 1.100 
Rect. HSS,HSS4X3X.188,HSS4X3X3/16,0.174,8.15,2.24,–,–,–,–,–,–,–,–,–,–,–,–,–,–,–,–,–,–,–,–,14.2,20.0,,4.93,2.47,1.49,–,3.00,–,3.16,2.10,1.19,–,2.46,–,–,–,–,–,–,–,–,3  3/16,–,6.26,3.74,–,–,–, 1.120 
Rect. HSS,HSS4X3X.125,HSS4X3X1/8,0.116,5.61,1.54,–,–,–,–,–,–,–,–,–,–,–,–,–,–,–,–,–,–,–,–,22.9,31.5,–,3.52,1.76,1.52,–,2.11,–,2.27,1.51,1.21,–,1.73,–,–,–,–,–,–,–,–,3  7/16,–,4.38,2.59,–,–,–, 1.130 
,,,,,,,,,,,,,,,,,,,,,,,,,,,,,,,,,,,,,,,,,,,,,,,,,,,,,,,
Rect. HSS,HSS4X2-1/2X.375,HSS4X2-1/2X3/8,0.349,13.44,3.74,,,,,,,,,,,,,,,,,,,,,4.16,8.46,–,6.770,3.380,1.350,,4.480,,3.17,2.54,0.92,,3.2,,,,,,,,,2  5/16,,7.57,5.32,,,, 0.983 
Rect. HSS,HSS4X2-1/2X.313,HSS4X2-1/2X5/16,0.291,11.64,3.23,,,,,,,,,,,,,,,,,,,,,5.59,10.7,,6.130,3.070,1.380,,3.970,,2.89,2.32,0.95,,2.85,,,,,,,,,2  5/8 ,,6.77,4.67,,,, 1.000 
Rect. HSS,HSS4X2-1/2X.250,HSS4X2-1/2X1/4,0.233,9.66,2.67,–,–,–,–,–,–,–,–,–,–,–,–,–,–,–,–,–,–,–,–,7.73,14.2,–,5.32,2.66,1.41,–,3.38,–,2.53,2.02,0.973,–,2.43,–,–,–,–,–,–,–,–,2  7/8 ,–,5.78,3.93,–,–,–, 1.020 
Rect. HSS,HSS4X2-1/2X.188,HSS4X2-1/2X3/16,0.174,7.51,2.06,–,–,–,–,–,–,–,–,–,–,–,–,–,–,–,–,–,–,–,–,11.4,20.0,–,4.30,2.15,1.44,–,2.67,–,2.06,1.65,0.999,–,1.93,–,–,–,–,–,–,–,–,3  1/8 ,–,4.59,3.08,–,–,–, 1.030 
Rect. HSS,HSS4X2-1/2X.125,HSS4X2-1/2X1/8,0.116,5.18,1.42,–,–,–,–,–,–,–,–,–,–,–,–,–,–,–,–,–,–,–,–,18.6,31.5,–,3.09,1.54,1.47,–,1.88,–,1.49,1.19,1.03,–,1.36,–,–,–,–,–,–,–,–,3  7/16,–,3.23,2.14,–,–,–, 1.050 
,,,,,,,,,,,,,,,,,,,,,,,,,,,,–,,,,,,,,,,,,,,,,,,,,,,,,,,,
Rect. HSS,HSS4X2X.375,HSS4X2X3/8,0.349,12.17,3.39,–,–,–,–,–,–,–,–,–,–,–,–,–,–,–,–,–,–,–,–,2.73,8.46,–,5.60,2.80,1.29,–,3.84,–,1.80,1.80,0.729,–,2.31,–,–,–,–,–,–,–,–,2  5/16,–,4.83,4.04,–,–,–, 0.900 
Rect. HSS,HSS4X2X.313,HSS4X2X5/16,0.291,10.58,2.94,–,–,–,–,–,–,–,–,–,–,–,–,–,–,–,–,–,–,–,–,3.87,10.7,,5.13,2.56,1.32,–,3.43,–,1.67,1.67,0.754,–,2.08,–,–,–,–,–,–,–,–,2  5/8 ,–,4.40,3.59,–,–,–, 0.917 
Rect. HSS,HSS4X2X.250,HSS4X2X1/4,0.233,8.81,2.44,–,–,–,–,–,–,–,–,–,–,–,–,–,–,–,–,–,–,–,–,5.58,14.2,–,4.49,2.25,1.36,–,2.94,–,1.48,1.48,0.779,–,1.79,–,–,–,–,–,–,–,–,2  7/8 ,–,3.82,3.05,–,–,–, 0.933 
Rect. HSS,HSS4X2X.188,HSS4X2X3/16,0.174,6.87,1.89,–,–,–,–,–,–,–,–,–,–,–,–,–,–,–,–,–,–,–,–,8.49,20.0,–,3.66,1.83,1.39,–,2.34,–,1.22,1.22,0.804,–,1.43,–,–,–,–,–,–,–,–,3  3/16,–,3.08,2.41,–,–,–, 0.950 
Rect. HSS,HSS4X2X.125,HSS4X2X1/8,0.116,4.75,1.30,–,–,–,–,–,–,–,–,–,–,–,–,–,–,–,–,–,–,–,–,14.2,31.5,–,2.65,1.32,1.43,–,1.66,–,0.898,0.898,0.830,–,1.02,–,–,–,–,–,–,–,–,3  7/16,–,2.20,1.69,–,–,–, 0.967 
,,,,,,,,,,,,,,,,,,,,,,,,,,,,–,,,,,,,,,,,,,,,,,,,,,,,,,,,
Rect. HSS,HSS3-1/2X2-1/2X.375,HSS3-1/2X2-1/2X3/8,0.349,12.17,3.39,–,–,–,–,–,–,–,–,–,–,–,–,–,–,–,–,–,–,–,–,4.16,7.03,–,4.75,2.72,1.18,–,3.59,–,2.77,2.21,0.904,–,2.82,–,–,–,–,–,–,–,–,–,–,6.16,4.57,–,–,–, 0.900 
Rect. HSS,HSS3-1/2X2-1/2X.313,HSS3-1/2X2-1/2X5/16,0.291,10.58,2.94,–,–,–,–,–,–,–,–,–,–,–,–,–,–,–,–,–,–,–,–,5.59,9.03,,4.34,2.48,1.22,–,3.20,–,2.54,2.03,0.930,–,2.52,–,–,–,–,–,–,–,–,2  1/8 ,–,5.53,4.03,–,–,–, 0.917 
Rect. HSS,HSS3-1/2X2-1/2X.250,HSS3-1/2X2-1/2X1/4,0.233,8.81,2.44,–,–,–,–,–,–,–,–,–,–,–,–,–,–,–,–,–,–,–,–,7.73,12.0,–,3.79,2.17,1.25,–,2.74,–,2.23,1.78,0.956,–,2.16,–,–,–,–,–,–,–,–,2  3/8 ,–,4.75,3.40,–,–,–, 0.933 
Rect. HSS,HSS3-1/2X2-1/2X.188,HSS3-1/2X2-1/2X3/16,0.174,6.87,1.89,–,–,–,–,–,–,–,–,–,–,–,–,–,–,–,–,–,–,–,–,11.4,17.1,–,3.09,1.76,1.28,–,2.18,–,1.82,1.46,0.983,–,1.72,–,–,–,–,–,–,–,–,2 11/16,–,3.78,2.67,–,–,–, 0.950 
Rect. HSS,HSS3-1/2X2-1/2X.125,HSS3-1/2X2-1/2X1/8,0.116,4.75,1.30,–,–,–,–,–,–,–,–,–,–,–,–,–,–,–,–,–,–,–,–,18.6,27.2,–,2.23,1.28,1.31,–,1.54,–,1.33,1.06,1.01,–,1.22,–,–,–,–,–,–,–,–,2 15/16,–,2.67,1.87,–,–,–, 0.967 
,,,,,,,,,,,,,,,,,,,,,,,,,,,,,,,,,,,,,,,,,,,,,,,,,,,,,,,
Rect. HSS,HSS3-1/2X2X.250,HSS3-1/2X2X1/4,0.233,7.96,2.21,–,–,–,–,–,–,–,–,–,–,–,–,–,–,–,–,–,–,–,–,5.58,12.0,–,3.17,1.81,1.20,–,2.36,–,1.30,1.30,0.766,–,1.58,–,–,–,–,–,–,–,–,2  3/8 ,–,3.16,2.64,–,–,–, 0.850 
Rect. HSS,HSS3-1/2X2X.188,HSS3-1/2X2X3/16,0.174,6.23,1.71,–,–,–,–,–,–,–,–,–,–,–,–,–,–,–,–,–,–,–,–,8.49,17.1,–,2.61,1.49,1.23,–,1.89,–,1.08,1.08,0.792,–,1.27,–,–,–,–,–,–,–,–,2 11/16,–,2.55,2.09,–,–,–, 0.867 
Rect. HSS,HSS3-1/2X2X.125,HSS3-1/2X2X1/8,0.116,4.33,1.19,–,–,–,–,–,–,–,–,–,–,–,–,–,–,–,–,–,–,–,–,14.2,27.2,–,1.90,1.09,1.27,–,1.34,–,0.795,0.795,0.818,–,0.912,–,–,–,–,–,–,–,–,2 15/16,–,1.83,1.47,–,–,–, 0.883 
,,,,,,,,,,,,,,,,,,,,,,,,,,,,,,,,,,,,,,,,,,,,,,,,,,,,,,,
Rect. HSS,HSS3-1/2X1-1/2X.250,HSS3-1/2X1-1/2X1/4,0.233,7.11,1.97,–,–,–,–,–,–,–,–,–,–,–,–,–,–,–,–,–,–,–,–,3.44,12.0,–,2.55,1.46,1.14,–,1.98,–,0.638,0.851,0.569,–,1.06,–,–,–,–,–,–,–,–,2  3/8 ,–,1.79,1.88,–,–,–, 0.767 
Rect. HSS,HSS3-1/2X1-1/2X.188,HSS3-1/2X1-1/2X3/16,0.174,5.59,1.54,–,–,–,–,–,–,–,–,–,–,–,–,–,–,–,–,–,–,–,–,5.62,17.1,–,2.12,1.21,1.17,–,1.60,–,0.544,0.725,0.594,–,0.867,–,–,–,–,–,–,–,–,2 11/16,–,1.49,1.51,–,–,–, 0.784 
Rect. HSS,HSS3-1/2X1-1/2X.125,HSS3-1/2X1-1/2X1/8,0.116,3.90,1.07,–,–,–,–,–,–,–,–,–,–,–,–,–,–,–,–,–,–,–,–,9.93,27.2,–,1.57,0.896,1.21,–,1.15,–,0.411,0.548,0.619,–,0.630,–,–,–,–,–,–,–,–,2 15/16,–,1.09,1.08,–,–,–, 0.800 
,,,,,,,,,,,,,,,,,,,,,,,,,,,,–,,,,,,,,,,,,,,,,,,,,,,,,,,,
Rect. HSS,HSS3X2-1/2X.313,HSS3X2-1/2X5/16,0.291,9.51,2.64,–,–,–,–,–,–,–,–,–,–,–,–,–,–,–,–,–,–,–,–,5.59,7.31,,2.92,1.94,1.05,–,2.51,–,2.18,1.74,0.908,–,2.20,–,–,–,–,–,–,–,–,–,–,4.34,3.39,–,–,–, 0.833 
Rect. HSS,HSS3X2-1/2X.250,HSS3X2-1/2X1/4,0.233,7.96,2.21,–,–,–,–,–,–,–,–,–,–,–,–,–,–,–,–,–,–,–,–,7.73,9.88,–,2.57,1.72,1.08,–,2.16,–,1.93,1.54,0.935,–,1.90,–,–,–,–,–,–,–,–,–,–,3.74,2.87,–,–,–, 0.850 
Rect. HSS,HSS3X2-1/2X.188,HSS3X2-1/2X3/16,0.174,6.23,1.71,–,–,–,–,–,–,–,–,–,–,–,–,–,–,–,–,–,–,–,–,11.4,14.2,–,2.11,1.41,1.11,–,1.73,–,1.59,1.27,0.963,–,1.52,–,–,–,–,–,–,–,–,2  3/16,–,3.00,2.27,–,–,–, 0.867 
Rect. HSS,HSS3X2-1/2X.125,HSS3X2-1/2X1/8,0.116,4.33,1.19,–,–,–,–,–,–,–,–,–,–,–,–,–,–,–,–,–,–,–,–,18.6,22.9,–,1.54,1.03,1.14,–,1.23,–,1.16,0.931,0.990,–,1.09,–,–,–,–,–,–,–,–,2  7/16,–,2.13,1.59,–,–,–, 0.883 
,,,,,,,,,,,,,,,,,,,,,,,,,,,,–,,,,,,,,,,,,,,,,,,,,,,,,,,,
Rect. HSS,HSS3X2X.313,HSS3X2X5/16,0.291,8.45,2.35,–,–,–,–,–,–,–,–,–,–,–,–,–,–,–,–,–,–,–,–,3.87,7.31,,2.38,1.59,1.01,–,2.11,–,1.24,1.24,0.725,–,1.58,–,–,–,–,–,–,–,–,–,–,2.87,2.60,–,–,–, 0.750 
Rect. HSS,HSS3X2X.250,HSS3X2X1/4,0.233,7.11,1.97,–,–,–,–,–,–,–,–,–,–,–,–,–,–,–,–,–,–,–,–,5.58,9.88,–,2.13,1.42,1.04,–,1.83,–,1.11,1.11,0.751,–,1.38,–,–,–,–,–,–,–,–,–,–,2.52,2.23,–,–,–, 0.767 
Rect. HSS,HSS3X2X.188,HSS3X2X3/16,0.174,5.59,1.54,–,–,–,–,–,–,–,–,–,–,–,–,–,–,–,–,–,–,–,–,8.49,14.2,–,1.77,1.18,1.07,–,1.48,–,0.932,0.932,0.778,–,1.12,–,–,–,–,–,–,–,–,2  3/16,–,2.05,1.78,–,–,–, 0.784 
Rect. HSS,HSS3X2X.125,HSS3X2X1/8,0.116,3.90,1.07,–,–,–,–,–,–,–,–,–,–,–,–,–,–,–,–,–,–,–,–,14.2,22.9,–,1.30,0.867,1.10,–,1.06,–,0.692,0.692,0.804,–,0.803,–,–,–,–,–,–,–,–,2  7/16,–,1.47,1.25,–,–,–, 0.800 
,,,,,,,,,,,,,,,,,,,,,,,,,,,,,,,,,,,,,,,,,,,,,,,,,,,,,,,
Rect. HSS,HSS3X1-1/2X.250,HSS3X1-1/2X1/4,0.233,6.26,1.74,–,–,–,–,–,–,–,–,–,–,–,–,–,–,–,–,–,–,–,–,3.44,9.88,–,1.68,1.12,0.982,–,1.51,–,0.543,0.725,0.559,–,0.911,–,–,–,–,–,–,–,–,1  7/8 ,–,1.44,1.58,–,–,–, 0.683 
Rect. HSS,HSS3X1-1/2X.188,HSS3X1-1/2X3/16,0.174,4.96,1.37,–,–,–,–,–,–,–,–,–,–,–,–,–,–,–,–,–,–,–,–,5.62,14.2,–,1.42,0.945,1.02,–,1.24,–,0.467,0.622,0.584,–,0.752,–,–,–,–,–,–,–,–,2  3/16,–,1.21,1.28,–,–,–, 0.700 
Rect. HSS,HSS3X1-1/2X.125,HSS3X1-1/2X1/8,0.116,3.48,0.956,–,–,–,–,–,–,–,–,–,–,–,–,–,–,–,–,–,–,–,–,9.93,22.9,,1.06,0.706,1.05,–,0.895,–,0.355,0.474,0.610,–,0.550,–,–,–,–,–,–,–,–,2  7/16,–,0.886,0.920,–,–,–, 0.717 
,,,,,,,,,,,,,,,,,,,,,,,,,,,,–,,,,,,,,,,,,,,,,,,,,,,,,,,,
Rect. HSS,HSS3X1X.188,HSS3X1X3/16,0.174,4.32,1.19,–,–,–,–,–,–,–,–,–,–,–,–,–,–,–,–,–,–,–,–,2.75,14.2,–,1.07,0.713,0.947,–,0.989,–,0.173,0.345,0.380,–,0.432,–,–,–,–,–,–,–,–,2  3/16,–,0.526,0.792,–,–,–, 0.617 
Rect. HSS,HSS3X1X.125,HSS3X1X1/8,0.116,3.05,0.840,–,–,–,–,–,–,–,–,–,–,–,–,–,–,–,–,–,–,–,–,5.62,22.9,–,0.817,0.545,0.987,–,0.728,–,0.138,0.276,0.405,–,0.325,–,–,–,–,–,–,–,–,2  7/16,–,0.408,0.585,–,–,–, 0.633 
,,,,,,,,,,,,,,,,,,,,,,,,,,,,,,,,,,,,,,,,,,,,,,,,,,,,,,,
Rect. HSS,HSS2-1/2X2X.250,HSS2-1/2X2X1/4,0.233,6.26,1.74,–,–,–,–,–,–,–,–,–,–,–,–,–,–,–,–,–,–,–,–,5.58,7.73,–,1.33,1.06,0.874,–,1.37,–,0.930,0.930,0.731,–,1.17,–,–,–,–,–,–,–,–,–,–,1.90,1.82,–,–,–, 0.683 
Rect. HSS,HSS2-1/2X2X.188,HSS2-1/2X2X3/16,0.174,4.96,1.37,–,–,–,–,–,–,–,–,–,–,–,–,–,–,–,–,–,–,–,–,8.49,11.4,–,1.12,0.894,0.904,–,1.12,–,0.786,0.786,0.758,–,0.956,–,–,–,–,–,–,–,–,–,–,1.55,1.46,–,–,–, 0.700 
Rect. HSS,HSS2-1/2X2X.125,HSS2-1/2X2X1/8,0.116,3.48,0.956,–,–,–,–,–,–,–,–,–,–,–,–,–,–,–,–,–,–,–,–,14.2,18.6,–,0.833,0.667,0.934,–,0.809,–,0.589,0.589,0.785,–,0.694,–,–,–,–,–,–,–,–,–,–,1.12,1.04,–,–,–, 0.717 
,,,,,,,,,,,,,,,,,,,,,,,,,,,,,,,,,,,,,,,,,,,,,,,,,,,,,,,
Rect. HSS,HSS2-1/2X1-1/2X.250,HSS2-1/2X1-1/2X1/4,0.233,5.41,1.51,–,–,–,–,–,–,–,–,–,–,–,–,–,–,–,–,–,–,–,–,3.44,7.73,–,1.03,0.822,0.826,–,1.11,–,0.449,0.599,0.546,–,0.764,–,–,–,–,–,–,–,–,–,–,1.10,1.29,–,–,–, 0.600 
Rect. HSS,HSS2-1/2X1-1/2X.188,HSS2-1/2X1-1/2X3/16,0.174,4.32,1.19,–,–,–,–,–,–,–,–,–,–,–,–,–,–,–,–,–,–,–,–,5.62,11.4,–,0.882,0.705,0.860,–,0.915,–,0.390,0.520,0.572,–,0.636,–,–,–,–,–,–,–,–,–,–,0.929,1.05,–,–,–, 0.617 
Rect. HSS,HSS2-1/2X1-1/2X.125,HSS2-1/2X1-1/2X1/8,0.116,3.05,0.840,–,–,–,–,–,–,–,–,–,–,–,–,–,–,–,–,–,–,–,–,9.93,18.6,,0.668,0.535,0.892,–,0.671,–,0.300,0.399,0.597,–,0.469,–,–,–,–,–,–,–,–,–,–,0.687,0.759,–,–,–, 0.633 
,,,,,,,,,,,,,,,,,,,,,,,,,,,,,,,,,,,,,,,,,,,,,,,,,,,,,,,
Rect. HSS,HSS2-1/2X1X.188,HSS2-1/2X1X3/16,0.174,3.68,1.02,–,–,–,–,–,–,–,–,–,–,–,–,–,–,–,–,–,–,–,–,2.75,11.4,,0.646,0.517,0.796,–,0.713,–,0.143,0.285,0.374,–,0.360,–,–,–,–,–,–,–,–,–,–,0.412,0.648,–,–,–, 0.534 
Rect. HSS,HSS2-1/2X1X.125,HSS2-1/2X1X1/8,0.116,2.63,0.724,–,–,–,–,–,–,–,–,–,–,–,–,–,–,–,–,–,–,–,–,5.62,18.6,,0.503,0.403,0.834,–,0.532,–,0.115,0.230,0.399,–,0.274,–,–,–,–,–,–,–,–,–,–,0.322,0.483,–,–,–, 0.550 
,,,,,,,,,,,,,,,,,,,,,,,,,,,,–,,,,,,,,,,,,,,,,,,,,,,,,,,,
Rect. HSS,HSS2-1/4X2X.188,HSS2-1/4X2X3/16,0.174,4.64,1.28,,,,,,,,,,,,,,,,,,,,,8.49,9.93,–,859.000,0.764,0.819,,0.952,,0.713,0.713,0.75,,0.877,,,,,,,,,–,,1.32,1.3,,,, 0.659 
Rect. HSS,HSS2-1/4X2X.125,HSS2-1/4X2X1/8,0.116,3.27,0.90,,,,,,,,,,,,,,,,,,,,,14.2,16.4,,0.646,0.574,0.848,,0.693,,0.538,0.538,0.77,,0.639,,,,,,,,,–,,0.957,0.927,,,, 0.675 
,,,,,,,,,,,,,,,,,,,,,,,,,,,,–,,,,,,,,,,,,,,,,,,,,,,,,,,,
Rect. HSS,HSS2X1-1/2X.188,HSS2X1-1/2X3/16,0.174,3.68,1.02,–,–,–,–,–,–,–,–,–,–,–,–,–,–,–,–,–,–,–,–,5.62,8.49,–,0.495,0.495,0.697,–,0.639,–,0.313,0.417,0.554,–,0.521,–,–,–,–,–,–,–,–,–,–,0.664,0.822,–,–,–, 0.534 
Rect. HSS,HSS2X1-1/2X.125,HSS2X1-1/2X1/8,0.116,2.63,0.724,–,–,–,–,–,–,–,–,–,–,–,–,–,–,–,–,–,–,–,–,9.93,14.2,,0.383,0.383,0.728,–,0.475,–,0.244,0.325,0.581,–,0.389,–,–,–,–,–,–,–,–,–,–,0.496,0.599,–,–,–, 0.550 
,,,,,,,,,,,,,,,,,,,,,,,,,,,,–,,,,,,,,,,,,,,,,,,,,,,,,,,,
Rect. HSS,HSS2X1X.188,HSS2X1X3/16,0.174,3.04,0.845,–,–,–,–,–,–,–,–,–,–,–,–,–,–,–,–,–,–,–,–,2.75,8.49,–,0.350,0.350,0.643,–,0.480,–,0.112,0.225,0.365,–,0.288,–,–,–,–,–,–,–,–,–,–,0.301,0.505,–,–,–, 0.450 
Rect. HSS,HSS2X1X.125,HSS2X1X1/8,0.116,2.20,0.608,–,–,–,–,–,–,–,–,–,–,–,–,–,–,–,–,–,–,–,–,5.62,14.2,,0.280,0.280,0.679,–,0.366,–,0.0922,0.184,0.390,–,0.223,–,–,–,–,–,–,–,–,–,–,0.238,0.380,–,–,–, 0.467 
,,,,,,,,,,,,,,,,,,,,,,,,,,,,–,,,,,,,,,,,,,,,,,,,,,,,,,,,
Square HSS,HSS22X22X.875,HSS22X22X7/8,0.814,244.88,67.3,–,–,–,–,–,–,–,–,–,–,–,–,–,–,–,–,–,–,–,–,24.1,24.1,–,4970,452,8.59,–,530,–,4970,452,8.59,–,530,–,–,–,–,–,–,–,–,18  1/16,18  1/16,7890,729,–,–,–, 7.100 
Square HSS,HSS22X22X.750,HSS22X22X3/4,0.698,212.00,58.2,–,–,–,–,–,–,–,–,–,–,–,–,–,–,–,–,–,–,–,–,28.5,28.5,–,4350,395,8.65,–,462,–,4350,395,8.65,–,462,–,–,–,–,–,–,–,–,18  5/8 ,18  5/8 ,6860,632,–,–,–, 7.130 
,,,,,,,,,,,,,,,,,,,,,,,,,,,,–,,,,,,,,,,,,,,,,,,,,,,,,,,,
Square HSS,HSS20X20X.875,HSS20X20X7/8,0.814,221.06,60.8,–,–,–,–,–,–,–,–,–,–,–,–,–,–,–,–,–,–,–,–,21.6,21.6,,3670,367,7.77,–,433,–,3670,367,7.77,–,433,–,–,–,–,–,–,–,–,16  1/16,16  1/16,5870,597,–,–,–, 6.430 
Square HSS,HSS20X20X.750,HSS20X20X3/4,0.698,191.58,52.6,–,–,–,–,–,–,–,–,–,–,–,–,–,–,–,–,–,–,–,–,25.6,25.6,–,3230,323,7.84,–,378,–,3230,323,7.84,–,378,–,–,–,–,–,–,–,–,16  5/8 ,16  5/8 ,5110,519,–,–,–, 6.470 
Square HSS,HSS20X20X.625,HSS20X20X5/8,0.581,161.40,44.3,–,–,–,–,–,–,–,–,–,–,–,–,–,–,–,–,–,–,–,–,31.5,31.5,–,2750,275,7.88,–,320,–,2750,275,7.88,–,320,–,–,–,–,–,–,–,–,17  3/16,17  3/16,4320,437,–,–,–, 6..5 
Square HSS,HSS20X20X.500,HSS20X20X1/2,0.465,130.52,35.8,–,–,–,–,–,–,–,–,–,–,–,–,–,–,–,–,–,–,–,–,40.0,40.0,–,2260,226,7.95,–,261,–,2260,226,7.95,–,261,–,–,–,–,–,–,–,–,17  3/4 ,17  3/4 ,3510,355,–,–,–, 6.530 
,,,,,,,,,,,,,,,,,,,,,,,,,,,,–,,,,,,,,,,,,,,,,,,,,,,,,,,,
Square HSS,HSS18X18X.875,HSS18X18X7/8,0.814,197.24,54.3,–,–,–,–,–,–,–,–,–,–,–,–,–,–,–,–,–,–,–,–,19.2,19.2,,2630,292,6.96,–,346,–,2630,292,6.96,–,346,–,–,–,–,–,–,–,–,14  1/16,14  1/16,4220,479,–,–,–, 5.770 
Square HSS,HSS18X18X.750,HSS18X18X3/4,0.698,171.16,47.1,–,–,–,–,–,–,–,–,–,–,–,–,–,–,–,–,–,–,–,–,22.8,22.8,–,2320,258,7.02,–,302,–,2320,258,7.02,–,302,–,–,–,–,–,–,–,–,14  5/8 ,14  5/8 ,3690,417,–,–,–, 5.800 
Square HSS,HSS18X18X.625,HSS18X18X5/8,0.581,144.39,39.6,–,–,–,–,–,–,–,–,–,–,–,–,–,–,–,–,–,–,–,–,28.1,28.1,–,1980,220,7.07,–,257,–,1980,220,7.07,–,257,–,–,–,–,–,–,–,–,15  3/16,15  3/16,3120,352,–,–,–, 5.830 
Square HSS,HSS18X18X.500,HSS18X18X1/2,0.465,116.91,32.1,–,–,–,–,–,–,–,–,–,–,–,–,–,–,–,–,–,–,–,–,35.7,35.7,–,1630,181,7.13,–,210,–,1630,181,7.13,–,210,–,–,–,–,–,–,–,–,15  3/4 ,15  3/4 ,2540,286,–,–,–, 5.870 
,,,,,,,,,,,,,,,,,,,,,,,,,,,,–,,,,,,,,,,,,,,,,,,,,,,,,,,,
Square HSS,HSS16X16X.875,HSS16X16X7/8,0.814,173.43,47.7,–,–,–,–,–,–,–,–,–,–,–,–,–,–,–,–,–,–,–,–,16.7,16.7,–,1800,225,6.14,–,268,–,1800,225,6.14,–,268,–,–,–,–,–,–,–,–,12  1/16,12  1/16,2920,373,–,–,–, 5.100 
Square HSS,HSS16X16X.750,HSS16X16X3/4,0.698,150.75,41.5,–,–,–,–,–,–,–,–,–,–,–,–,–,–,–,–,–,–,–,–,19.9,19.9,–,1590,199,6.19,–,235,–,1590,199,6.19,–,235,–,–,–,–,–,–,–,–,12  5/8 ,12  5/8 ,2560,326,–,–,–, 5.130 
Square HSS,HSS16X16X.625,HSS16X16X5/8,0.581,127.37,35.0,–,–,–,–,–,–,–,–,–,–,–,–,–,–,–,–,–,–,–,–,24.5,24.5,,1370,171,6.25,–,200,–,1370,171,6.25,–,200,–,–,–,–,–,–,–,–,13  3/16,13  3/16,2170,276,–,–,–, 5.170 
Square HSS,HSS16X16X.500,HSS16X16X1/2,0.465,103.30,28.3,–,–,–,–,–,–,–,–,–,–,–,–,–,–,–,–,–,–,–,–,31.4,31.4,–,1130,141,6.31,–,164,–,1130,141,6.31,–,164,–,–,–,–,–,–,–,–,13 3/,13 3/,1770,224,–,–,–, 5.200 
Square HSS,HSS16X16X.375,HSS16X16X3/8,0.349,78.52,21.5,–,–,–,–,–,–,–,–,–,–,–,–,–,–,–,–,–,–,–,–,42.8,42.8,–,873,109,6.37,–,126,–,873,109,6.37,–,126,–,–,–,–,–,–,–,–,14 15/16,14 15/16,1350,171,–,–,–, 5.230 
Square HSS,HSS16X16X.313,HSS16X16X5/16,0.291,65.87,18.1,–,–,–,–,–,–,–,–,–,–,–,–,–,–,–,–,–,–,–,–,52.0,52.0,–,739,92.3,6.39,–,106,–,739,92.3,6.39,–,106,–,–,–,–,–,–,–,–,14  5/8 ,14  5/8 ,1140,144,–,–,–, 5.250 
,,,,,,,,,,,,,,,,,,,,,,,,,,,,–,,,,,,,,,,,,,,,,,,,,,,,,,,,
Square HSS,HSS14X14X.875,HSS14X14X7/8,0.814,149.61,41.2,–,–,–,–,–,–,–,–,–,–,–,–,–,–,–,–,–,–,–,–,14.3,14.3,–,1170,167,5.33,–,201,–,1170,167,5.33,–,201,–,–,–,–,–,–,–,–,10  1/16,10  1/16,1910,281,–,–,–, 4.430 
Square HSS,HSS14X14X.750,HSS14X14X3/4,0.698,130.33,35.9,–,–,–,–,–,–,–,–,–,–,–,–,–,–,–,–,–,–,–,–,17.0,17.0,–,1040,149,5.38,–,177,–,1040,149,5.38,–,177,–,–,–,–,–,–,–,–,10  5/8 ,10  5/8 ,1680,246,–,–,–, 4.470 
Square HSS,HSS14X14X.625,HSS14X14X5/8,0.581,110.36,30.3,–,–,–,–,–,–,–,–,–,–,–,–,–,–,–,–,–,–,–,–,21.1,21.1,,897,128,5.44,–,151,–,897,128,5.44,–,151,–,–,–,–,–,–,–,–,11  3/16,11  3/16,1430,208,–,–,–, 4.500 
Square HSS,HSS14X14X.500,HSS14X14X1/2,0.465,89.68,24.6,–,–,–,–,–,–,–,–,–,–,–,–,–,–,–,–,–,–,–,–,27.1,27.1,–,743,106,5.49,–,124,–,743,106,5.49,–,124,–,–,–,–,–,–,–,–,11  3/4 ,11  3/4 ,1170,170,–,–,–, 4.530 
Square HSS,HSS14X14X.375,HSS14X14X3/8,0.349,68.31,18.7,–,–,–,–,–,–,–,–,–,–,–,–,–,–,–,–,–,–,–,–,37.1,37.1,–,577,82.5,5.55,–,95.4,–,577,82.5,5.55,–,95.4,–,–,–,–,–,–,–,–,12  5/16,12  5/16,900,130,–,–,–, 4.570 
Square HSS,HSS14X14X.313,HSS14X14X5/16,0.291,57.36,15.7,–,–,–,–,–,–,–,–,–,–,–,–,–,–,–,–,–,–,–,–,45.1,45.1,–,490,69.9,5.58,–,80.5,–,490,69.9,5.58,–,80.5,–,–,–,–,–,–,–,–,12  5/8 ,12  5/8 ,759,109,–,–,–, 4.580 
,,,,,,,,,,,,,,,,,,,,,,,,,,,,–,,,,,,,,,,,,,,,,,,,,,,,,,,,
Square HSS,HSS12X12X.750,HSS12X12X3/4,0.698,109.91,30.3,–,–,–,–,–,–,–,–,–,–,–,–,–,–,–,–,–,–,–,–,14.2,14.2,–,631,105,4.56,–,127,–,631,105,4.56,–,127,–,–,–,–,–,–,–,–,8  5/8 ,8  5/8 ,1030,177,–,–,–, 3.800 
Square HSS,HSS12X12X.625,HSS12X12X5/8,0.581,93.34,25.7,–,–,–,–,–,–,–,–,–,–,–,–,–,–,–,–,–,–,–,–,17.7,17.7,–,548,91.4,4.62,–,109,–,548,91.4,4.62,–,109,–,–,–,–,–,–,–,–,9  3/16,9  3/16,885,151,–,–,–, 3.830 
Square HSS,HSS12X12X.500,HSS12X12X1/2,0.465,76.07,20.9,–,–,–,–,–,–,–,–,–,–,–,–,–,–,–,–,–,–,–,–,22.8,22.8,–,457,76.2,4.68,–,89.6,–,457,76.2,4.68,–,89.6,–,–,–,–,–,–,–,–,9  3/4 ,9  3/4 ,728,123,–,–,–, 3.870 
Square HSS,HSS12X12X.375,HSS12X12X3/8,0.349,58.10,16.0,–,–,–,–,–,–,–,–,–,–,–,–,–,–,–,–,–,–,–,–,31.4,31.4,,357,59.5,4.73,–,69.2,–,357,59.5,4.73,–,69.2,–,–,–,–,–,–,–,–,10  5/16,10  5/16,561,94.6,–,–,–, 3.900 
Square HSS,HSS12X12X.313,HSS12X12X5/16,0.291,48.86,13.4,–,–,–,–,–,–,–,–,–,–,–,–,–,–,–,–,–,–,–,–,38.2,38.2,–,304,50.7,4.76,–,58.6,–,304,50.7,4.76,–,58.6,–,–,–,–,–,–,–,–,10  5/8 ,10  5/8 ,474,79.7,–,–,–, 3.920 
Square HSS,HSS12X12X.250,HSS12X12X1/4,0.233,39.43,10.8,–,–,–,–,–,–,–,–,–,–,–,–,–,–,–,–,–,–,–,–,48.5,48.5,–,248,41.4,4.79,–,47.6,–,248,41.4,4.79,–,47.6,–,–,–,–,–,–,–,–,10  7/8 ,10  7/8 ,384,64.5,–,–,–, 3.930 
Square HSS,HSS12X12X.188,HSS12X12X3/16,0.174,29.84,8.15,–,–,–,–,–,–,–,–,–,–,–,–,–,–,–,–,–,–,–,–,66.0,66.0,–,189,31.5,4.82,–,36.0,–,189,31.5,4.82,–,36.0,–,–,–,–,–,–,–,–,11  3/16,11  3/16,290,48.6,–,–,–, 3.950 
,,,,,,,,,,,,,,,,,,,,,,,,,,,,–,,,,,,,,,,,,,,,,,,,,,,,,,,,
Square HSS,HSS10X10X.750,HSS10X10X3/4,0.698,89.50,24.7,–,–,–,–,–,–,–,–,–,–,–,–,–,–,–,–,–,–,–,–,11.3,11.3,–,347,69.4,3.75,–,84.7,–,347,69.4,3.75,–,84.7,–,–,–,–,–,–,–,–,6  5/8 ,6  5/8 ,578,119,–,–,–, 3.130 
Square HSS,HSS10X10X.625,HSS10X10X5/8,0.581,76.33,21.0,–,–,–,–,–,–,–,–,–,–,–,–,–,–,–,–,–,–,–,–,14.2,14.2,–,304,60.8,3.80,–,73.2,–,304,60.8,3.80,–,73.2,–,–,–,–,–,–,–,–,7  3/16,7  3/16,498,102,–,–,–, 3.170 
Square HSS,HSS10X10X.500,HSS10X10X1/2,0.465,62.46,17.2,–,–,–,–,–,–,–,–,–,–,–,–,–,–,–,–,–,–,–,–,18.5,18.5,–,256,51.2,3.86,–,60.7,–,256,51.2,3.86,–,60.7,–,–,–,–,–,–,–,–,7  3/4 ,7  3/4 ,412,84.2,–,–,–, 3.200 
Square HSS,HSS10X10X.375,HSS10X10X3/8,0.349,47.90,13.2,–,–,–,–,–,–,–,–,–,–,–,–,–,–,–,–,–,–,–,–,25.7,25.7,,202,40.4,3.92,–,47.2,–,202,40.4,3.92,–,47.2,–,–,–,–,–,–,–,–,8  5/16,8  5/16,320,64.8,–,–,–, 3.230 
Square HSS,HSS10X10X.313,HSS10X10X5/16,0.291,40.35,11.1,–,–,–,–,–,–,–,–,–,–,–,–,–,–,–,–,–,–,–,–,31.4,31.4,–,172,34.5,3.94,–,40.1,–,172,34.5,3.94,–,40.1,–,–,–,–,–,–,–,–,8  5/8 ,8  5/8 ,271,54.8,–,–,–, 3.250 
Square HSS,HSS10X10X.250,HSS10X10X1/4,0.233,32.63,8.96,–,–,–,–,–,–,–,–,–,–,–,–,–,–,–,–,–,–,–,–,39.9,39.9,–,141,28.3,3.97,–,32.7,–,141,28.3,3.97,–,32.7,–,–,–,–,–,–,–,–,8  7/8 ,8  7/8 ,220,44.4,–,–,–, 3.270 
Square HSS,HSS10X10X.188,HSS10X10X3/16,0.174,24.73,6.76,–,–,–,–,–,–,–,–,–,–,–,–,–,–,–,–,–,–,–,–,54.5,54.5,–,108,21.6,4.00,–,24.8,–,108,21.6,4.00,–,24.8,–,–,–,–,–,–,–,–,9  3/16,9  3/16,167,33.6,–,–,–, 3.280 
,,,,,,,,,,,,,,,,,,,,,,,,,,,,–,,,,,,,,,,,,,,,,,,,,,,,,,,,
Square HSS,HSS9X9X.625,HSS9X9X5/8,0.581,67.82,18.7,–,–,–,–,–,–,–,–,–,–,–,–,–,–,–,–,–,–,–,–,12.5,12.5,–,216,47.9,3.40,–,58.1,–,216,47.9,3.40,–,58.1,–,–,–,–,–,–,–,–,6  3/16,6  3/16,356,81.6,–,–,–, 2.830 
Square HSS,HSS9X9X.500,HSS9X9X1/2,0.465,55.66,15.3,–,–,–,–,–,–,–,–,–,–,–,–,–,–,–,–,–,–,–,–,16.4,16.4,–,183,40.6,3.45,–,48.4,–,183,40.6,3.45,–,48.4,–,–,–,–,–,–,–,–,6  3/4 ,6  3/4 ,296,67.4,–,–,–, 2.870 
Square HSS,HSS9X9X.375,HSS9X9X3/8,0.349,42.79,11.8,–,–,–,–,–,–,–,–,–,–,–,–,–,–,–,–,–,–,–,–,22.8,22.8,–,145,32.2,3.51,–,37.8,–,145,32.2,3.51,–,37.8,–,–,–,–,–,–,–,–,7  5/16,7  5/16,231,52.1,–,–,–, 2.900 
Square HSS,HSS9X9X.313,HSS9X9X5/16,0.291,36.10,9.92,–,–,–,–,–,–,–,–,–,–,–,–,–,–,–,–,–,–,–,–,27.9,27.9,,124,27.6,3.54,–,32.1,–,124,27.6,3.54,–,32.1,–,–,–,–,–,–,–,–,7  5/8 ,7  5/8 ,196,44.0,–,–,–, 2.920 
Square HSS,HSS9X9X.250,HSS9X9X1/4,0.233,29.23,8.03,–,–,–,–,–,–,–,–,–,–,–,–,–,–,–,–,–,–,–,–,35.6,35.6,–,102,22.7,3.56,–,26.2,–,102,22.7,3.56,–,26.2,–,–,–,–,–,–,–,–,7  7/8 ,7  7/8 ,159,35.8,–,–,–, 2.930 
Square HSS,HSS9X9X.188,HSS9X9X3/16,0.174,22.18,6.06,–,–,–,–,–,–,–,–,–,–,–,–,–,–,–,–,–,–,–,–,48.7,48.7,–,78.2,17.4,3.59,–,20.0,–,78.2,17.4,3.59,–,20.0,–,–,–,–,–,–,–,–,8  3/16,8  3/16,121,27.1,–,–,–, 2.950 
Square HSS,HSS9X9X.125,HSS9X9X1/8,0.116,14.96,4.09,–,–,–,–,–,–,–,–,–,–,–,–,–,–,–,–,–,–,–,–,74.6,74.6,–,53.5,11.9,3.62,–,13.6,–,53.5,11.9,3.62,–,13.6,–,–,–,–,–,–,–,–,8  7/16,8  7/16,82.0,18.3,–,–,–, 2.970 
,,,,,,,,,,,,,,,,,,,,,,,,,,,,–,,,,,,,,,,,,,,,,,,,,,,,,,,,
Square HSS,HSS8X8X.625,HSS8X8X5/8,0.581,59.32,16.4,–,–,–,–,–,–,–,–,–,–,–,–,–,–,–,–,–,–,–,–,10.8,10.8,–,146,36.5,2.99,–,44.7,–,146,36.5,2.99,–,44.7,–,–,–,–,–,–,–,–,5  3/16,5  3/16,244,63.2,–,–,–, 2.500 
Square HSS,HSS8X8X.500,HSS8X8X1/2,0.465,48.85,13.5,–,–,–,–,–,–,–,–,–,–,–,–,–,–,–,–,–,–,–,–,14.2,14.2,–,125,31.2,3.04,–,37.5,–,125,31.2,3.04,–,37.5,–,–,–,–,–,–,–,–,5  3/4 ,5  3/4 ,204,52.4,–,–,–, 2.530 
Square HSS,HSS8X8X.375,HSS8X8X3/8,0.349,37.69,10.4,–,–,–,–,–,–,–,–,–,–,–,–,–,–,–,–,–,–,–,–,19.9,19.9,–,100,24.9,3.10,–,29.4,–,100,24.9,3.10,–,29.4,–,–,–,–,–,–,–,–,6  5/16,6  5/16,160,40.7,–,–,–, 2.570 
Square HSS,HSS8X8X.313,HSS8X8X5/16,0.291,31.84,8.76,–,–,–,–,–,–,–,–,–,–,–,–,–,–,–,–,–,–,–,–,24.5,24.5,,85.6,21.4,3.13,–,25.1,–,85.6,21.4,3.13,–,25.1,–,–,–,–,–,–,–,–,6  5/8 ,6  5/8 ,136,34.5,–,–,–, 2.580 
Square HSS,HSS8X8X.250,HSS8X8X1/4,0.233,25.82,7.10,–,–,–,–,–,–,–,–,–,–,–,–,–,–,–,–,–,–,–,–,31.3,31.3,–,70.7,17.7,3.15,–,20.5,–,70.7,17.7,3.15,–,20.5,–,–,–,–,–,–,–,–,6  7/8 ,6  7/8 ,111,28.1,–,–,–, 2.600 
Square HSS,HSS8X8X.188,HSS8X8X3/16,0.174,19.63,5.37,–,–,–,–,–,–,–,–,–,–,–,–,–,–,–,–,–,–,–,–,43.0,43.0,–,54.4,13.6,3.18,–,15.7,–,54.4,13.6,3.18,–,15.7,–,–,–,–,–,–,–,–,7  3/16,7  3/16,84.5,21.3,–,–,–, 2.620 
Square HSS,HSS8X8X.125,HSS8X8X1/8,0.116,13.26,3.62,–,–,–,–,–,–,–,–,–,–,–,–,–,–,–,–,–,–,–,–,66.0,66.0,–,37.4,9.34,3.21,–,10.7,–,37.4,9.34,3.21,–,10.7,–,–,–,–,–,–,–,–,7  7/16,7  7/16,57.3,14.4,–,–,–, 2.630 
,,,,,,,,,,,,,,,,,,,,,,,,,,,,–,,,,,,,,,,,,,,,,,,,,,,,,,,,
Square HSS,HSS7X7X.625,HSS7X7X5/8,0.581,50.81,14.0,–,–,–,–,–,–,–,–,–,–,–,–,–,–,–,–,–,–,–,–,9.05,9.05,–,93.4,26.7,2.58,–,33.1,–,93.4,26.7,2.58,–,33.1,–,–,–,–,–,–,–,–,4  3/16,4  3/16,158,47.1,–,–,–, 2.170 
Square HSS,HSS7X7X.500,HSS7X7X1/2,0.465,42.05,11.6,–,–,–,–,–,–,–,–,–,–,–,–,–,–,–,–,–,–,–,–,12.1,12.1,–,80.5,23.0,2.63,–,27.9,–,80.5,23.0,2.63,–,27.9,–,–,–,–,–,–,–,–,4  3/4 ,4  3/4 ,133,39.3,–,–,–, 2.200 
Square HSS,HSS7X7X.375,HSS7X7X3/8,0.349,32.58,8.97,–,–,–,–,–,–,–,–,–,–,–,–,–,–,–,–,–,–,–,–,17.1,17.1,–,65.0,18.6,2.69,–,22.1,–,65.0,18.6,2.69,–,22.1,–,–,–,–,–,–,–,–,5  5/16,5  5/16,105,30.7,–,–,–, 2.230 
Square HSS,HSS7X7X.313,HSS7X7X5/16,0.291,27.59,7.59,–,–,–,–,–,–,–,–,–,–,–,–,–,–,–,–,–,–,–,–,21.1,21.1,,56.1,16.0,2.72,–,18.9,–,56.1,16.0,2.72,–,18.9,–,–,–,–,–,–,–,–,5  5/8 ,5  5/8 ,89.7,26.1,–,–,–, 2.250 
Square HSS,HSS7X7X.250,HSS7X7X1/4,0.233,22.42,6.17,–,–,–,–,–,–,–,–,–,–,–,–,–,–,–,–,–,–,–,–,27.0,27.0,–,46.5,13.3,2.75,–,15.5,–,46.5,13.3,2.75,–,15.5,–,–,–,–,–,–,–,–,5  7/8 ,5  7/8 ,73.5,21.3,–,–,–, 2.270 
Square HSS,HSS7X7X.188,HSS7X7X3/16,0.174,17.08,4.67,–,–,–,–,–,–,–,–,–,–,–,–,–,–,–,–,–,–,–,–,37.2,37.2,–,36.0,10.3,2.77,–,11.9,–,36.0,10.3,2.77,–,11.9,–,–,–,–,–,–,–,–,6  3/16,6  3/16,56.1,16.2,–,–,–, 2.280 
Square HSS,HSS7X7X.125,HSS7X7X1/8,0.116,11.56,3.16,–,–,–,–,–,–,–,–,–,–,–,–,–,–,–,–,–,–,–,–,57.3,57.3,–,24.8,7.09,2.80,–,8.13,–,24.8,7.09,2.80,–,8.13,–,–,–,–,–,–,–,–,6  7/16,6  7/16,38.2,11.0,–,–,–, 2.300 
,,,,,,,,,,,,,,,,,,,,,,,,,,,,–,,,,,,,,,,,,,,,,,,,,,,,,,,,
Square HSS,HSS6X6X.625,HSS6X6X5/8,0.581,42.30,11.7,–,–,–,–,–,–,–,–,–,–,–,–,–,–,–,–,–,–,–,–,7.33,7.33,–,55.2,18.4,2.17,–,23.2,–,55.2,18.4,2.17,–,23.2,–,–,–,–,–,–,–,–,3  3/16,3  3/16,94.9,33.4,–,–,–, 1.830 
Square HSS,HSS6X6X.500,HSS6X6X1/2,0.465,35.24,9.74,–,–,–,–,–,–,–,–,–,–,–,–,–,–,–,–,–,–,–,–,9.90,9.90,–,48.3,16.1,2.23,–,19.8,–,48.3,16.1,2.23,–,19.8,–,–,–,–,–,–,–,–,3  3/4 ,3  3/4 ,81.1,28.1,–,–,–, 1.870 
Square HSS,HSS6X6X.375,HSS6X6X3/8,0.349,27.48,7.58,–,–,–,–,–,–,–,–,–,–,–,–,–,–,–,–,–,–,–,–,14.2,14.2,–,39.5,13.2,2.28,–,15.8,–,39.5,13.2,2.28,–,15.8,–,–,–,–,–,–,–,–,4  5/16,4  5/16,64.6,22.1,–,–,–, 1.900 
Square HSS,HSS6X6X.313,HSS6X6X5/16,0.291,23.34,6.43,–,–,–,–,–,–,–,–,–,–,–,–,–,–,–,–,–,–,–,–,17.6,17.6,,34.3,11.4,2.31,–,13.6,–,34.3,11.4,2.31,–,13.6,–,–,–,–,–,–,–,–,4  5/8 ,4  5/8 ,55.4,18.9,–,–,–, 1.920 
Square HSS,HSS6X6X.250,HSS6X6X1/4,0.233,19.02,5.24,–,–,–,–,–,–,–,–,–,–,–,–,–,–,–,–,–,–,–,–,22.8,22.8,–,28.6,9.54,2.34,–,11.2,–,28.6,9.54,2.34,–,11.2,–,–,–,–,–,–,–,–,4  7/8 ,4  7/8 ,45.6,15.4,–,–,–, 1.930 
Square HSS,HSS6X6X.188,HSS6X6X3/16,0.174,14.53,3.98,–,–,–,–,–,–,–,–,–,–,–,–,–,–,–,–,–,–,–,–,31.5,31.5,–,22.3,7.42,2.37,–,8.63,–,22.3,7.42,2.37,–,8.63,–,–,–,–,–,–,–,–,5  3/16,5  3/16,35.0,11.8,–,–,–, 1.950 
Square HSS,HSS6X6X.125,HSS6X6X1/8,0.116,9.86,2.70,–,–,–,–,–,–,–,–,–,–,–,–,–,–,–,–,–,–,–,–,48.7,48.7,–,15.5,5.15,2.39,–,5.92,–,15.5,5.15,2.39,–,5.92,–,–,–,–,–,–,–,–,5  7/16,5  7/16,23.9,8.03,–,–,–, 1.970 
,,,,,,,,,,,,,,,,,,,,,,,,,,,,–,,,,,,,,,,,,,,,,,,,,,,,,,,,
Square HSS,HSS5-1/2X5-1/2X.375,HSS5-1/2X5-1/2X3/8,0.349,24.93,6.88,–,–,–,–,–,–,–,–,–,–,–,–,–,–,–,–,–,–,–,–,12.8,12.8,–,29.7,10.8,2.08,–,13.1,–,29.7,10.8,2.08,–,13.1,–,–,–,–,–,–,–,–,3 13/16,3 13/16,49.0,18.4,–,–,–, 1.730 
Square HSS,HSS5-1/2X5-1/2X.313,HSS5-1/2X5-1/2X5/16,0.291,21.21,5.85,–,–,–,–,–,–,–,–,–,–,–,–,–,–,–,–,–,–,–,–,15.9,15.9,,25.9,9.43,2.11,–,11.3,–,25.9,9.43,2.11,–,11.3,–,–,–,–,–,–,–,–,4  1/8 ,4  1/8 ,42.2,15.7,–,–,–, 1.750 
Square HSS,HSS5-1/2X5-1/2X.250,HSS5-1/2X5-1/2X1/4,0.233,17.32,4.77,–,–,–,–,–,–,–,–,–,–,–,–,–,–,–,–,–,–,–,–,20.6,20.6,–,21.7,7.90,2.13,–,9.32,–,21.7,7.90,2.13,–,9.32,–,–,–,–,–,–,–,–,4  3/8 ,4  3/8 ,34.8,12.9,–,–,–, 1.770 
Square HSS,HSS5-1/2X5-1/2X.188,HSS5-1/2X5-1/2X3/16,0.174,13.25,3.63,–,–,–,–,–,–,–,–,–,–,–,–,–,–,–,–,–,–,–,–,28.6,28.6,–,17.0,6.17,2.16,–,7.19,–,17.0,6.17,2.16,–,7.19,–,–,–,–,–,–,–,–,4 11/16,4 11/16,26.7,9.85,–,–,–, 1.780 
Square HSS,HSS5-1/2X5-1/2X.125,HSS5-1/2X5-1/2X1/8,0.116,9.01,2.46,–,–,–,–,–,–,–,–,–,–,–,–,–,–,–,–,–,–,–,–,44.4,44.4,–,11.8,4.30,2.19,–,4.95,–,11.8,4.30,2.19,–,4.95,–,–,–,–,–,–,–,–,4 15/16,4 15/16,18.3,6.72,–,–,–, 1.800 
,,,,,,,,,,,,,,,,,,,,,,,,,,,,–,,,,,,,,,,,,,,,,,,,,,,,,,,,
Square HSS,HSS5X5X.500,HSS5X5X1/2,0.465,28.43,7.88,–,–,–,–,–,–,–,–,–,–,–,–,–,–,–,–,–,–,–,–,7.75,7.75,–,26.0,10.4,1.82,–,13.1,–,26.0,10.4,1.82,–,13.1,–,–,–,–,–,–,–,–,2  3/4 ,2  3/4 ,44.6,18.7,–,–,–, 1.530 
Square HSS,HSS5X5X.375,HSS5X5X3/8,0.349,22.37,6.18,–,–,–,–,–,–,–,–,–,–,–,–,–,–,–,–,–,–,–,–,11.3,11.3,–,21.7,8.68,1.87,–,10.6,–,21.7,8.68,1.87,–,10.6,–,–,–,–,–,–,–,–,3  5/16,3  5/16,36.1,14.9,–,–,–, 1.570 
Square HSS,HSS5X5X.313,HSS5X5X5/16,0.291,19.08,5.26,–,–,–,–,–,–,–,–,–,–,–,–,–,–,–,–,–,–,–,–,14.2,14.2,,19.0,7.62,1.90,–,9.16,–,19.0,7.62,1.90,–,9.16,–,–,–,–,–,–,–,–,3  5/8 ,3  5/8 ,31.2,12.8,–,–,–, 1.580 
Square HSS,HSS5X5X.250,HSS5X5X1/4,0.233,15.62,4.30,–,–,–,–,–,–,–,–,–,–,–,–,–,–,–,–,–,–,–,–,18.5,18.5,–,16.0,6.41,1.93,–,7.61,–,16.0,6.41,1.93,–,7.61,–,–,–,–,–,–,–,–,3  7/8 ,3  7/8 ,25.8,10.5,–,–,–, 1.600 
Square HSS,HSS5X5X.188,HSS5X5X3/16,0.174,11.97,3.28,–,–,–,–,–,–,–,–,–,–,–,–,–,–,–,–,–,–,–,–,25.7,25.7,–,12.6,5.03,1.96,–,5.89,–,12.6,5.03,1.96,–,5.89,–,–,–,–,–,–,–,–,4  3/16,4  3/16,19.9,8.08,–,–,–, 1.620 
Square HSS,HSS5X5X.125,HSS5X5X1/8,0.116,8.16,2.23,–,–,–,–,–,–,–,–,–,–,–,–,–,–,–,–,–,–,–,–,40.1,40.1,–,8.80,3.52,1.99,–,4.07,–,8.80,3.52,1.99,–,4.07,–,–,–,–,–,–,–,–,4  7/16,4  7/16,13.7,5.53,–,–,–, 1.630 
,,,,,,,,,,,,,,,,,,,,,,,,,,,,–,,,,,,,,,,,,,,,,,,,,,,,,,,,
Square HSS,HSS4-1/2X4-1/2X.500,HSS4-1/2X4-1/2X1/2,0.465,25.03,6.95,–,–,–,–,–,–,–,–,–,–,–,–,–,–,–,–,–,–,–,–,6.68,6.68,–,18.1,8.03,1.61,–,10.2,–,18.1,8.03,1.61,–,10.2,–,–,–,–,–,–,–,–,2  1/4 ,2  1/4 ,31.3,14.8,–,–,–, 1.370 
Square HSS,HSS4-1/2X4-1/2X.375,HSS4-1/2X4-1/2X3/8,0.349,19.82,5.48,–,–,–,–,–,–,–,–,–,–,–,–,–,–,–,–,–,–,–,–,9.89,9.89,–,15.3,6.79,1.67,–,8.36,–,15.3,6.79,1.67,–,8.36,–,–,–,–,–,–,–,–,2 13/16,2 13/16,25.7,11.9,–,–,–, 1.400 
Square HSS,HSS4-1/2X4-1/2X.313,HSS4-1/2X4-1/2X5/16,0.291,16.96,4.68,–,–,–,–,–,–,–,–,–,–,–,–,–,–,–,–,–,–,–,–,12.5,12.5,,13.5,6.00,1.70,–,7.27,–,13.5,6.00,1.70,–,7.27,–,–,–,–,–,–,–,–,3  1/8 ,3  1/8 ,22.3,10.2,–,–,–, 1.420 
Square HSS,HSS4-1/2X4-1/2X.250,HSS4-1/2X4-1/2X1/4,0.233,13.91,3.84,–,–,–,–,–,–,–,–,–,–,–,–,–,–,–,–,–,–,–,–,16.3,16.3,–,11.4,5.08,1.73,–,6.06,–,11.4,5.08,1.73,–,6.06,–,–,–,–,–,–,–,–,3  3/8 ,3  3/8 ,18.5,8.44,–,–,–, 1.430 
Square HSS,HSS4-1/2X4-1/2X.188,HSS4-1/2X4-1/2X3/16,0.174,10.70,2.93,–,–,–,–,–,–,–,–,–,–,–,–,–,–,–,–,–,–,–,–,22.9,22.9,–,9.02,4.01,1.75,–,4.71,–,9.02,4.01,1.75,–,4.71,–,–,–,–,–,–,–,–,3 11/16,3 11/16,14.4,6.49,–,–,–, 1.450 
Square HSS,HSS4-1/2X4-1/2X.125,HSS4-1/2X4-1/2X1/8,0.116,7.31,2.00,–,–,–,–,–,–,–,–,–,–,–,–,–,–,–,–,–,–,–,–,35.8,35.8,–,6.35,2.82,1.78,–,3.27,–,6.35,2.82,1.78,–,3.27,–,–,–,–,–,–,–,–,3 15/16,3 15/16,9.92,4.45,–,–,–, 1.470 
,,,,,,,,,,,,,,,,,,,,,,,,,,,,–,,,,,,,,,,,,,,,,,,,,,,,,,,,
Square HSS,HSS4X4X.500,HSS4X4X1/2,0.465,21.63,6.02,–,–,–,–,–,–,–,–,–,–,–,–,–,–,–,–,–,–,–,–,5.60,5.60,–,11.9,5.97,1.41,–,7.70,–,11.9,5.97,1.41,–,7.70,–,–,–,–,–,–,–,–,–,–,21.0,11.2,–,–,–, 1.200 
Square HSS,HSS4X4X.375,HSS4X4X3/8,0.349,17.27,4.78,–,–,–,–,–,–,–,–,–,–,–,–,–,–,–,–,–,–,–,–,8.46,8.46,–,10.3,5.13,1.47,–,6.39,–,10.3,5.13,1.47,–,6.39,–,–,–,–,–,–,–,–,2  5/16,2  5/16,17.5,9.14,–,–,–, 1.230 
Square HSS,HSS4X4X.313,HSS4X4X5/16,0.291,14.83,4.10,–,–,–,–,–,–,–,–,–,–,–,–,–,–,–,–,–,–,–,–,10.7,10.7,,9.14,4.57,1.49,–,5.59,–,9.14,4.57,1.49,–,5.59,–,–,–,–,–,–,–,–,2  5/8 ,2  5/8 ,15.3,7.91,–,–,–, 1.250 
Square HSS,HSS4X4X.250,HSS4X4X1/4,0.233,12.21,3.37,–,–,–,–,–,–,–,–,–,–,–,–,–,–,–,–,–,–,–,–,14.2,14.2,–,7.80,3.90,1.52,–,4.69,–,7.80,3.90,1.52,–,4.69,–,–,–,–,–,–,–,–,2  7/8 ,2  7/8 ,12.8,6.56,–,–,–, 1.270 
Square HSS,HSS4X4X.188,HSS4X4X3/16,0.174,9.42,2.58,–,–,–,–,–,–,–,–,–,–,–,–,–,–,–,–,–,–,–,–,20.0,20.0,–,6.21,3.10,1.55,–,3.67,–,6.21,3.10,1.55,–,3.67,–,–,–,–,–,–,–,–,3  3/16,3  3/16,10.0,5.07,–,–,–, 1.280 
Square HSS,HSS4X4X.125,HSS4X4X1/8,0.116,6.46,1.77,–,–,–,–,–,–,–,–,–,–,–,–,–,–,–,–,–,–,–,–,31.5,31.5,–,4.40,2.20,1.58,–,2.56,–,4.40,2.20,1.58,–,2.56,–,–,–,–,–,–,–,–,3  7/16,3  7/16,6.91,3.49,–,–,–, 1.300 
,,,,,,,,,,,,,,,,,,,,,,,,,,,,–,,,,,,,,,,,,,,,,,,,,,,,,,,,
Square HSS,HSS3-1/2X3-1/2X.375,HSS3-1/2X3-1/2X3/8,0.349,14.72,4.09,–,–,–,–,–,–,–,–,–,–,–,–,–,–,–,–,–,–,–,–,7.03,7.03,–,6.49,3.71,1.26,–,4.69,–,6.49,3.71,1.26,–,4.69,–,–,–,–,–,–,–,–,–,–,11.2,6.77,–,–,–, 1.070 
Square HSS,HSS3-1/2X3-1/2X.313,HSS3-1/2X3-1/2X5/16,0.291,12.70,3.52,–,–,–,–,–,–,–,–,–,–,–,–,–,–,–,–,–,–,–,–,9.03,9.03,,5.84,3.34,1.29,–,4.14,–,5.84,3.34,1.29,–,4.14,–,–,–,–,–,–,–,–,2  1/8 ,2  1/8 ,9.89,5.90,–,–,–, 1.080 
Square HSS,HSS3-1/2X3-1/2X.250,HSS3-1/2X3-1/2X1/4,0.233,10.51,2.91,–,–,–,–,–,–,–,–,–,–,–,–,–,–,–,–,–,–,–,–,12.0,12.0,–,5.04,2.88,1.32,–,3.50,–,5.04,2.88,1.32,–,3.50,–,–,–,–,–,–,–,–,2  3/8 ,2  3/8 ,8.35,4.92,–,–,–, 1.100 
Square HSS,HSS3-1/2X3-1/2X188,HSS3-1/2X3-1/2X3/16,0.174,8.15,2.24,–,–,–,–,–,–,–,–,–,–,–,–,–,–,–,–,–,–,–,–,17.1,17.1,–,4.05,2.31,1.35,–,2.76,–,4.05,2.31,1.35,–,2.76,–,–,–,–,–,–,–,–,2 11/16,2 11/16,6.56,3.83,–,–,–, 1.120 
Square HSS,HSS3-1/2X3-1/2X.125,HSS3-1/2X3-1/2X1/8,0.116,5.61,1.54,–,–,–,–,–,–,–,–,–,–,–,–,–,–,–,–,–,–,–,–,27.2,27.2,–,2.90,1.66,1.37,–,1.93,–,2.90,1.66,1.37,–,1.93,–,–,–,–,–,–,–,–,2 15/16,2 15/16,4.58,2.65,–,–,–, 1.130 
,,,,,,,,,,,,,,,,,,,,,,,,,,,,–,,,,,,,,,,,,,,,,,,,,,,,,,,,
Square HSS,HSS3X3X.375,HSS3X3X3/8,0.349,12.17,3.39,–,–,–,–,–,–,–,–,–,–,–,–,–,–,–,–,–,–,–,–,5.60,5.60,–,3.78,2.52,1.06,–,3.25,–,3.78,2.52,1.06,–,3.25,–,–,–,–,–,–,–,–,–,–,6.64,4.74,–,–,–, 0.900 
Square HSS,HSS3X3X.313,HSS3X3X5/16,0.291,10.58,2.94,–,–,–,–,–,–,–,–,–,–,–,–,–,–,–,–,–,–,–,–,7.31,7.31,,3.45,2.30,1.08,–,2.90,–,3.45,2.30,1.08,–,2.90,–,–,–,–,–,–,–,–,–,–,5.94,4.18,–,–,–, 0.917 
Square HSS,HSS3X3X.250,HSS3X3X1/4,0.233,8.81,2.44,–,–,–,–,–,–,–,–,–,–,–,–,–,–,–,–,–,–,–,–,9.88,9.88,–,3.02,2.01,1.11,–,2.48,–,3.02,2.01,1.11,–,2.48,–,–,–,–,–,–,–,–,–,–,5.08,3.52,–,–,–, 0.933 
Square HSS,HSS3X3X.188,HSS3X3X3/16,0.174,6.87,1.89,–,–,–,–,–,–,–,–,–,–,–,–,–,–,–,–,–,–,–,–,14.2,14.2,–,2.46,1.64,1.14,–,1.97,–,2.46,1.64,1.14,–,1.97,–,–,–,–,–,–,–,–,2  3/16,2  3/16,4.03,2.76,–,–,–, 0.950 
Square HSS,HSS3X3X.125,HSS3X3X1/8,0.116,4.75,1.30,–,–,–,–,–,–,–,–,–,–,–,–,–,–,–,–,–,–,–,–,22.9,22.9,–,1.78,1.19,1.17,–,1.40,–,1.78,1.19,1.17,–,1.40,–,–,–,–,–,–,–,–,2  7/16,2  7/16,2.84,1.92,–,–,–, 0.967 
,,,,,,,,,,,,,,,,,,,,,,,,,,,,–,,,,,,,,,,,,,,,,,,,,,,,,,,,
Square HSS,HSS2-1/2X2-1/2X.313,HSS2-1/2X2-1/2X5/16,0.291,8.45,2.35,–,–,–,–,–,–,–,–,–,–,–,–,–,–,–,–,–,–,–,–,5.59,5.59,,1.82,1.46,0.880,–,1.88,–,1.82,1.46,0.880,–,1.88,–,–,–,–,–,–,–,–,–,–,3.20,2.74,–,–,–, 0.750 
Square HSS,HSS2-1/2X2-1/2X.250,HSS2-1/2X2-1/2X1/4,0.233,7.11,1.97,–,–,–,–,–,–,–,–,–,–,–,–,–,–,–,–,–,–,–,–,7.73,7.73,–,1.63,1.30,0.908,–,1.63,–,1.63,1.30,0.908,–,1.63,–,–,–,–,–,–,–,–,–,–,2.79,2.35,–,–,–, 0.767 
Square HSS,HSS2-1/2X2-1/2X.188,HSS2-1/2X2-1/2X3/16,0.174,5.59,1.54,–,–,–,–,–,–,–,–,–,–,–,–,–,–,–,–,–,–,–,–,11.4,11.4,–,1.35,1.08,0.937,–,1.32,–,1.35,1.08,0.937,–,1.32,–,–,–,–,–,–,–,–,–,–,2.25,1.86,–,–,–, 0.784 
Square HSS,HSS2-1/2X2-1/2X.125,HSS2-1/2X2-1/2X1/8,0.116,3.90,1.07,–,–,–,–,–,–,–,–,–,–,–,–,–,–,–,–,–,–,–,–,18.6,18.6,–,0.998,0.799,0.965,–,0.947,–,0.998,0.799,0.965,–,0.947,–,–,–,–,–,–,–,–,–,–,1.61,1.31,–,–,–, 0.800 
,,,,,,,,,,,,,,,,,,,,,,,,,,,,,,,,,,,,,,,,,,,,,,,,,,,,,,,
Square HSS,HSS2-1/4X2-1/4X.250,HSS2-1/4X2-1/4X1/4,0.233,6.26,1.74,–,–,–,–,–,–,–,–,–,–,–,–,–,–,–,–,–,–,–,–,6.66,6.66,–,1.13,1.01,0.806,–,1.28,–,1.13,1.01,0.806,–,1.28,–,–,–,–,–,–,–,–,–,–,1.96,1.85,–,–,–, 0.683 
Square HSS,HSS2-1/4X2-1/4X.188,HSS2-1/4X2-1/4X3/16,0.174,4.96,1.37,–,–,–,–,–,–,–,–,–,–,–,–,–,–,–,–,–,–,–,–,9.93,9.93,–,0.953,0.847,0.835,–,1.04,–,0.953,0.847,0.835,–,1.04,–,–,–,–,–,–,–,–,–,–,1.60,1.48,–,–,–, 0.700 
Square HSS,HSS2-1/4X2-1/4X.125,HSS2-1/4X2-1/4X1/8,0.116,3.48,0.956,–,–,–,–,–,–,–,–,–,–,–,–,–,–,–,–,–,–,–,–,16.4,16.4,–,0.712,0.633,0.863,–,0.755,–,0.712,0.633,0.863,–,0.755,–,–,–,–,–,–,–,–,–,–,1.15,1.05,–,–,–, 0.717 
,,,,,,,,,,,,,,,,,,,,,,,,,,,,,,,,,,,,,,,,,,,,,,,,,,,,,,,
Square HSS,HSS2X2X.250,HSS2X2X1/4,0.233,5.41,1.51,–,–,–,–,–,–,–,–,–,–,–,–,–,–,–,–,–,–,–,–,5.58,5.58,,0.747,0.747,0.704,–,0.964,–,0.747,0.747,0.704,–,0.964,–,–,–,–,–,–,–,–,–,–,1.31,1.41,–,–,–, 0.600 
Square HSS,HSS2X2X.188,HSS2X2X3/16,0.174,4.32,1.19,–,–,–,–,–,–,–,–,–,–,–,–,–,–,–,–,–,–,–,–,8.49,8.49,,0.641,0.641,0.733,–,0.797,–,0.641,0.641,0.733,–,0.797,–,–,–,–,–,–,–,–,–,–,1.09,1.14,–,–,–, 0.617 
Square HSS,HSS2X2X.125,HSS2X2X1/8,0.116,3.05,0.840,–,–,–,–,–,–,–,–,–,–,–,–,–,–,–,–,–,–,–,–,14.2,14.2,,0.486,0.486,0.761,–,0.584,–,0.486,0.486,0.761,–,0.584,–,–,–,–,–,–,–,–,–,–,0.796,0.817,–,–,–, 0.633 
,,,,,,,,,,,,,,,,,,,,,,,,,,,,,,,,,,,,,,,,,,,,,,,,,,,,,,,
Round HSS,HSS20X.500,HSS20.000X0.500,0.465,104.00,28.5,–,–,–,–,–,–,–,–,–,–,–,–,–,–,–,–,–,–,–,43.0,–,–,43.0,1360,136,6.91,–,177,–,1360,136,6.91,–,177,–,–,–,–,–,–,–,–,,,2720,272,–,–,–,
Round HSS,HSS20X.375,HSS20.000X0.375,0.349,78.67,21.5,–,–,–,–,–,–,–,–,–,–,–,–,–,–,–,–,–,–,–,57.3,–,–,57.3,1040,104,6.95,–,135,–,1040,104,6.95,–,135,–,–,–,–,–,–,–,–,,,2080,208,–,–,–,
,,,,,,,,,,,,,,,,,,,,,,,,,,,,,,,,,,,,,,,,,,,,,,,,,,,,,,,
Round HSS,HSS18X.500,HSS18.000X0.500,0.465,93.54,25.6,–,–,–,–,–,–,–,–,–,–,–,–,–,–,–,–,–,–,–,38.7,–,–,38.7,985,109,6.20,–,143,–,985,109,6.20,–,143,–,–,–,–,–,–,–,–,,,1970,219,–,–,–,
Round HSS,HSS18X.375,HSS18.000X0.375,0.349,70.66,19.4,–,–,–,–,–,–,–,–,–,–,–,–,–,–,–,–,–,–,–,51.6,–,–,51.6,754,83.8,6.24,–,109,–,754,83.8,6.24,–,109,–,–,–,–,–,–,–,–,,,1510,168,–,–,–,
,,,,,,,,,,,,,,,,,,,,,,,,,,,,,,,,,,,,,,,,,,,,,,,,,,,,,,,
Round HSS,HSS16X.625,HSS16.000X0.625,0.581,103.00,28.1,–,–,–,–,–,–,–,–,–,–,–,–,–,–,–,–,–,–,–,27.5,–,–,27.5,838,105,5.46,–,138,–,838,105,5.46,–,138,–,–,–,–,–,–,–,–,,,1680,209,–,–,–,
Round HSS,HSS16X.500,HSS16.000X0.500,0.465,82.85,22.7,–,–,–,–,–,–,–,–,–,–,–,–,–,–,–,–,–,–,–,34.4,–,–,34.4,685,85.7,5.49,–,112,–,685,85.7,5.49,–,112,–,–,–,–,–,–,–,–,,,1370,171,–,–,–,
Round HSS,HSS16X.438,HSS16.000X0.438,0.407,72.87,19.9,–,–,–,–,–,–,–,–,–,–,–,–,–,–,–,–,–,–,–,39.3,–,–,39.3,606,75.8,5.51,–,99.0,–,606,75.8,5.51,–,99.0,–,–,–,–,–,–,–,–,,,1210,152,–,–,–,
Round HSS,HSS16X.375,HSS16.000X0.375,0.349,62.64,17.2,–,–,–,–,–,–,–,–,–,–,–,–,–,–,–,–,–,–,–,45.8,–,–,45.8,526,65.7,5.53,–,85.5,–,526,65.7,5.53,–,85.5,–,–,–,–,–,–,–,–,,,1050,131,–,–,–,
Round HSS,HSS16X.312,HSS16.000X0.312,0.291,52.32,14.4,–,–,–,–,–,–,–,–,–,–,–,–,–,–,–,–,–,–,–,55.0,–,–,55.0,443,55.4,5.55,–,71.8,–,443,55.4,5.55,–,71.8,–,–,–,–,–,–,–,–,,,886,111,–,–,–,
Round HSS,HSS16X.250,HSS16.000X0.250,0.233,42.09,11.5,–,–,–,–,–,–,–,–,–,–,–,–,–,–,–,–,–,–,–,68.7,–,–,68.7,359,44.8,5.58,–,57.9,–,359,44.8,5.58,–,57.9,–,–,–,–,–,–,–,–,,,717,89.7,–,–,–,
,,,,,,,,,,,,,,,,,,,,,,,,,,,,,,,,,,,,,,,,,,,,,,,,,,,,,,,
Round HSS,HSS14X.625,HSS14.000X0.625,0.581,89.36,24.5,–,–,–,–,–,–,–,–,–,–,–,–,–,–,–,–,–,–,–,24.1,–,–,24.1,552,78.9,4.75,–,105,–,552,78.9,4.75,–,105,–,–,–,–,–,–,–,–,,,1100,158,–,–,–,
Round HSS,HSS14X.500,HSS14.000X0.500,0.465,72.16,19.8,–,–,–,–,–,–,–,–,–,–,–,–,–,–,–,–,–,–,–,30.1,–,–,30.1,453,64.8,4.79,–,85.2,–,453,64.8,4.79,–,85.2,–,–,–,–,–,–,–,–,,,907,130,–,–,–,
Round HSS,HSS14X.375,HSS14.000X0.375,0.349,54.62,15.0,–,–,–,–,–,–,–,–,–,–,–,–,–,–,–,–,–,–,–,40.1,–,–,40.1,349,49.8,4.83,–,65.1,–,349,49.8,4.83,–,65.1,–,–,–,–,–,–,–,–,,,698,100,–,–,–,
Round HSS,HSS14X.312,HSS14.000X0.312,0.291,45.65,12.5,–,–,–,–,–,–,–,–,–,–,–,–,–,–,–,–,–,–,–,48.1,–,–,48.1,295,42.1,4.85,–,54.7,–,295,42.1,4.85,–,54.7,–,–,–,–,–,–,–,–,,,589,84.2,–,–,–,
Round HSS,HSS14X.250,HSS14.000X0.250,0.233,36.75,10.1,–,–,–,–,–,–,–,–,–,–,–,–,–,–,–,–,–,–,–,60.1,–,–,60.1,239,34.1,4.87,–,44.2,–,239,34.1,4.87,–,44.2,–,–,–,–,–,–,–,–,,,478,68.2,–,–,–,
,,,,,,,,,,,,,,,,,,,,,,,,,,,,,,,,,,,,,,,,,,,,,,,,,,,,,,,
Round HSS,HSS12.75X.500,HSS12.750X0.500,0.465,65.48,17.9,–,–,–,–,–,–,–,–,–,–,–,–,–,–,–,–,–,–,–,27.4,–,–,27.4,339,53.2,4.35,–,70.2,–,339,53.2,4.35,–,70.2,–,–,–,–,–,–,–,–,,,678,106,–,–,–,
Round HSS,HSS12.75X.375,HSS12.750X0.375,0.349,49.61,13.6,–,–,–,–,–,–,–,–,–,–,–,–,–,–,–,–,–,–,–,36.5,–,–,36.5,262,41.0,4.39,–,53.7,–,262,41.0,4.39,–,53.7,–,–,–,–,–,–,–,–,,,523,82.1,–,–,–,
Round HSS,HSS12.75X.250,HSS12.750X0.250,0.233,33.41,9.16,–,–,–,–,–,–,–,–,–,–,–,–,–,–,–,–,–,–,–,54.7,–,–,54.7,180,28.2,4.43,–,36.5,–,180,28.2,4.43,–,36.5,–,–,–,–,–,–,–,–,,,359,56.3,–,–,–,
,,,,,,,,,,,,,,,,,,,,,,,,,,,,,,,,,,,,,,,,,,,,,,,,,,,,,,,
Round HSS,HSS10.75X.500,HSS10.750X0.500,0.465,54.79,15.0,–,–,–,–,–,–,–,–,–,–,–,–,–,–,–,–,–,–,–,23.1,–,–,23.1,199,37.0,3.64,–,49.2,–,199,37.0,3.64,–,49.2,–,–,–,–,–,–,–,–,,,398,74.1,–,–,–,
Round HSS,HSS10.75X.375,HSS10.750X0.375,0.349,41.59,11.4,–,–,–,–,–,–,–,–,–,–,–,–,–,–,–,–,–,–,–,30.8,–,–,30.8,154,28.7,3.68,–,37.8,–,154,28.7,3.68,–,37.8,–,–,–,–,–,–,–,–,,,309,57.4,–,–,–,
Round HSS,HSS10.75X.250,HSS10.750X0.250,0.233,28.06,7.70,–,–,–,–,–,–,–,–,–,–,–,–,–,–,–,–,–,–,–,46.1,–,–,46.1,106,19.8,3.72,–,25.8,–,106,19.8,3.72,–,25.8,–,–,–,–,–,–,–,–,,,213,39.6,–,–,–,
,,,,,,,,,,,,,,,,,,,,,,,,,,,,,,,,,,,,,,,,,,,,,,,,,,,,,,,
Round HSS,HSS10X.625,HSS10.000X0.625,0.581,62.64,17.2,–,–,–,–,–,–,–,–,–,–,–,–,–,–,–,–,–,–,–,17.2,–,–,17.2,191,38.3,3.34,–,51.6,–,191,38.3,3.34,–,51.6,–,–,–,–,–,–,–,–,,,383,76.6,–,–,–,
Round HSS,HSS10X.500,HSS10.000X0.500,0.465,50.78,13.9,–,–,–,–,–,–,–,–,–,–,–,–,–,–,–,–,–,–,–,21.5,–,–,21.5,159,31.7,3.38,–,42.3,–,159,31.7,3.38,–,42.3,–,–,–,–,–,–,–,–,,,317,63.5,–,–,–,
Round HSS,HSS10X.375,HSS10.000X0.375,0.349,38.58,10.6,–,–,–,–,–,–,–,–,–,–,–,–,–,–,–,–,–,–,–,28.7,–,–,28.7,123,24.7,3.41,–,32.5,–,123,24.7,3.41,–,32.5,–,–,–,–,–,–,–,–,,,247,49.3,–,–,–,
Round HSS,HSS10X.312,HSS10.000X0.312,0.291,32.31,8.88,–,–,–,–,–,–,–,–,–,–,–,–,–,–,–,–,–,–,–,34.4,–,–,34.4,105,20.9,3.43,–,27.4,–,105,20.9,3.43,–,27.4,–,–,–,–,–,–,–,–,,,209,41.9,–,–,–,
Round HSS,HSS10X.250,HSS10.000X0.250,0.233,26.06,7.15,–,–,–,–,–,–,–,–,–,–,–,–,–,–,–,–,–,–,–,42.9,–,–,42.9,85.3,17.1,3.45,–,22.2,–,85.3,17.1,3.45,–,22.2,–,–,–,–,–,–,–,–,,,171,34.1,–,–,–,
Round HSS,HSS10X.188,HSS10.000X0.188,0.174,19.72,5.37,–,–,–,–,–,–,–,–,–,–,–,–,–,–,–,–,–,–,–,57.5,–,–,57.5,64.8,13.0,3.47,–,16.8,–,64.8,13.0,3.47,–,16.8,–,–,–,–,–,–,–,–,,,130,25.9,–,–,–,
,,,,,,,,,,,,,,,,,,,,,,,,,,,,,,,,,,,,,,,,,,,,,,,,,,,,,,,
Round HSS,HSS9.625X.500,HSS9.625X0.500,0.465,48.77,13.4,–,–,–,–,–,–,–,–,–,–,–,–,–,–,–,–,–,–,–,20.7,–,–,20.7,141,29.2,3.24,–,39.0,–,141,29.2,3.24,–,39.0,–,–,–,–,–,–,–,–,,,281,58.5,–,–,–,
Round HSS,HSS9.625X.375,HSS9.625X0.375,0.349,37.08,10.2,–,–,–,–,–,–,–,–,–,–,–,–,–,–,–,–,–,–,–,27.6,–,–,27.6,110,22.8,3.28,–,30.0,–,110,22.8,3.28,–,30.0,–,–,–,–,–,–,–,–,,,219,45.5,–,–,–,
Round HSS,HSS9.625X.312,HSS9.625X0.312,0.291,31.06,8.53,–,–,–,–,–,–,–,–,–,–,–,–,–,–,–,–,–,–,–,33.1,–,–,33.1,93.0,19.3,3.30,–,25.4,–,93.0,19.3,3.30,–,25.4,–,–,–,–,–,–,–,–,,,186,38.7,–,–,–,
Round HSS,HSS9.625X.250,HSS9.625X0.250,0.233,25.06,6.87,–,–,–,–,–,–,–,–,–,–,–,–,–,–,–,–,–,–,–,41.3,–,–,41.3,75.9,15.8,3.32,–,20.6,–,75.9,15.8,3.32,–,20.6,–,–,–,–,–,–,–,–,,,152,31.5,–,–,–,
Round HSS,HSS9.625X.188,HSS9.625X0.188,0.174,18.97,5.17,–,–,–,–,–,–,–,–,–,–,–,–,–,–,–,–,–,–,–,55.3,–,–,55.3,57.7,12.0,3.34,–,15.5,–,57.7,12.0,3.34,–,15.5,–,–,–,–,–,–,–,–,,,115,24.0,–,–,–,
,,,,,,,,,,,,,,,,,,,,,,,,,,,,,,,,,,,,,,,,,,,,,,,,,,,,,,,
Round HSS,HSS8.625X.625,HSS8.625X0.625,0.581,53.45,14.7,–,–,–,–,–,–,–,–,–,–,–,–,–,–,–,–,–,–,–,14.8,–,–,14.8,119,27.7,2.85,–,37.7,–,119,27.7,2.85,–,37.7,–,–,–,–,–,–,–,–,,,239,55.4,–,–,–,
Round HSS,HSS8.625X.500,HSS8.625X0.500,0.465,43.43,11.9,–,–,–,–,–,–,–,–,–,–,–,–,–,–,–,–,–,–,–,18.5,–,–,18.5,100,23.1,2.89,–,31.0,–,100,23.1,2.89,–,31.0,–,–,–,–,–,–,–,–,,,199,46.2,–,–,–,
Round HSS,HSS8.625X.375,HSS8.625X0.375,0.349,33.07,9.07,–,–,–,–,–,–,–,–,–,–,–,–,–,–,–,–,–,–,–,24.7,–,–,24.7,77.8,18.0,2.93,–,23.9,–,77.8,18.0,2.93,–,23.9,–,–,–,–,–,–,–,–,,,156,36.1,–,–,–,
Round HSS,HSS8.625X.322,HSS8.625X0.322,0.300,28.58,7.85,–,–,–,–,–,–,–,–,–,–,–,–,–,–,–,–,–,–,–,28.8,–,–,28.8,68.1,15.8,2.95,–,20.8,–,68.1,15.8,2.95,–,20.8,–,–,–,–,–,–,–,–,,,136,31.6,–,–,–,
Round HSS,HSS8.625X.250,HSS8.625X0.250,0.233,22.38,6.14,–,–,–,–,–,–,–,–,–,–,–,–,–,–,–,–,–,–,–,37.0,–,–,37.0,54.1,12.5,2.97,–,16.4,–,54.1,12.5,2.97,–,16.4,–,–,–,–,–,–,–,–,,,108,25.1,–,–,–,
Round HSS,HSS8.625X.188,HSS8.625X0.188,0.174,16.96,4.62,–,–,–,–,–,–,–,–,–,–,–,–,–,–,–,–,–,–,–,49.6,–,–,49.6,41.3,9.57,2.99,–,12.4,–,41.3,9.57,2.99,–,12.4,–,–,–,–,–,–,–,–,,,82.5,19.1,–,–,–,
,,,,,,,,,,,,,,,,,,,,,,,,,,,,,,,,,,,,,,,,,,,,,,,,,,,,,,,
Round HSS,HSS7.625X.375,HSS7.625X.375,0.349,29.06,7.98,,,,,,,,,,,,,,,,,,,,7.98,,,7.98,52.900,13.900,2.580,,18.500,,52.900,13.900,2.580,,18.500,,,,,,,,,,,106,27.8,,,,
Round HSS,HSS7.625X.328,HSS7.625X.328,0.05,25.59,7.01,,,,,,,,,,,,,,,,,,,,7.01,,,7.01,47.100,12.300,2.590,,16.400,,47.100,12.300,2.590,,16.400,,,,,,,,,,,94.1,24.7,,,,
,,,,,,,,,,,,,,,,,,,,,,,,,,,,,,,,,,,,,,,,,,,,,,,,,,,,,,,
Round HSS,HSS7.5X.500,HSS7.500X0.500,0.465,37.42,10.3,–,–,–,–,–,–,–,–,–,–,–,–,–,–,–,–,–,–,–,16.1,–,–,16.1,63.9,17.0,2.49,–,23.0,–,63.9,17.0,2.49,–,23.0,–,–,–,–,–,–,–,–,,,128,34.1,–,–,–,
Round HSS,HSS7.5X.375,HSS7.500X0.375,0.349,28.56,7.84,–,–,–,–,–,–,–,–,–,–,–,–,–,–,–,–,–,–,–,21.5,–,–,21.5,50.2,13.4,2.53,–,17.9,–,50.2,13.4,2.53,–,17.9,–,–,–,–,–,–,–,–,,,100,26.8,–,–,–,
Round HSS,HSS7.5X.312,HSS7.500X0.312,0.291,23.97,6.59,–,–,–,–,–,–,–,–,–,–,–,–,–,–,–,–,–,–,–,25.8,–,–,25.8,42.9,11.4,2.55,–,15.1,–,42.9,11.4,2.55,–,15.1,–,–,–,–,–,–,–,–,,,85.8,22.9,–,–,–,
Round HSS,HSS7.5X.250,HSS7.500X0.250,0.233,19.38,5.32,–,–,–,–,–,–,–,–,–,–,–,–,–,–,–,–,–,–,–,32.2,–,–,32.2,35.2,9.37,2.57,–,12.3,–,35.2,9.37,2.57,–,12.3,–,–,–,–,–,–,–,–,,,70.3,18.7,–,–,–,
Round HSS,HSS7.5X.188,HSS7.500X0.188,0.174,14.70,4.00,–,–,–,–,–,–,–,–,–,–,–,–,–,–,–,–,–,–,–,43.1,–,–,43.1,26.9,7.17,2.59,–,9.34,–,26.9,7.17,2.59,–,9.34,–,–,–,–,–,–,–,–,,,53.8,14.3,–,–,–,
,,,,,,,,,,,,,,,,,,,,,,,,,,,,,,,,,,,,,,,,,,,,,,,,,,,,,,,
Round HSS,HSS7X.500,HSS7.000X0.500,0.465,34.74,9.55,–,–,–,–,–,–,–,–,–,–,–,–,–,–,–,–,–,–,–,15.1,–,–,15.1,51.2,14.6,2.32,–,19.9,–,51.2,14.6,2.32,–,19.9,–,–,–,–,–,–,–,–,,,102,29.3,–,–,–,
Round HSS,HSS7X.375,HSS7.000X0.375,0.349,26.56,7.29,–,–,–,–,–,–,–,–,–,–,–,–,–,–,–,–,–,–,–,20.1,–,–,20.1,40.4,11.6,2.35,–,15.5,–,40.4,11.6,2.35,–,15.5,–,–,–,–,–,–,–,–,,,80.9,23.1,–,–,–,
Round HSS,HSS7X.312,HSS7.000X0.312,0.291,22.31,6.13,–,–,–,–,–,–,–,–,–,–,–,–,–,–,–,–,–,–,–,24.1,–,–,24.1,34.6,9.88,2.37,–,13.1,–,34.6,9.88,2.37,–,13.1,–,–,–,–,–,–,–,–,,,69.1,19.8,–,–,–,
Round HSS,HSS7X.250,HSS7.000X0.250,0.233,18.04,4.95,–,–,–,–,–,–,–,–,–,–,–,–,–,–,–,–,–,–,–,30.0,–,–,30.0,28.4,8.11,2.39,–,10.7,–,28.4,8.11,2.39,–,10.7,–,–,–,–,–,–,–,–,,,56.8,16.2,–,–,–,
Round HSS,HSS7X.188,HSS7.000X0.188,0.174,13.69,3.73,–,–,–,–,–,–,–,–,–,–,–,–,–,–,–,–,–,–,–,40.2,–,–,40.2,21.7,6.21,2.41,–,8.11,–,21.7,6.21,2.41,–,8.11,–,–,–,–,–,–,–,–,,,43.5,12.4,–,–,–,
Round HSS,HSS7X.125,HSS7.000X0.125,0.116,9.19,2.51,–,–,–,–,–,–,–,–,–,–,–,–,–,–,–,–,–,–,–,60.3,–,–,60.3,14.9,4.25,2.43,–,5.50,–,14.9,4.25,2.43,–,5.50,–,–,–,–,–,–,–,–,,,29.7,8.49,–,–,–,
,,,,,,,,,,,,,,,,,,,,,,,,,,,,,,,,,,,,,,,,,,,,,,,,,,,,,,,
Round HSS,HSS6.875X.375,HSS6.875X0.375,0.349,26.06,7.16,–,–,–,–,–,–,–,–,–,–,–,–,–,–,–,–,–,–,–,19.7,–,–,19.7,38.2,11.1,2.31,–,14.9,–,38.2,11.1,2.31,–,14.9,–,–,–,–,–,–,–,–,,,76.4,22.2,–,–,–,
Round HSS,HSS6.875X.312,HSS6.875X0.312,0.291,21.89,6.02,–,–,–,–,–,–,–,–,–,–,–,–,–,–,–,–,–,–,–,23.6,–,–,23.6,32.7,9.51,2.33,–,12.6,–,32.7,9.51,2.33,–,12.6,–,–,–,–,–,–,–,–,,,65.4,19.0,–,–,–,
Round HSS,HSS6.875X.250,HSS6.875X0.250,0.233,17.71,4.86,–,–,–,–,–,–,–,–,–,–,–,–,–,–,–,–,–,–,–,29.5,–,–,29.5,26.8,7.81,2.35,–,10.3,–,26.8,7.81,2.35,–,10.3,–,–,–,–,–,–,–,–,,,53.7,15.6,–,–,–,
Round HSS,HSS6.875X.188,HSS6.875X0.188,0.174,13.44,3.66,–,–,–,–,–,–,–,–,–,–,–,–,–,–,–,–,–,–,–,39.5,–,–,39.5,20.6,5.99,2.37,–,7.81,–,20.6,5.99,2.37,–,7.81,–,–,–,–,–,–,–,–,,,41.1,12.0,–,–,–,
,,,,,,,,,,,,,,,,,,,,,,,,,,,,,,,,,,,,,,,,,,,,,,,,,,,,,,,
Round HSS,HSS6.625X.500,HSS6.625X0.500,0.465,32.74,9.00,–,–,–,–,–,–,–,–,–,–,–,–,–,–,–,–,–,–,–,14.2,–,–,14.2,42.9,13.0,2.18,–,17.7,–,42.9,13.0,2.18,–,17.7,–,–,–,–,–,–,–,–,,,85.9,25.9,–,–,–,
Round HSS,HSS6.625X.432,HSS6.625X0.432,0.402,28.60,7.86,–,–,–,–,–,–,–,–,–,–,–,–,–,–,–,–,–,–,–,16.5,–,–,16.5,38.2,11.5,2.20,–,15.6,–,38.2,11.5,2.20,–,15.6,–,–,–,–,–,–,–,–,,,76.4,23.1,–,–,–,
Round HSS,HSS6.625X.375,HSS6.625X0.375,0.349,25.06,6.88,–,–,–,–,–,–,–,–,–,–,–,–,–,–,–,–,–,–,–,19.0,–,–,19.0,34.0,10.3,2.22,–,13.8,–,34.0,10.3,2.22,–,13.8,–,–,–,–,–,–,–,–,,,68.0,20.5,–,–,–,
Round HSS,HSS6.625X.312,HSS6.625X0.312,0.291,21.06,5.79,–,–,–,–,–,–,–,–,–,–,–,–,–,–,–,–,–,–,–,22.8,–,–,22.8,29.1,8.79,2.24,–,11.7,–,29.1,8.79,2.24,–,11.7,–,–,–,–,–,–,–,–,,,58.2,17.6,–,–,–,
Round HSS,HSS6.625X.280,HSS6.625X0.280,0.260,18.99,5.20,–,–,–,–,–,–,–,–,–,–,–,–,–,–,–,–,–,–,–,25.5,–,–,25.5,26.4,7.96,2.25,–,10.5,–,26.4,7.96,2.25,–,10.5,–,–,–,–,–,–,–,–,,,52.7,15.9,–,–,–,
Round HSS,HSS6.625X.250,HSS6.625X0.250,0.233,17.04,4.68,–,–,–,–,–,–,–,–,–,–,–,–,–,–,–,–,–,–,–,28.4,–,–,28.4,23.9,7.22,2.26,–,9.52,–,23.9,7.22,2.26,–,9.52,–,–,–,–,–,–,–,–,,,47.9,14.4,–,–,–,
Round HSS,HSS6.625X.188,HSS6.625X0.188,0.174,12.94,3.53,–,–,–,–,–,–,–,–,–,–,–,–,–,–,–,–,–,–,–,38.1,–,–,38.1,18.4,5.54,2.28,–,7.24,–,18.4,5.54,2.28,–,7.24,–,–,–,–,–,–,–,–,,,36.7,11.1,–,–,–,
Round HSS,HSS6.625X.125,HSS6.625X0.125,0.116,8.69,2.37,–,–,–,–,–,–,–,–,–,–,–,–,–,–,–,–,–,–,–,57.1,–,–,57.1,12.6,3.79,2.30,–,4.92,–,12.6,3.79,2.30,–,4.92,–,–,–,–,–,–,–,–,,,25.1,7.59,–,–,–,
,,,,,,,,,,,,,,,,,,,,,,,,,,,,,,,,,,,,,,,,,,,,,,,,,,,,,,,
Round HSS,HSS6X.500,HSS6.000X0.500,0.465,29.40,8.09,–,–,–,–,–,–,–,–,–,–,–,–,–,–,–,–,–,–,–,12.9,–,–,12.9,31.2,10.4,1.96,–,14.3,–,31.2,10.4,1.96,–,14.3,–,–,–,–,–,–,–,–,,,62.4,20.8,–,–,–,
Round HSS,HSS6X.375,HSS6.000X0.375,0.349,22.55,6.20,–,–,–,–,–,–,–,–,–,–,–,–,–,–,–,–,–,–,–,17.2,–,–,17.2,24.8,8.28,2.00,–,11.2,–,24.8,8.28,2.00,–,11.2,–,–,–,–,–,–,–,–,,,49.7,16.6,–,–,–,
Round HSS,HSS6X.312,HSS6.000X0.312,0.291,18.97,5.22,–,–,–,–,–,–,–,–,–,–,–,–,–,–,–,–,–,–,–,20.6,–,–,20.6,21.3,7.11,2.02,–,9.49,–,21.3,7.11,2.02,–,9.49,–,–,–,–,–,–,–,–,,,42.6,14.2,–,–,–,
Round HSS,HSS6X.280,HSS6.000X0.280,0.260,17.12,4.69,–,–,–,–,–,–,–,–,–,–,–,–,–,–,–,–,–,–,–,23.1,–,–,23.1,19.3,6.45,2.03,–,8.57,–,19.3,6.45,2.03,–,8.57,–,–,–,–,–,–,–,–,,,38.7,12.9,–,–,–,
Round HSS,HSS6X.250,HSS6.000X0.250,0.233,15.37,4.22,–,–,–,–,–,–,–,–,–,–,–,–,–,–,–,–,–,–,–,25.8,–,–,25.8,17.6,5.86,2.04,–,7.75,–,17.6,5.86,2.04,–,7.75,–,–,–,–,–,–,–,–,,,35.2,11.7,–,–,–,
Round HSS,HSS6X.188,HSS6.000X0.188,0.174,11.68,3.18,–,–,–,–,–,–,–,–,–,–,–,–,–,–,–,–,–,–,–,34.5,–,–,34.5,13.5,4.51,2.06,–,5.91,–,13.5,4.51,2.06,–,5.91,–,–,–,–,–,–,–,–,,,27.0,9.02,–,–,–,
Round HSS,HSS6X.125,HSS6.000X0.125,0.116,7.85,2.14,–,–,–,–,–,–,–,–,–,–,–,–,–,–,–,–,–,–,–,51.7,–,–,51.7,9.28,3.09,2.08,–,4.02,–,9.28,3.09,2.08,–,4.02,–,–,–,–,–,–,–,–,,,18.6,6.19,–,–,–,
,,,,,,,,,,,,,,,,,,,,,,,,,,,,,,,,,,,,,,,,,,,,,,,,,,,,,,,
Round HSS,HSS5.563X.500,HSS5.563X0.500,0.465,27.06,7.45,–,–,–,–,–,–,–,–,–,–,–,–,–,–,–,–,–,–,–,12.0,–,–,12.0,24.4,8.77,1.81,–,12.1,–,24.4,8.77,1.81,–,12.1,–,–,–,–,–,–,–,–,,,48.8,17.5,–,–,–,
Round HSS,HSS5.563X.375,HSS5.563X0.375,0.349,20.80,5.72,–,–,–,–,–,–,–,–,–,–,–,–,–,–,–,–,–,–,–,15.9,–,–,15.9,19.5,7.02,1.85,–,9.50,–,19.5,7.02,1.85,–,9.50,–,–,–,–,–,–,–,–,,,39.0,14.0,–,–,–,
Round HSS,HSS5.563X.258,HSS5.563X0.258,0.240,14.63,4.01,–,–,–,–,–,–,–,–,–,–,–,–,–,–,–,–,–,–,–,23.2,–,–,23.2,14.2,5.12,1.88,–,6.80,–,14.2,5.12,1.88,–,6.80,–,–,–,–,–,–,–,–,,,28.5,10.2,–,–,–,
Round HSS,HSS5.563X.188,HSS5.563X0.188,0.174,10.80,2.95,–,–,–,–,–,–,–,–,–,–,–,–,–,–,–,–,–,–,–,32.0,–,–,32.0,10.7,3.85,1.91,–,5.05,–,10.7,3.85,1.91,–,5.05,–,–,–,–,–,–,–,–,,,21.4,7.70,–,–,–,
Round HSS,HSS5.563X.134,HSS5.563X0.134,0.124,7.78,2.12,–,–,–,–,–,–,–,–,–,–,–,–,–,–,–,–,–,–,–,44.9,–,–,44.9,7.84,2.82,1.92,–,3.67,–,7.84,2.82,1.92,–,3.67,–,–,–,–,–,–,–,–,,,15.7,5.64,–,–,–,
,,,,,,,,,,,,,,,,,,,,,,,,,,,,,,,,,,,,,,,,,,,,,,,,,,,,,,,
Round HSS,HSS5.5X.500,HSS5.500X0.500,0.465,26.73,7.36,–,–,–,–,–,–,–,–,–,–,–,–,–,–,–,–,–,–,–,11.8,–,–,11.8,23.5,8.55,1.79,–,11.8,–,23.5,8.55,1.79,–,11.8,–,–,–,–,–,–,–,–,,,47.0,17.1,–,–,–,
Round HSS,HSS5.5X.375,HSS5.500X0.375,0.349,20.55,5.65,–,–,–,–,–,–,–,–,–,–,–,–,–,–,–,–,–,–,–,15.8,–,–,15.8,18.8,6.84,1.83,–,9.27,–,18.8,6.84,1.83,–,9.27,–,–,–,–,–,–,–,–,,,37.6,13.7,–,–,–,
Round HSS,HSS5.5X.258,HSS5.500X0.258,0.240,14.46,3.97,–,–,–,–,–,–,–,–,–,–,–,–,–,–,–,–,–,–,–,22.9,–,–,22.9,13.7,5.00,1.86,–,6.64,–,13.7,5.00,1.86,–,6.64,–,–,–,–,–,–,–,–,,,27.5,10.0,–,–,–,
,,,,,,,,,,,,,,,,,,,,,,,,,,,,,,,,,,,,,,,,,,,,,,,,,,,,,,,
Round HSS,HSS5X.500,HSS5.000X0.500,0.465,24.05,6.62,–,–,–,–,–,–,–,–,–,–,–,–,–,–,–,–,–,–,–,10.8,–,–,10.8,17.2,6.88,1.61,–,9.60,–,17.2,6.88,1.61,–,9.60,–,–,–,–,–,–,–,–,,,34.4,13.8,–,–,–,
Round HSS,HSS5X.375,HSS5.000X0.375,0.349,18.54,5.10,–,–,–,–,–,–,–,–,–,–,–,–,–,–,–,–,–,–,–,14.3,–,–,14.3,13.9,5.55,1.65,–,7.56,–,13.9,5.55,1.65,–,7.56,–,–,–,–,–,–,–,–,,,27.7,11.1,–,–,–,
Round HSS,HSS5X.312,HSS5.000X0.312,0.291,15.64,4.30,–,–,–,–,–,–,–,–,–,–,–,–,–,–,–,–,–,–,–,17.2,–,–,17.2,12.0,4.79,1.67,–,6.46,–,12.0,4.79,1.67,–,6.46,–,–,–,–,–,–,–,–,,,24.0,9.58,–,–,–,
Round HSS,HSS5X.258,HSS5.000X0.258,0.240,13.08,3.59,–,–,–,–,–,–,–,–,–,–,–,–,–,–,–,–,–,–,–,20.8,–,–,20.8,10.2,4.08,1.69,–,5.44,–,10.2,4.08,1.69,–,5.44,–,–,–,–,–,–,–,–,,,20.4,8.15,–,–,–,
Round HSS,HSS5X.250,HSS5.000X0.250,0.233,12.69,3.49,–,–,–,–,–,–,–,–,–,–,–,–,–,–,–,–,–,–,–,21.5,–,–,21.5,9.94,3.97,1.69,–,5.30,–,9.94,3.97,1.69,–,5.30,–,–,–,–,–,–,–,–,,,19.9,7.95,–,–,–,
Round HSS,HSS5X.188,HSS5.000X0.188,0.174,9.67,2.64,–,–,–,–,–,–,–,–,–,–,–,–,–,–,–,–,–,–,–,28.7,–,–,28.7,7.69,3.08,1.71,–,4.05,–,7.69,3.08,1.71,–,4.05,–,–,–,–,–,–,–,–,,,15.4,6.15,–,–,–,
Round HSS,HSS5X.125,HSS5.000X0.125,0.116,6.51,1.78,–,–,–,–,–,–,–,–,–,–,–,–,–,–,–,–,–,–,–,43.1,–,–,43.1,5.31,2.12,1.73,–,2.77,–,5.31,2.12,1.73,–,2.77,–,–,–,–,–,–,–,–,,,10.6,4.25,–,–,–,
,,,,,,,,,,,,,,,,,,,,,,,,,,,,,,,,,,,,,,,,,,,,,,,,,,,,,,,
Round HSS,HSS4.5X.375,HSS4.500X0.375,0.349,16.54,4.55,–,–,–,–,–,–,–,–,–,–,–,–,–,–,–,–,–,–,–,12.9,–,–,12.9,9.87,4.39,1.47,–,6.03,–,9.87,4.39,1.47,–,6.03,–,–,–,–,–,–,–,–,,,19.7,8.78,–,–,–,
Round HSS,HSS4.5X.337,HSS4.500X0.337,0.313,15.00,4.12,–,–,–,–,–,–,–,–,–,–,–,–,–,–,–,–,–,–,–,14.4,–,–,14.4,9.07,4.03,1.48,–,5.50,–,9.07,4.03,1.48,–,5.50,–,–,–,–,–,–,–,–,,,18.1,8.06,–,–,–,
Round HSS,HSS4.5X.237,HSS4.500X0.237,0.220,10.80,2.96,–,–,–,–,–,–,–,–,–,–,–,–,–,–,–,–,–,–,–,20.5,–,–,20.5,6.79,3.02,1.52,–,4.03,–,6.79,3.02,1.52,–,4.03,–,–,–,–,–,–,–,–,,,13.6,6.04,–,–,–,
Round HSS,HSS4.5X.188,HSS4.500X0.188,0.174,8.67,2.36,–,–,–,–,–,–,–,–,–,–,–,–,–,–,–,–,–,–,–,25.9,–,–,25.9,5.54,2.46,1.53,–,3.26,–,5.54,2.46,1.53,–,3.26,–,–,–,–,–,–,–,–,,,11.1,4.93,–,–,–,
Round HSS,HSS4.5X.125,HSS4.500X0.125,0.116,5.85,1.60,–,–,–,–,–,–,–,–,–,–,–,–,–,–,–,–,–,–,–,38.8,–,–,38.8,3.84,1.71,1.55,–,2.23,–,3.84,1.71,1.55,–,2.23,–,–,–,–,–,–,–,–,,,7.68,3.41,–,–,–,
,,,,,,,,,,,,,,,,,,,,,,,,,,,,,,,,,,,,,,,,,,,,,,,,,,,,,,,
Round HSS,HSS4X.313,HSS4.000X0.313,0.291,12.34,3.39,–,–,–,–,–,–,–,–,–,–,–,–,–,–,–,–,–,–,–,13.7,–,–,13.7,5.87,2.93,1.32,–,4.01,–,5.87,2.93,1.32,–,4.01,–,–,–,–,–,–,–,–,,,11.7,5.87,–,–,–,
Round HSS,HSS4X.250,HSS4.000X0.250,0.233,10.00,2.76,–,–,–,–,–,–,–,–,–,–,–,–,–,–,–,–,–,–,–,17.2,–,–,17.2,4.91,2.45,1.33,–,3.31,–,4.91,2.45,1.33,–,3.31,–,–,–,–,–,–,–,–,,,9.82,4.91,–,–,–,
Round HSS,HSS4X.237,HSS4.000X0.237,0.220,9.53,2.61,–,–,–,–,–,–,–,–,–,–,–,–,–,–,–,–,–,–,–,18.2,–,–,18.2,4.68,2.34,1.34,–,3.15,–,4.68,2.34,1.34,–,3.15,–,–,–,–,–,–,–,–,,,9.36,4.68,–,–,–,
Round HSS,HSS4X.226,HSS4.000X0.226,0.210,9.12,2.50,–,–,–,–,–,–,–,–,–,–,–,–,–,–,–,–,–,–,–,19.0,–,–,19.0,4.50,2.25,1.34,–,3.02,–,4.50,2.25,1.34,–,3.02,–,–,–,–,–,–,–,–,,,9.01,4.50,–,–,–,
Round HSS,HSS4X.220,HSS4.000X0.220,0.205,8.89,2.44,–,–,–,–,–,–,–,–,–,–,–,–,–,–,–,–,–,–,–,19.5,–,–,19.5,4.41,2.21,1.34,–,2.96,–,4.41,2.21,1.34,–,2.96,–,–,–,–,–,–,–,–,,,8.83,4.41,–,–,–,
Round HSS,HSS4X.188,HSS4.000X0.188,0.174,7.66,2.09,–,–,–,–,–,–,–,–,–,–,–,–,–,–,–,–,–,–,–,23.0,–,–,23.0,3.83,1.92,1.35,–,2.55,–,3.83,1.92,1.35,–,2.55,–,–,–,–,–,–,–,–,,,7.67,3.83,–,–,–,
Round HSS,HSS4X.125,HSS4.000X0.125,0.116,5.18,1.42,–,–,–,–,–,–,–,–,–,–,–,–,–,–,–,–,–,–,–,34.5,–,–,34.5,2.67,1.34,1.37,–,1.75,–,2.67,1.34,1.37,–,1.75,–,–,–,–,–,–,–,–,,,5.34,2.67,–,–,–,
,,,,,,,,,,,,,,,,,,,,,,,,,,,,,,,,,,,,,,,,,,,,,,,,,,,,,,,
Round HSS,HSS3.5X.313,HSS3.500X0.313,0.291,10.66,2.93,–,–,–,–,–,–,–,–,–,–,–,–,–,–,–,–,–,–,–,12.0,–,–,12.0,3.81,2.18,1.14,–,3.00,–,3.81,2.18,1.14,–,3.00,–,–,–,–,–,–,–,–,,,7.61,4.35,–,–,–,
Round HSS,HSS3.5X.300,HSS3.500X0.300,0.279,10.26,2.82,–,–,–,–,–,–,–,–,–,–,–,–,–,–,–,–,–,–,–,12.5,–,–,12.5,3.69,2.11,1.14,–,2.90,–,3.69,2.11,1.14,–,2.90,–,–,–,–,–,–,–,–,,,7.38,4.22,–,–,–,
Round HSS,HSS3.5X.250,HSS3.500X0.250,0.233,8.69,2.39,–,–,–,–,–,–,–,–,–,–,–,–,–,–,–,–,–,–,–,15.0,–,–,15.0,3.21,1.83,1.16,–,2.49,–,3.21,1.83,1.16,–,2.49,–,–,–,–,–,–,–,–,,,6.41,3.66,–,–,–,
Round HSS,HSS3.5X.216,HSS3.500X0.216,0.201,7.58,2.08,–,–,–,–,–,–,–,–,–,–,–,–,–,–,–,–,–,–,–,17.4,–,–,17.4,2.84,1.63,1.17,–,2.19,–,2.84,1.63,1.17,–,2.19,–,–,–,–,–,–,–,–,,,5.69,3.25,–,–,–,
Round HSS,HSS3.5X.203,HSS3.500X0.203,0.189,7.15,1.97,–,–,–,–,–,–,–,–,–,–,–,–,–,–,–,–,–,–,–,18.5,–,–,18.5,2.70,1.54,1.17,–,2.07,–,2.70,1.54,1.17,–,2.07,–,–,–,–,–,–,–,–,,,5.41,3.09,–,–,–,
Round HSS,HSS3.5X.188,HSS3.500X0.188,0.174,6.66,1.82,–,–,–,–,–,–,–,–,–,–,–,–,–,–,–,–,–,–,–,20.1,–,–,20.1,2.52,1.44,1.18,–,1.93,–,2.52,1.44,1.18,–,1.93,–,–,–,–,–,–,–,–,,,5.04,2.88,–,–,–,
Round HSS,HSS3.5X.125,HSS3.500X0.125,0.116,4.51,1.23,–,–,–,–,–,–,–,–,–,–,–,–,–,–,–,–,–,–,–,30.2,–,–,30.2,1.77,1.01,1.20,–,1.33,–,1.77,1.01,1.20,–,1.33,–,–,–,–,–,–,–,–,,,3.53,2.02,–,–,–,
,,,,,,,,,,,,,,,,,,,,,,,,,,,,,,,,,,,,,,,,,,,,,,,,,,,,,,,
Round HSS,HSS3X.250,HSS3.000X0.250,0.233,7.35,2.03,–,–,–,–,–,–,–,–,–,–,–,–,–,–,–,–,–,–,–,12.9,–,–,12.9,1.95,1.30,0.982,–,1.79,–,1.95,1.30,0.982,–,1.79,–,–,–,–,–,–,–,–,,,3.90,2.60,–,–,–,
Round HSS,HSS3X.216,HSS3.000X0.216,0.201,6.43,1.77,–,–,–,–,–,–,–,–,–,–,–,–,–,–,–,–,–,–,–,14.9,–,–,14.9,1.74,1.16,0.992,–,1.58,–,1.74,1.16,0.992,–,1.58,–,–,–,–,–,–,–,–,,,3.48,2.32,–,–,–,
Round HSS,HSS3X.203,HSS3.000X0.203,0.189,6.07,1.67,–,–,–,–,–,–,–,–,–,–,–,–,–,–,–,–,–,–,–,15.9,–,–,15.9,1.66,1.10,0.996,–,1.50,–,1.66,1.10,0.996,–,1.50,–,–,–,–,–,–,–,–,,,3.31,2.21,–,–,–,
Round HSS,HSS3X.188,HSS3.000X0.188,0.174,5.65,1.54,–,–,–,–,–,–,–,–,–,–,–,–,–,–,–,–,–,–,–,17.2,–,–,17.2,1.55,1.03,1.00,–,1.39,–,1.55,1.03,1.00,–,1.39,–,–,–,–,–,–,–,–,,,3.10,2.06,–,–,–,
Round HSS,HSS3X.152,HSS3.000X0.152,0.141,4.63,1.27,–,–,–,–,–,–,–,–,–,–,–,–,–,–,–,–,–,–,–,21.3,–,–,21.3,1.30,0.865,1.01,–,1.15,–,1.30,0.865,1.01,–,1.15,–,–,–,–,–,–,–,–,,,2.59,1.73,–,–,–,
Round HSS,HSS3X.134,HSS3.000X0.134,0.124,4.11,1.12,–,–,–,–,–,–,–,–,–,–,–,–,–,–,–,–,–,–,–,24.2,–,–,24.2,1.16,0.774,1.02,–,1.03,–,1.16,0.774,1.02,–,1.03,–,–,–,–,–,–,–,–,,,2.32,1.55,–,–,–,
Round HSS,HSS3X.125,HSS3.000X0.125,0.116,3.84,1.05,–,–,–,–,–,–,–,–,–,–,–,–,–,–,–,–,–,–,–,25.9,–,–,25.9,1.09,0.730,1.02,–,0.965,–,1.09,0.730,1.02,–,0.965,–,–,–,–,–,–,–,–,,,2.19,1.46,–,–,–,
,,,,,,,,,,,,,,,,,,,,,,,,,,,,,,,,,,,,,,,,,,,,,,,,,,,,,,,
Round HSS,HSS2.875X.250,HSS2.875X0.250,0.233,7.02,1.93,–,–,–,–,–,–,–,–,–,–,–,–,–,–,–,–,–,–,–,12.3,–,–,12.3,1.70,1.18,0.938,–,1.63,–,1.70,1.18,0.938,–,1.63,–,–,–,–,–,–,–,–,,,3.40,2.37,–,–,–,
Round HSS,HSS2.875X.203,HSS2.875X0.203,0.189,5.80,1.59,–,–,–,–,–,–,–,–,–,–,–,–,–,–,–,–,–,–,–,15.2,–,–,15.2,1.45,1.01,0.952,–,1.37,–,1.45,1.01,0.952,–,1.37,–,–,–,–,–,–,–,–,,,2.89,2.01,–,–,–,
Round HSS,HSS2.875X.188,HSS2.875X0.188,0.174,5.40,1.48,–,–,–,–,–,–,–,–,–,–,–,–,–,–,–,–,–,–,–,16.5,–,–,16.5,1.35,0.941,0.957,–,1.27,–,1.35,0.941,0.957,–,1.27,–,–,–,–,–,–,–,–,,,2.70,1.88,–,–,–,
Round HSS,HSS2.875X.125,HSS2.875X0.125,0.116,3.67,1.01,–,–,–,–,–,–,–,–,–,–,–,–,–,–,–,–,–,–,–,24.8,–,–,24.8,0.958,0.667,0.976,–,0.884,–,0.958,0.667,0.976,–,0.884,–,–,–,–,–,–,–,–,,,1.92,1.33,–,–,–,
,,,,,,,,,,,,,,,,,,,,,,,,,,,,,,,,,,,,,,,,,,,,,,,,,,,,,,,
Round HSS,HSS2.5X.250,HSS2.500X0.250,0.233,6.01,1.66,–,–,–,–,–,–,–,–,–,–,–,–,–,–,–,–,–,–,–,10.7,–,–,10.7,1.08,0.862,0.806,–,1.20,–,1.08,0.862,0.806,–,1.20,–,–,–,–,–,–,–,–,,,2.15,1.72,–,–,–,
Round HSS,HSS2.5X.188,HSS2.500X0.188,0.174,4.65,1.27,–,–,–,–,–,–,–,–,–,–,–,–,–,–,–,–,–,–,–,14.4,–,–,14.4,0.865,0.692,0.825,–,0.943,–,0.865,0.692,0.825,–,0.943,–,–,–,–,–,–,–,–,,,1.73,1.38,–,–,–,
Round HSS,HSS2.5X.125,HSS2.500X0.125,0.116,3.17,0.869,–,–,–,–,–,–,–,–,–,–,–,–,–,–,–,–,–,–,–,21.6,–,–,21.6,0.619,0.495,0.844,–,0.660,–,0.619,0.495,0.844,–,0.660,–,–,–,–,–,–,–,–,,,1.24,0.990,–,–,–,
,,,,,,,,,,,,,,,,,,,,,,,,,,,,,,,,,,,,,,,,,,,,,,,,,,,,,,,
Round HSS,HSS2.375X.250,HSS2.375X0.250,0.233,5.68,1.57,–,–,–,–,–,–,–,–,–,–,–,–,–,–,–,–,–,–,–,10.2,–,–,10.2,0.910,0.766,0.762,–,1.07,–,0.910,0.766,0.762,–,1.07,–,–,–,–,–,–,–,–,,,1.82,1.53,–,–,–,
Round HSS,HSS2.375X.218,HSS2.375X0.218,0.203,5.03,1.39,–,–,–,–,–,–,–,–,–,–,–,–,–,–,–,–,–,–,–,11.7,–,–,11.7,0.824,0.694,0.771,–,0.960,–,0.824,0.694,0.771,–,0.960,–,–,–,–,–,–,–,–,,,1.65,1.39,–,–,–,
Round HSS,HSS2.375X.188,HSS2.375X0.188,0.174,4.40,1.20,–,–,–,–,–,–,–,–,–,–,–,–,–,–,–,–,–,–,–,13.6,–,–,13.6,0.733,0.617,0.781,–,0.845,–,0.733,0.617,0.781,–,0.845,–,–,–,–,–,–,–,–,,,1.47,1.23,–,–,–,
Round HSS,HSS2.375X.154,HSS2.375X0.154,0.143,3.66,1.00,–,–,–,–,–,–,–,–,–,–,–,–,–,–,–,–,–,–,–,16.6,–,–,16.6,0.627,0.528,0.791,–,0.713,–,0.627,0.528,0.791,–,0.713,–,–,–,–,–,–,–,–,,,1.25,1.06,–,–,–,
Round HSS,HSS2.375X.125,HSS2.375X0.125,0.116,3.01,0.823,–,–,–,–,–,–,–,–,–,–,–,–,–,–,–,–,–,–,–,20.5,–,–,20.5,0.527,0.443,0.800,–,0.592,–,0.527,0.443,0.800,–,0.592,–,–,–,–,–,–,–,–,,,1.05,0.887,–,–,–,
,,,,,,,,,,,,,,,,,,,,,,,,,,,,,,,,,,,,,,,,,,,,,,,,,,,,,,,
Round HSS,HSS1.9X.188,HSS1.900X0.188,0.174,3.44,0.943,–,–,–,–,–,–,–,–,–,–,–,–,–,–,–,–,–,–,–,10.9,–,–,10.9,0.355,0.374,0.613,–,0.520,–,0.355,0.374,0.613,–,0.520,–,–,–,–,–,–,–,–,,,0.710,0.747,–,–,–,
Round HSS,HSS1.9X.145,HSS1.900X0.145,0.135,2.72,0.749,–,–,–,–,–,–,–,–,–,–,–,–,–,–,–,–,–,–,–,14.1,–,–,14.1,0.293,0.309,0.626,–,0.421,–,0.293,0.309,0.626,–,0.421,–,–,–,–,–,–,–,–,,,0.586,0.617,–,–,–,
Round HSS,HSS1.9X.120,HSS1.900X0.120,0.111,2.28,0.624,–,–,–,–,–,–,–,–,–,–,–,–,–,–,–,–,–,–,–,17.1,–,–,17.1,0.251,0.264,0.634,–,0.356,–,0.251,0.264,0.634,–,0.356,–,–,–,–,–,–,–,–,,,0.501,0.527,–,–,–,
,,,,,,,,,,,,,,,,,,,,,,,,,,,,,,,,,,,,,,,,,,,,,,,,,,,,,,,
Round HSS,HSS1.66X.140,HSS1.660X0.140,0.130,2.27,0.625,–,–,–,–,–,–,–,–,–,–,–,–,–,–,–,–,–,–,–,12.8,–,–,12.8,0.184,0.222,0.543,–,0.305,–,0.184,0.222,0.543,–,0.305,–,–,–,–,–,–,–,–,,,0.368,0.444,–,–,–,
,,,,,,,,,,,,,,,,,,,,,,,,,,,,,,,,,,,,,,,,,,,,,,,,,,,,,,,
PIPE,Pipe26STD,Pipe26STD,0.349,103,28.2,–,–,–,–,–,–,–,–,–,–,–,–,–,–,–,–,–,–,–,74.5,–,–,74.5,2320,178,9.07,–,230,–,2320,178,9.07,–,230,–,–,–,–,–,–,–,–,,,4640,–,–,–,–,
PIPE,Pipe24SCH20,Pipe24STD,0.349,94.7,26.0,–,–,–,–,–,–,–,–,–,–,–,–,–,–,–,–,–,–,–,68.8,–,–,68.8,1820,152,8.36,–,196,–,1820,152,8.36,–,196,–,–,–,–,–,–,–,–,,,3640,–,–,–,–,
PIPE,Pipe20SCH20,Pipe20STD,0.349,78.7,21.6,–,–,–,–,–,–,–,–,–,–,–,–,–,–,–,–,–,–,–,57.3,–,–,57.3,1040,104,6.95,–,135,–,1040,104,6.95,–,135,–,–,–,–,–,–,–,–,,,2090,–,–,–,–,
PIPE,Pipe18STD,Pipe18STD,0.349,70.7,19.4,–,–,–,–,–,–,–,–,–,–,–,–,–,–,–,–,–,–,–,51.6,–,–,51.6,756,84.0,6.24,–,109,–,756,84.0,6.24,–,109,–,–,–,–,–,–,–,–,,,1510,–,–,–,–,
PIPE,Pipe16SCH30,Pipe16STD,0.349,62.6,17.2,–,–,–,–,–,–,–,–,–,–,–,–,–,–,–,–,–,–,–,45.8,–,–,45.8,527,65.9,5.53,–,85.7,–,527,65.9,5.53,–,85.7,–,–,–,–,–,–,–,–,,,1050,–,–,–,–,
PIPE,Pipe14SCH30,Pipe14STD,0.349,54.6,15.0,–,–,–,–,–,–,–,–,–,–,–,–,–,–,–,–,–,–,–,40.1,–,–,40.1,350,50.0,4.83,–,65.2,–,350,50.0,4.83,–,65.2,–,–,–,–,–,–,–,–,,,700,–,–,–,–,
PIPE,Pipe12STD,Pipe12STD,0.349,49.6,13.7,–,–,–,–,–,–,–,–,–,–,–,–,–,–,–,–,–,–,–,36.5,–,–,36.5,262,41.0,4.39,–,53.7,–,262,41.0,4.39,–,53.7,–,–,–,–,–,–,–,–,,,523,–,–,–,–,
PIPE,Pipe10SCH40,Pipe10STD,0.340,40.5,11.5,–,–,–,–,–,–,–,–,–,–,–,–,–,–,–,–,–,–,–,31.6,–,–,31.6,151,28.1,3.68,–,36.9,–,151,28.1,3.68,–,36.9,–,–,–,–,–,–,–,–,,,302,–,–,–,–,
PIPE,Pipe8SCH40,Pipe8STD,0.300,28.6,7.85,–,–,–,–,–,–,–,–,–,–,–,–,–,–,–,–,–,–,–,28.8,–,–,28.8,68.1,15.8,2.95,–,20.8,–,68.1,15.8,2.95,–,20.8,–,–,–,–,–,–,–,–,,,136,–,–,–,–,
PIPE,Pipe6SCH40,Pipe6STD,0.261,19.0,5.20,–,–,–,–,–,–,–,–,–,–,–,–,–,–,–,–,–,–,–,25.4,–,–,25.4,26.5,7.99,2.25,–,10.6,–,26.5,7.99,2.25,–,10.6,–,–,–,–,–,–,–,–,,,52.9,–,–,–,–,
PIPE,Pipe5SCH40,Pipe5STD,0.241,14.6,4.01,–,–,–,–,–,–,–,–,–,–,–,–,–,–,–,–,–,–,–,23.1,–,–,23.1,14.3,5.14,1.88,–,6.83,–,14.3,5.14,1.88,–,6.83,–,–,–,–,–,–,–,–,,,28.6,–,–,–,–,
PIPE,Pipe4SCH40,Pipe4STD,0.221,10.8,2.96,–,–,–,–,–,–,–,–,–,–,–,–,–,–,–,–,–,–,–,20.4,–,–,20.4,6.82,3.03,1.51,–,4.05,–,6.82,3.03,1.51,–,4.05,–,–,–,–,–,–,–,–,,,13.6,–,–,–,–,
PIPE,Pipe3-1/2SCH40,Pipe3-1/2STD,0.211,9.12,2.50,–,–,–,–,–,–,–,–,–,–,–,–,–,–,–,–,–,–,–,19.0,–,–,19.0,4.52,2.26,1.34,–,3.03,–,4.52,2.26,1.34,–,3.03,–,–,–,–,–,–,–,–,,,9.04,–,–,–,–,
PIPE,Pipe3SCH40,Pipe3STD,0.201,7.58,2.07,–,–,–,–,–,–,–,–,–,–,–,–,–,–,–,–,–,–,–,17.4,–,–,17.4,2.85,1.63,1.17,–,2.19,–,2.85,1.63,1.17,–,2.19,–,–,–,–,–,–,–,–,,,5.69,–,–,–,–,
PIPE,Pipe2-1/2SCH40,Pipe2-1/2STD,0.189,5.80,1.61,–,–,–,–,–,–,–,–,–,–,–,–,–,–,–,–,–,–,–,15.2,–,–,15.2,1.45,1.01,0.952,–,1.37,–,1.45,1.01,0.952,–,1.37,–,–,–,–,–,–,–,–,,,2.89,–,–,–,–,
PIPE,Pipe2SCH40,Pipe2STD,0.143,3.66,1.02,–,–,–,–,–,–,–,–,–,–,–,–,–,–,–,–,–,–,–,16.6,–,–,16.6,0.627,0.528,0.791,–,0.713,–,0.627,0.528,0.791,–,0.713,–,–,–,–,–,–,–,–,,,1.25,–,–,–,–,
PIPE,Pipe1-1/2SCH40,Pipe1-1/2STD,0.135,2.72,0.749,–,–,–,–,–,–,–,–,–,–,–,–,–,–,–,–,–,–,–,14.1,–,–,14.1,0.293,0.309,0.626,–,0.421,–,0.293,0.309,0.626,–,0.421,–,–,–,–,–,–,–,–,,,0.586,–,–,–,–,
PIPE,Pipe1-1/4SCH40,Pipe1-1/4STD,0.130,2.27,0.625,–,–,–,–,–,–,–,–,–,–,–,–,–,–,–,–,–,–,–,12.8,–,–,12.8,0.184,0.222,0.543,–,0.305,–,0.184,0.222,0.543,–,0.305,–,–,–,–,–,–,–,–,,,0.368,–,–,–,–,
PIPE,Pipe1SCH40,Pipe1STD,0.124,1.68,0.469,–,–,–,–,–,–,–,–,–,–,–,–,–,–,–,–,–,–,–,10.6,–,–,10.6,0.0830,0.126,0.423,–,0.177,–,0.0830,0.126,0.423,–,0.177,–,–,–,–,–,–,–,–,,,0.166,–,–,–,–,
PIPE,Pipe3/4SCH40,Pipe3/4STD,0.105,1.13,0.312,–,–,–,–,–,–,–,–,–,–,–,–,–,–,–,–,–,–,–,10.0,–,–,10.0,0.0350,0.0671,0.336,–,0.0942,–,0.0350,0.0671,0.336,–,0.0942,–,–,–,–,–,–,–,–,,,0.0700,–,–,–,–,
PIPE,Pipe1/2SCH40,Pipe1/2STD,0.101,0.850,0.234,–,–,–,–,–,–,–,–,–,–,–,–,–,–,–,–,–,–,–,8.32,–,–,8.32,0.0160,0.0388,0.264,–,0.0555,–,0.0160,0.0388,0.264,–,0.0555,–,–,–,–,–,–,–,–,,,0.0320,–,–,–,–,
,,,,,,,,,,,,,,,,,,,,,,,,,,,,,,,,,,,,,,,,,,,,,,,,,,,,,,,
PIPE,Pipe26SCH20,Pipe26XS,0.465,136,36.1,–,–,–,–,–,–,–,–,–,–,–,–,–,–,–,–,–,–,–,55.9,–,–,55.9,2950,227,9.03,–,294,–,2950,227,9.03,–,294,–,–,–,–,–,–,–,–,,,5900,–,–,–,–,
PIPE,Pipe24XS,Pipe24XS,0.465,126,33.3,–,–,–,–,–,–,–,–,–,–,–,–,–,–,–,–,–,–,–,51.6,–,–,51.6,2310,192,8.33,–,250,–,2310,192,8.33,–,250,–,–,–,–,–,–,–,–,,,4620,–,–,–,–,
PIPE,Pipe20SCH30,Pipe20XS,0.465,104,27.6,–,–,–,–,–,–,–,–,–,–,–,–,–,–,–,–,–,–,–,43.0,–,–,43.0,1320,132,6.91,–,172,–,1320,132,6.91,–,172,–,–,–,–,–,–,–,–,,,2640,–,–,–,–,
PIPE,Pipe18XS,Pipe18XS,0.465,93.5,24.8,–,–,–,–,–,–,–,–,–,–,–,–,–,–,–,–,–,–,–,38.7,–,–,38.7,956,106,6.21,–,139,–,956,106,6.21,–,139,–,–,–,–,–,–,–,–,,,1910,–,–,–,–,
PIPE,Pipe16SCH40,Pipe16XS,0.465,82.9,22.0,–,–,–,–,–,–,–,–,–,–,–,–,–,–,–,–,–,–,–,34.4,–,–,34.4,665,83.1,5.50,–,109,–,665,83.1,5.50,–,109,–,–,–,–,–,–,–,–,,,1330,–,–,–,–,
PIPE,Pipe14XS,Pipe14XS,0.465,72.2,19.2,–,–,–,–,–,–,–,–,–,–,–,–,–,–,–,–,–,–,–,30.1,–,–,30.1,440,62.9,4.79,–,82.7,–,440,62.9,4.79,–,82.7,–,–,–,–,–,–,–,–,,,880,–,–,–,–,
PIPE,Pipe12XS,Pipe12XS,0.465,65.5,17.5,–,–,–,–,–,–,–,–,–,–,–,–,–,–,–,–,–,–,–,27.4,–,–,27.4,339,53.2,4.35,–,70.2,–,339,53.2,4.35,–,70.2,–,–,–,–,–,–,–,–,,,678,–,–,–,–,
PIPE,Pipe10SCH80,Pipe10XS,0.465,54.8,15.1,–,–,–,–,–,–,–,–,–,–,–,–,–,–,–,–,–,–,–,23.1,–,–,23.1,199,37.0,3.64,–,49.2,–,199,37.0,3.64,–,49.2,–,–,–,–,–,–,–,–,,,398,–,–,–,–,
PIPE,Pipe8SCH80,Pipe8XS,0.465,43.4,11.9,–,–,–,–,–,–,–,–,–,–,–,–,–,–,–,–,–,–,–,18.5,–,–,18.5,100,23.1,2.89,–,31.0,–,100,23.1,2.89,–,31.0,–,–,–,–,–,–,–,–,,,199,–,–,–,–,
PIPE,Pipe6SCH80,Pipe6XS,0.403,28.6,7.83,–,–,–,–,–,–,–,–,–,–,–,–,–,–,–,–,–,–,–,16.4,–,–,16.4,38.3,11.6,2.20,–,15.6,–,38.3,11.6,2.20,–,15.6,–,–,–,–,–,–,–,–,,,76.6,–,–,–,–,
PIPE,Pipe5SCH80,Pipe5XS,0.349,20.8,5.73,–,–,–,–,–,–,–,–,–,–,–,–,–,–,–,–,–,–,–,15.9,–,–,15.9,19.5,7.02,1.85,–,9.50,–,19.5,7.02,1.85,–,9.50,–,–,–,–,–,–,–,–,,,39.0,–,–,–,–,
PIPE,Pipe4SCH80,Pipe4XS,0.315,15.0,4.14,–,–,–,–,–,–,–,–,–,–,–,–,–,–,–,–,–,–,–,14.3,–,–,14.3,9.12,4.05,1.48,–,5.53,–,9.12,4.05,1.48,–,5.53,–,–,–,–,–,–,–,–,,,18.2,–,–,–,–,
PIPE,Pipe3-1/2SCH80,Pipe3-1/2XS,0.296,12.5,3.43,–,–,–,–,–,–,–,–,–,–,–,–,–,–,–,–,–,–,–,13.5,–,–,13.5,5.94,2.97,1.31,–,4.07,–,5.94,2.97,1.31,–,4.07,–,–,–,–,–,–,–,–,,,11.9,–,–,–,–,
PIPE,Pipe3SCH80,Pipe3XS,0.280,10.3,2.83,–,–,–,–,–,–,–,–,–,–,–,–,–,–,–,–,–,–,–,12.5,–,–,12.5,3.70,2.11,1.14,–,2.91,–,3.70,2.11,1.14,–,2.91,–,–,–,–,–,–,–,–,,,7.40,–,–,–,–,
PIPE,Pipe2-1/2SCH80,Pipe2-1/2XS,0.257,7.67,2.10,–,–,–,–,–,–,–,–,–,–,–,–,–,–,–,–,–,–,–,11.2,–,–,11.2,1.83,1.27,0.930,–,1.77,–,1.83,1.27,0.930,–,1.77,–,–,–,–,–,–,–,–,,,3.66,–,–,–,–,
PIPE,Pipe2SCH80,Pipe2XS,0.204,5.03,1.40,–,–,–,–,–,–,–,–,–,–,–,–,–,–,–,–,–,–,–,11.7,–,–,11.7,0.827,0.696,0.771,–,0.964,–,0.827,0.696,0.771,–,0.964,–,–,–,–,–,–,–,–,,,1.65,–,–,–,–,
PIPE,Pipe1-1/2SCH80,Pipe1-1/2XS,0.186,3.63,1.00,–,–,–,–,–,–,–,–,–,–,–,–,–,–,–,–,–,–,–,10.2,–,–,10.2,0.372,0.392,0.610,–,0.549,–,0.372,0.392,0.610,–,0.549,–,–,–,–,–,–,–,–,,,0.744,–,–,–,–,
PIPE,Pipe1-1/4SCH80,Pipe1-1/4XS,0.178,3.00,0.837,–,–,–,–,–,–,–,–,–,–,–,–,–,–,–,–,–,–,–,9.33,–,–,9.33,0.231,0.278,0.528,–,0.393,–,0.231,0.278,0.528,–,0.393,–,–,–,–,–,–,–,–,,,0.462,–,–,–,–,
PIPE,Pipe1SCH80,Pipe1XS,0.166,2.17,0.602,–,–,–,–,–,–,–,–,–,–,–,–,–,–,–,–,–,–,–,7.92,–,–,7.92,0.101,0.154,0.410,–,0.221,–,0.101,0.154,0.410,–,0.221,–,–,–,–,–,–,–,–,,,0.202,–,–,–,–,
PIPE,Pipe3/4SCH80,Pipe3/4XS,0.143,1.48,0.407,–,–,–,–,–,–,–,–,–,–,–,–,–,–,–,–,–,–,–,7.34,–,–,7.34,0.0430,0.0818,0.325,–,0.119,–,0.0430,0.0818,0.325,–,0.119,–,–,–,–,–,–,–,–,,,0.0860,–,–,–,–,
PIPE,Pipe1/2SCH80,Pipe1/2XS,0.137,1.09,0.303,–,–,–,–,–,–,–,–,–,–,–,–,–,–,–,–,–,–,–,6.13,–,–,6.13,0.0190,0.0462,0.253,–,0.0686,–,0.0190,0.0462,0.253,–,0.0686,–,–,–,–,–,–,–,–,,,0.0380,–,–,–,–,
,,,,,,,,,,,,,,,,,,,,,,,,,,,,,,,,,,,,,,,,,,,,,,,,,,,,,,,
PIPE,Pipe12SCH120,Pipe12XXS,0.930,126,35.4,–,–,–,–,–,–,–,–,–,–,–,–,–,–,–,–,–,–,–,13.8,–,–,13.8,625,97.6,4.20,–,134,–,625,97.6,4.20,–,134,–,–,–,–,–,–,–,–,,,1250,–,–,–,–,
PIPE,Pipe10SCH140,Pipe10XXS,0.930,104,28.8,–,–,–,–,–,–,–,–,–,–,–,–,–,–,–,–,–,–,–,11.6,–,–,11.6,354,65.6,3.51,–,90.9,–,354,65.6,3.51,–,90.9,–,–,–,–,–,–,–,–,,,709,–,–,–,–,
PIPE,Pipe8XXS,Pipe8XXS,0.816,72.5,20.0,–,–,–,–,–,–,–,–,–,–,–,–,–,–,–,–,–,–,–,10.6,–,–,10.6,154,35.8,2.78,–,49.9,–,154,35.8,2.78,–,49.9,–,–,–,–,–,–,–,–,,,308,–,–,–,–,
PIPE,Pipe6XXS,Pipe6XXS,0.805,53.2,14.7,–,–,–,–,–,–,–,–,–,–,–,–,–,–,–,–,–,–,–,8.23,–,–,8.23,63.5,19.2,2.08,–,27.4,–,63.5,19.2,2.08,–,27.4,–,–,–,–,–,–,–,–,,,127,–,–,–,–,
PIPE,Pipe5XXS,Pipe5XXS,0.699,38.6,10.7,–,–,–,–,–,–,–,–,–,–,–,–,–,–,–,–,–,–,–,7.96,–,–,7.96,32.2,11.6,1.74,–,16.7,–,32.2,11.6,1.74,–,16.7,–,–,–,–,–,–,–,–,,,64.4,–,–,–,–,
PIPE,Pipe4XXS,Pipe4XXS,0.628,27.6,7.66,–,–,–,–,–,–,–,–,–,–,–,–,–,–,–,–,–,–,–,7.17,–,–,7.17,14.7,6.53,1.39,–,9.50,–,14.7,6.53,1.39,–,9.50,–,–,–,–,–,–,–,–,,,29.4,–,–,–,–,
PIPE,Pipe3XXS,Pipe3XXS,0.559,18.6,5.17,–,–,–,–,–,–,–,–,–,–,–,–,–,–,–,–,–,–,–,6.26,–,–,6.26,5.79,3.31,1.06,–,4.89,–,5.79,3.31,1.06,–,4.89,–,–,–,–,–,–,–,–,,,11.6,–,–,–,–,
PIPE,Pipe2-1/2XXS,Pipe2-1/2XXS,0.514,13.7,3.83,–,–,–,–,–,–,–,–,–,–,–,–,–,–,–,–,–,–,–,5.59,–,–,5.59,2.78,1.94,0.854,–,2.91,–,2.78,1.94,0.854,–,2.91,–,–,–,–,–,–,–,–,,,5.56,–,–,–,–,
PIPE,Pipe2XXS,Pipe2XXS,0.406,9.04,2.51,–,–,–,–,–,–,–,–,–,–,–,–,–,–,–,–,–,–,–,5.85,–,–,5.85,1.27,1.07,0.711,–,1.60,–,1.27,1.07,0.711,–,1.60,–,–,–,–,–,–,–,–,,,2.54,–,–,–,–,
,,,,,,,,,,,,,,,,,,,,,,,,,,,,,,,,,,,,,,,,,,,,,,,,,,,,,,,
2L,2L12X12X1-3/8,2L12X12X1-3/8,1.38,210,62.2,12.0,–,–,–,–,–,–,–,–,–,–,–,–,–,–,–,–,–,–,–,8.70,–,–,826,97.2,3.64,–,176,1.30,1590,133,5.06,–,218,–,–,–,2.3,–,–,–,–,–,–,–,–,–,6.84,0.831,
2L,2L12X12X1-3/8X3/4,2L12X12X1-3/8X3/4,1.38,210,62.2,12.0,–,–,–,–,–,–,–,–,–,–,–,–,–,–,–,–,–,–,–,8.70,–,–,826,97.2,3.64,–,176,1.30,1760,142,5.32,–,241,–,–,–,2.3,–,–,–,–,–,–,–,–,–,7.03,0.840,
2L,2L12X12X1-3/8X1-1/2,2L12X12X1-3/8X1-1/2,1.38,210,62.2,12.0,–,–,–,–,–,–,–,–,–,–,–,–,–,–,–,–,–,–,–,8.70,–,–,826,97.2,3.64,–,176,1.30,1950,153,5.60,–,264,–,–,–,2.3,–,–,–,–,–,–,–,–,–,7.25,0.850,
2L,2L12X12X1-1/4,2L12X12X1-1/4,1.25,193,56.8,12.0,–,–,–,–,–,–,–,–,–,–,–,–,–,–,–,–,–,–,–,9.60,–,–,762,89.2,3.66,–,161,1.18,1440,120,5.04,–,196,–,–,–,2.31,–,–,–,–,–,–,–,–,–,6.84,0.829,
2L,2L12X12X1-1/4X3/4,2L12X12X1-1/4X3/4,1.25,193,56.8,12.0,–,–,–,–,–,–,–,–,–,–,–,–,–,–,–,–,–,–,–,9.60,–,–,762,89.2,3.66,–,161,1.18,1590,128,5.29,–,217,–,–,–,2.31,–,–,–,–,–,–,–,–,–,7.03,0.839,
2L,2L12X12X1-1/4X1-1/2,2L12X12X1-1/4X1-1/2,1.25,193,56.8,12.0,–,–,–,–,–,–,–,–,–,–,–,–,–,–,–,–,–,–,–,9.60,–,–,762,89.2,3.66,–,161,1.18,1760,138,5.57,–,239,–,–,–,2.31,–,–,–,–,–,–,–,–,–,7.24,0.848,
2L,2L12X12X1-1/8,2L12X12X1-1/8,1.13,174,51.6,12.0,–,–,–,–,–,–,–,–,–,–,–,–,–,–,–,–,–,–,–,10.6,–,–,700,81.4,3.68,–,147,1.08,1300,108,5.02,–,176,–,–,–,2.33,–,–,–,–,–,–,–,–,–,6.85,0.827,
2L,2L12X12X1-1/8X3/4,2L12X12X1-1/8X3/4,1.13,174,51.6,12.0,–,–,–,–,–,–,–,–,–,–,–,–,–,–,–,–,–,–,–,10.6,–,–,700,81.4,3.68,–,147,1.08,1440,116,5.28,–,195,–,–,–,2.33,–,–,–,–,–,–,–,–,–,7.04,0.837,
2L,2L12X12X1-1/8X1-1/2,2L12X12X1-1/8X1-1/2,1.13,174,51.6,12.0,–,–,–,–,–,–,–,–,–,–,–,–,–,–,–,–,–,–,–,10.6,–,–,700,81.4,3.68,–,147,1.08,1590,125,5.55,–,215,–,–,–,2.33,–,–,–,–,–,–,–,–,–,7.24,0.846,
2L,2L12X12X1,2L12X12X1,1.00,156,46.0,12.0,–,–,–,–,–,–,–,–,–,–,–,–,–,–,–,–,–,–,–,12.0,–,–,630,73.0,3.70,–,132,0.958,1150,95.8,5.00,–,155,–,–,–,2.34,–,–,–,–,–,–,–,–,–,6.85,0.826,
2L,2L12X12X1X3/4,2L12X12X1X3/4,1.00,156,46.0,12.0,–,–,–,–,–,–,–,–,–,–,–,–,–,–,–,–,–,–,–,12.0,–,–,630,73.0,3.70,–,132,0.958,1270,103,5.25,–,172,–,–,–,2.34,–,–,–,–,–,–,–,–,–,7.03,0.834,
2L,2L12X12X1X1-1/2,2L12X12X1X1-1/2,1.00,156,46.0,12.0,–,–,–,–,–,–,–,–,–,–,–,–,–,–,–,–,–,–,–,12.0,–,–,630,73.0,3.70,–,132,0.958,1410,111,5.54,–,189,–,–,–,2.34,–,–,–,–,–,–,–,–,–,7.25,0.844,
,,,,,,,,,,,,,,,,,,,,,,,,,,,,,,,,,,,,,,,,,,,,,,,,,,,,,,,
2L,2L10X10X1-3/8,2L10X10X1-3/8,1.38,174,51.2,10.0,–,–,–,–,–,–,–,–,–,–,–,–,–,–,–,–,–,–,–,7.25,–,–,462,66.0,3.00,–,120,1.28,923,92.3,4.25,–,154,–,–,–,1.91,–,–,–,–,–,–,–,–,–,5.69,0.835,
2L,2L10X10X1-3/8X3/4,2L10X10X1-3/8X3/4,1.38,174,51.2,10.0,–,–,–,–,–,–,–,–,–,–,–,–,–,–,–,–,–,–,–,7.25,–,–,462,66.0,3.00,–,120,1.28,1050,101,4.53,–,173,–,–,–,,–,–,–,–,–,–,–,–,–,5.90,0.847,
2L,2L10X10X1-3/8X1-1/2,2L10X10X1-3/8X1-1/2,1.38,174,51.2,10.0,–,–,–,–,–,–,–,–,–,–,–,–,–,–,–,–,–,–,–,7.25,–,–,462,66.0,3.00,–,120,1.28,1180,110,4.80,–,192,–,–,–,,–,–,–,–,–,–,–,–,–,6.12,0.858,
2L,2L10X10X1-1/4,2L10X10X1-1/4,1.25,160,46.8,10.0,–,–,–,–,–,–,–,–,–,–,–,–,–,–,–,–,–,–,–,8.00,–,–,426,60.4,3.02,–,110,1.17,833,83.3,4.22,–,138,–,–,–,1.91,–,–,–,–,–,–,–,–,–,5.68,0.832,
2L,2L10X10X1-1/4X3/4,2L10X10X1-1/4X3/4,1.25,160,46.8,10.0,–,–,–,–,–,–,–,–,–,–,–,–,–,–,–,–,–,–,–,8.00,–,–,426,60.4,3.02,–,110,1.17,943,90.9,4.49,–,156,–,–,–,,–,–,–,–,–,–,–,–,–,5.89,0.844,
2L,2L10X10X1-1/4X1-1/2,2L10X10X1-1/4X1-1/2,1.25,160,46.8,10.0,–,–,–,–,–,–,–,–,–,–,–,–,–,–,–,–,–,–,–,8.00,–,–,426,60.4,3.02,–,110,1.17,1070,99.5,4.78,–,173,–,–,–,,–,–,–,–,–,–,–,–,–,6.11,0.855,
2L,2L10X10X1-1/8,2L10X10X1-1/8,1.13,145,42.6,10.0,–,–,–,–,–,–,–,–,–,–,–,–,–,–,–,–,–,–,–,8.85,–,–,392,55.2,3.03,–,100,1.07,750,75.0,4.20,–,124,–,–,–,1.92,–,–,–,–,–,–,–,–,–,5.68,0.831,
2L,2L10X10X1-1/8X3/4,2L10X10X1-1/8X3/4,1.13,145,42.6,10.0,–,–,–,–,–,–,–,–,–,–,–,–,–,–,–,–,–,–,–,8.85,–,–,392,55.2,3.03,–,100,1.07,849,81.8,4.46,–,140,–,–,–,,–,–,–,–,–,–,–,–,–,5.88,0.842,
2L,2L10X10X1-1/8X1-1/2,2L10X10X1-1/8X1-1/2,1.13,145,42.6,10.0,–,–,–,–,–,–,–,–,–,–,–,–,–,–,–,–,–,–,–,8.85,–,–,392,55.2,3.03,–,100,1.07,960,89.3,4.75,–,155,–,–,–,,–,–,–,–,–,–,–,–,–,6.10,0.853,
2L,2L10X10X1,2L10X10X1,1.00,129,38.0,10.0,–,–,–,–,–,–,–,–,–,–,–,–,–,–,–,–,–,–,–,10.0,–,–,354,49.6,3.05,–,90.0,0.950,665,66.5,4.18,–,109,–,–,–,1.92,–,–,–,–,–,–,–,–,–,5.69,0.828,
2L,2L10X10X1X3/4,2L10X10X1X3/4,1.00,129,38.0,10.0,–,–,–,–,–,–,–,–,–,–,–,–,–,–,–,–,–,–,–,10.0,–,–,354,49.6,3.05,–,90.0,0.950,752,72.5,4.45,–,123,–,–,–,,–,–,–,–,–,–,–,–,–,5.89,0.839,
2L,2L10X10X1X1-1/2,2L10X10X1X1-1/2,1.00,129,38.0,10.0,–,–,–,–,–,–,–,–,–,–,–,–,–,–,–,–,–,–,–,10.0,–,–,354,49.6,3.05,–,90.0,0.950,849,79.0,4.73,–,137,–,–,–,,–,–,–,–,–,–,–,–,–,6.10,0.850,
2L,2L10X10X7/8,2L10X10X7/8,0.875,114,33.6,10.0,–,–,–,–,–,–,–,–,–,–,–,–,–,–,–,–,–,–,–,11.4,–,–,316,43.8,3.07,–,79.8,0.840,579,57.9,4.15,–,94.1,–,–,–,1.93,–,–,–,–,–,–,–,–,–,5.68,0.827,
2L,2L10X10X7/8X3/4,2L10X10X7/8X3/4,0.875,114,33.6,10.0,–,–,–,–,–,–,–,–,–,–,–,–,–,–,–,–,–,–,–,11.4,–,–,316,43.8,3.07,–,79.8,0.840,655,63.1,4.42,–,107,–,–,–,,–,–,–,–,–,–,–,–,–,5.87,0.838,
2L,2L10X10X7/8X1-1/2,2L10X10X7/8X1-1/2,0.875,114,33.6,10.0,–,–,–,–,–,–,–,–,–,–,–,–,–,–,–,–,–,–,–,11.4,–,–,316,43.8,3.07,–,79.8,0.840,739,68.7,4.69,–,119,–,–,–,,–,–,–,–,–,–,–,–,–,6.08,0.849,
2L,2L10X10X3/4,2L10X10X3/4,0.750,98.2,29.0,10.0,–,–,–,–,–,–,–,–,–,–,–,–,–,–,–,–,–,–,–,13.3,–,–,278,38.4,3.10,–,69.2,0.725,499,49.9,4.15,–,80.0,–,–,–,1.96,–,–,–,–,–,–,–,–,–,5.70,0.825,
2L,2L10X10X3/4X3/4,2L10X10X3/4X3/4,0.750,98.2,29.0,10.0,–,–,–,–,–,–,–,–,–,–,–,–,–,–,–,–,–,–,–,13.3,–,–,278,38.4,3.10,–,69.2,0.725,563,54.3,4.41,–,90.9,–,–,–,,–,–,–,–,–,–,–,–,–,5.89,0.836,
2L,2L10X10X3/4X1-1/2,2L10X10X3/4X1-1/2,0.750,98.2,29.0,10.0,–,–,–,–,–,–,–,–,–,–,–,–,–,–,–,–,–,–,–,13.3,–,–,278,38.4,3.10,–,69.2,0.725,635,59.1,4.68,–,102,–,–,–,,–,–,–,–,–,–,–,–,–,6.10,0.847,
,,,,,,,,,,,,,,,,,,,,,,,,,,,,,,,,,,,,,,,,,,,,,,,,,,,,,,,
2L,2L8X8X1-1/8,2L8X8X1-1/8,1.13,114,33.6,8.00,–,–,–,–,–,–,–,–,–,–,–,–,–,–,–,–,–,–,–,7.08,–,–,196,35.0,2.41,–,63.2,1.05,391,48.9,3.41,–,80.6,–,–,–,1.56,–,–,–,–,–,–,–,–,–,4.56,0.837,
2L,2L8X8X1-1/8X3/8,2L8X8X1-1/8X3/8,1.13,114,33.6,8.00,–,–,–,–,–,–,–,–,–,–,–,–,–,–,–,–,–,–,–,7.08,–,–,196,35.0,2.41,–,63.2,1.05,421,51.4,3.54,–,86.9,–,–,–,,–,–,–,–,–,–,–,–,–,4.66,0.844,
2L,2L8X8X1-1/8X3/4,2L8X8X1-1/8X3/4,1.13,114,33.6,8.00,–,–,–,–,–,–,–,–,–,–,–,–,–,–,–,–,–,–,–,7.08,–,–,196,35.0,2.41,–,63.2,1.05,455,54.3,3.68,–,93.2,–,–,–,,–,–,–,–,–,–,–,–,–,4.77,0.851,
2L,2L8X8X1,2L8X8X1,1.00,102,30.2,8.00,–,–,–,–,–,–,–,–,–,–,–,–,–,–,–,–,–,–,–,8.00,–,–,178,31.6,2.43,–,57.0,0.944,347,43.4,3.39,–,71.3,–,–,–,1.56,–,–,–,–,–,–,–,–,–,4.56,0.834,
2L,2L8X8X1X3/8,2L8X8X1X3/8,1.00,102,30.2,8.00,–,–,–,–,–,–,–,–,–,–,–,–,–,–,–,–,–,–,–,8.00,–,–,178,31.6,2.43,–,57.0,0.944,374,45.7,3.52,–,76.9,–,–,–,,–,–,–,–,–,–,–,–,–,4.66,0.841,
2L,2L8X8X1X3/4,2L8X8X1X3/4,1.00,102,30.2,8.00,–,–,–,–,–,–,–,–,–,–,–,–,–,–,–,–,–,–,–,8.00,–,–,178,31.6,2.43,–,57.0,0.944,405,48.4,3.66,–,82.6,–,–,–,,–,–,–,–,–,–,–,–,–,4.77,0.848,
2L,2L8X8X7/8,2L8X8X7/8,0.875,90.0,26.6,8.00,–,–,–,–,–,–,–,–,–,–,–,–,–,–,–,–,–,–,–,9.14,–,–,159,28.0,2.45,–,50.6,0.831,300,37.5,3.36,–,61.4,–,–,–,,–,–,–,–,–,–,–,–,–,4.56,0.831,
2L,2L8X8X7/8X3/8,2L8X8X7/8X3/8,0.875,90.0,26.6,8.00,–,–,–,–,–,–,–,–,–,–,–,–,–,–,–,–,–,–,–,9.14,–,–,159,28.0,2.45,–,50.6,0.831,326,39.8,3.50,–,66.4,–,–,–,,–,–,–,–,–,–,–,–,–,4.66,0.838,
2L,2L8X8X7/8X3/4,2L8X8X7/8X3/4,0.875,90.0,26.6,8.00,–,–,–,–,–,–,–,–,–,–,–,–,–,–,–,–,–,–,–,9.14,–,–,159,28.0,2.45,–,50.6,0.831,351,41.9,3.63,–,71.4,–,–,–,,–,–,–,–,–,–,–,–,–,4.76,0.845,
2L,2L8X8X3/4,2L8X8X3/4,0.750,77.8,23.0,8.00,–,–,–,–,–,–,–,–,–,–,–,–,–,–,–,–,–,–,–,10.7,–,–,140,24.4,2.46,–,44.0,0.719,257,32.1,3.34,–,52.0,–,–,–,,–,–,–,–,–,–,–,–,–,4.56,0.829,
2L,2L8X8X3/4X3/8,2L8X8X3/4X3/8,0.750,77.8,23.0,8.00,–,–,–,–,–,–,–,–,–,–,–,–,–,–,–,–,–,–,–,10.7,–,–,140,24.4,2.46,–,44.0,0.719,277,33.8,3.47,–,56.3,–,–,–,,–,–,–,–,–,–,–,–,–,4.66,0.836,
2L,2L8X8X3/4X3/4,2L8X8X3/4X3/4,0.750,77.8,23.0,8.00,–,–,–,–,–,–,–,–,–,–,–,–,–,–,–,–,–,–,–,10.7,–,–,140,24.4,2.46,–,44.0,0.719,300,35.8,3.61,–,60.6,–,–,–,,–,–,–,–,–,–,–,–,–,4.76,0.843,
2L,2L8X8X5/8,2L8X8X5/8,0.625,65.4,19.4,8.00,–,–,–,–,–,–,–,–,–,–,–,–,–,–,–,–,–,–,–,12.8,–,–,119,20.6,2.48,–,37.2,0.606,214,26.8,3.32,–,42.8,–,–,–,,–,–,–,–,–,–,–,–,–,4.56,0.826,
2L,2L8X8X5/8X3/8,2L8X8X5/8X3/8,0.625,65.4,19.4,8.00,–,–,–,–,–,–,–,–,–,–,–,–,–,–,–,–,–,–,–,12.8,–,–,119,20.6,2.48,–,37.2,0.606,231,28.2,3.45,–,46.5,–,–,–,,–,–,–,–,–,–,–,–,–,4.66,0.833,
2L,2L8X8X5/8X3/4,2L8X8X5/8X3/4,0.625,65.4,19.4,8.00,–,–,–,–,–,–,–,–,–,–,–,–,–,–,–,–,–,–,–,12.8,–,–,119,20.6,2.48,–,37.2,0.606,249,29.7,3.58,–,50.1,–,–,–,,–,–,–,–,–,–,–,–,–,4.76,0.840,
2L,2L8X8X9/16,2L8X8X9/16,0.563,59.2,17.5,8.00,–,–,–,–,–,–,–,–,–,–,–,–,–,–,–,–,–,–,–,14.2,–,–,108,18.7,2.49,–,33.6,0.548,192,24.0,3.31,–,38.4,–,–,–,,–,–,–,–,–,–,–,–,–,4.56,0.825,
2L,2L8X8X9/16X3/8,2L8X8X9/16X3/8,0.563,59.2,17.5,8.00,–,–,–,–,–,–,–,–,–,–,–,–,–,–,–,–,–,–,–,14.2,–,–,108,18.7,2.49,–,33.6,0.548,207,25.3,3.44,–,41.7,–,–,–,,–,–,–,–,–,–,–,–,–,4.65,0.832,
2L,2L8X8X9/16X3/4,2L8X8X9/16X3/4,0.563,59.2,17.5,8.00,–,–,–,–,–,–,–,–,–,–,–,–,–,–,–,–,–,–,–,14.2,–,–,108,18.7,2.49,–,33.6,0.548,223,26.6,3.57,–,45.0,–,–,–,,–,–,–,–,–,–,–,–,–,4.75,0.839,
2L,2L8X8X1/2,2L8X8X1/2,0.500,52.8,15.7,8.00,–,–,–,–,–,–,–,–,–,–,–,–,–,–,–,–,–,–,–,16.0,–,–,97.6,16.7,2.49,–,30.2,0.490,171,21.4,3.30,–,34.0,–,–,–,,–,–,–,–,–,–,–,–,–,4.56,0.824,
2L,2L8X8X1/2X3/8,2L8X8X1/2X3/8,0.500,52.8,15.7,8.00,–,–,–,–,–,–,–,–,–,–,–,–,–,–,–,–,–,–,–,16.0,–,–,97.6,16.7,2.49,–,30.2,0.490,185,22.6,3.43,–,37.0,–,–,–,,–,–,–,–,–,–,–,–,–,4.65,0.831,
2L,2L8X8X1/2X3/4,2L8X8X1/2X3/4,0.500,52.8,15.7,8.00,–,–,–,–,–,–,–,–,–,–,–,–,–,–,–,–,–,–,–,16.0,–,–,97.6,16.7,2.49,–,30.2,0.490,199,23.8,3.56,–,39.9,–,–,–,,–,–,–,–,–,–,–,–,–,4.75,0.837,
,,,,,,,,,,,,,,,,,,,,,,,,,,,,,,,,,,,,,,,,,,,,,,,,,,,,,,,
2L,2L8X6X1LLBB,2L8X6X1LLBB,1.00,88.4,26.2,8.00,–,–,–,–,–,–,–,–,–,–,–,–,–,–,–,–,–,–,–,8.00,–,–,162,30.2,2.49,–,54.6,1.45,150,25.0,2.39,–,43.2,–,–,–,,–,–,–,–,–,–,–,–,–,4.06,0.721,
2L,2L8X6X1X3/8LLBB,2L8X6X1X3/8LLBB,1.00,88.4,26.2,8.00,–,–,–,–,–,–,–,–,–,–,–,–,–,–,–,–,–,–,–,8.00,–,–,162,30.2,2.49,–,54.6,1.45,166,26.8,2.52,–,48.1,–,–,–,,–,–,–,–,–,–,–,–,–,4.14,0.732,
2L,2L8X6X1X3/4LLBB,2L8X6X1X3/4LLBB,1.00,88.4,26.2,8.00,–,–,–,–,–,–,–,–,–,–,–,–,–,–,–,–,–,–,–,8.00,–,–,162,30.2,2.49,–,54.6,1.45,185,29.0,2.66,–,53.1,–,–,–,,–,–,–,–,–,–,–,–,–,4.23,0.742,
2L,2L8X6X1SLBB,2L8X6X1SLBB,1.00,88.4,26.2,6.00,–,–,–,–,–,–,–,–,–,–,–,–,–,–,–,–,–,–,–,8.00,–,–,77.6,17.8,1.72,–,32.4,0.819,345,43.1,3.63,–,69.4,–,–,–,,–,–,–,–,–,–,–,–,–,4.18,0.924,
2L,2L8X6X1X3/8SLBB,2L8X6X1X3/8SLBB,1.00,88.4,26.2,6.00,–,–,–,–,–,–,–,–,–,–,–,–,–,–,–,–,–,–,–,8.00,–,–,77.6,17.8,1.72,–,32.4,0.819,372,45.4,3.77,–,74.3,–,–,–,,–,–,–,–,–,–,–,–,–,4.30,0.929,
2L,2L8X6X1X3/4SLBB,2L8X6X1X3/4SLBB,1.00,88.4,26.2,6.00,–,–,–,–,–,–,–,–,–,–,–,–,–,–,–,–,–,–,–,8.00,–,–,77.6,17.8,1.72,–,32.4,0.819,401,47.9,3.91,–,79.3,–,–,–,,–,–,–,–,–,–,–,–,–,4.43,0.933,
2L,2L8X6X7/8LLBB,2L8X6X7/8LLBB,0.875,78.2,23.0,8.00,–,–,–,–,–,–,–,–,–,–,–,–,–,–,–,–,–,–,–,9.14,–,–,145,26.8,2.50,–,48.6,1.43,129,21.5,2.37,–,36.8,–,–,–,,–,–,–,–,–,–,–,–,–,4.07,0.718,
2L,2L8X6X7/8X3/8LLBB,2L8X6X7/8X3/8LLBB,0.875,78.2,23.0,8.00,–,–,–,–,–,–,–,–,–,–,–,–,–,–,–,–,–,–,–,9.14,–,–,145,26.8,2.50,–,48.6,1.43,144,23.3,2.50,–,41.1,–,–,–,,–,–,–,–,–,–,–,–,–,4.14,0.728,
2L,2L8X6X7/8X3/4LLBB,2L8X6X7/8X3/4LLBB,0.875,78.2,23.0,8.00,–,–,–,–,–,–,–,–,–,–,–,–,–,–,–,–,–,–,–,9.14,–,–,145,26.8,2.50,–,48.6,1.43,159,24.9,2.63,–,45.4,–,–,–,,–,–,–,–,–,–,–,–,–,4.23,0.739,
2L,2L8X6X7/8SLBB,2L8X6X7/8SLBB,0.875,78.2,23.0,6.00,–,–,–,–,–,–,–,–,–,–,–,–,–,–,–,–,–,–,–,9.14,–,–,69.8,15.9,1.74,–,28.7,0.719,300,37.5,3.61,–,59.8,–,–,–,,–,–,–,–,–,–,–,–,–,4.17,0.922,
2L,2L8X6X7/8X3/8SLBB,2L8X6X7/8X3/8SLBB,0.875,78.2,23.0,6.00,–,–,–,–,–,–,–,–,–,–,–,–,–,–,–,–,–,–,–,9.14,–,–,69.8,15.9,1.74,–,28.7,0.719,323,39.5,3.75,–,64.1,–,–,–,,–,–,–,–,–,–,–,–,–,4.29,0.926,
2L,2L8X6X7/8X3/4SLBB,2L8X6X7/8X3/4SLBB,0.875,78.2,23.0,6.00,–,–,–,–,–,–,–,–,–,–,–,–,–,–,–,–,–,–,–,9.14,–,–,69.8,15.9,1.74,–,28.7,0.719,348,41.6,3.89,–,68.4,–,–,–,,–,–,–,–,–,–,–,–,–,4.42,0.930,
2L,2L8X6X3/4LLBB,2L8X6X3/4LLBB,0.750,67.6,20.0,8.00,–,–,–,–,–,–,–,–,–,–,–,–,–,–,–,–,–,–,–,10.7,–,–,127,23.4,2.52,–,42.2,1.34,110,18.3,2.35,–,31.2,–,–,–,,–,–,–,–,–,–,–,–,–,4.07,0.714,
2L,2L8X6X3/4X3/8LLBB,2L8X6X3/4X3/8LLBB,0.750,67.6,20.0,8.00,–,–,–,–,–,–,–,–,–,–,–,–,–,–,–,–,–,–,–,10.7,–,–,127,23.4,2.52,–,42.2,1.34,122,19.7,2.47,–,34.9,–,–,–,,–,–,–,–,–,–,–,–,–,4.15,0.725,
2L,2L8X6X3/4X3/4LLBB,2L8X6X3/4X3/4LLBB,0.750,67.6,20.0,8.00,–,–,–,–,–,–,–,–,–,–,–,–,–,–,–,–,–,–,–,10.7,–,–,127,23.4,2.52,–,42.2,1.34,136,21.3,2.61,–,38.7,–,–,–,,–,–,–,–,–,–,–,–,–,4.23,0.735,
2L,2L8X6X3/4SLBB,2L8X6X3/4SLBB,0.750,67.6,20.0,6.00,–,–,–,–,–,–,–,–,–,–,–,–,–,–,–,–,–,–,–,10.7,–,–,61.5,13.8,1.75,–,24.9,0.624,258,32.2,3.59,–,50.9,–,–,–,,–,–,–,–,–,–,–,–,–,4.17,0.919,
2L,2L8X6X3/4X3/8SLBB,2L8X6X3/4X3/8SLBB,0.750,67.6,20.0,6.00,–,–,–,–,–,–,–,–,–,–,–,–,–,–,–,–,–,–,–,10.7,–,–,61.5,13.8,1.75,–,24.9,0.624,277,33.8,3.72,–,54.7,–,–,–,,–,–,–,–,–,–,–,–,–,4.28,0.924,
2L,2L8X6X3/4X3/4SLBB,2L8X6X3/4X3/4SLBB,0.750,67.6,20.0,6.00,–,–,–,–,–,–,–,–,–,–,–,–,–,–,–,–,–,–,–,10.7,–,–,61.5,13.8,1.75,–,24.9,0.624,298,35.6,3.86,–,58.4,–,–,–,,–,–,–,–,–,–,–,–,–,4.40,0.928,
2L,2L8X6X5/8LLBB,2L8X6X5/8LLBB,0.625,57.0,16.8,8.00,–,–,–,–,–,–,–,–,–,–,–,–,–,–,–,–,–,–,–,12.8,–,–,108,19.7,2.54,–,35.8,1.27,91.2,15.2,2.33,–,25.4,–,–,–,,–,–,–,–,–,–,–,–,–,4.08,0.712,
2L,2L8X6X5/8X3/8LLBB,2L8X6X5/8X3/8LLBB,0.625,57.0,16.8,8.00,–,–,–,–,–,–,–,–,–,–,–,–,–,–,–,–,–,–,–,12.8,–,–,108,19.7,2.54,–,35.8,1.27,101,16.3,2.45,–,28.6,–,–,–,,–,–,–,–,–,–,–,–,–,4.16,0.722,
2L,2L8X6X5/8X3/4LLBB,2L8X6X5/8X3/4LLBB,0.625,57.0,16.8,8.00,–,–,–,–,–,–,–,–,–,–,–,–,–,–,–,–,–,–,–,12.8,–,–,108,19.7,2.54,–,35.8,1.27,113,17.7,2.59,–,31.7,–,–,–,,–,–,–,–,–,–,–,–,–,4.24,0.732,
2L,2L8X6X5/8SLBB,2L8X6X5/8SLBB,0.625,57.0,16.8,6.00,–,–,–,–,–,–,–,–,–,–,–,–,–,–,–,–,–,–,–,12.8,–,–,52.8,11.8,1.77,–,21.0,0.526,214,26.8,3.57,–,42.0,–,–,–,,–,–,–,–,–,–,–,–,–,4.16,0.917,
2L,2L8X6X5/8X3/8SLBB,2L8X6X5/8X3/8SLBB,0.625,57.0,16.8,6.00,–,–,–,–,–,–,–,–,–,–,–,–,–,–,–,–,–,–,–,12.8,–,–,52.8,11.8,1.77,–,21.0,0.526,230,28.1,3.70,–,45.2,–,–,–,,–,–,–,–,–,–,–,–,–,4.27,0.921,
2L,2L8X6X5/8X3/4SLBB,2L8X6X5/8X3/4SLBB,0.625,57.0,16.8,6.00,–,–,–,–,–,–,–,–,–,–,–,–,–,–,–,–,–,–,–,12.8,–,–,52.8,11.8,1.77,–,21.0,0.526,248,29.6,3.84,–,48.4,–,–,–,,–,–,–,–,–,–,–,–,–,4.39,0.926,
2L,2L8X6X9/16LLBB,2L8X6X9/16LLBB,0.563,51.4,15.2,8.00,–,–,–,–,–,–,–,–,–,–,–,–,–,–,–,–,–,–,–,14.2,–,–,98.8,17.9,2.55,–,32.4,1.24,81.8,13.6,2.32,–,22.7,–,–,–,,–,–,–,–,–,–,–,–,–,4.09,0.710,
2L,2L8X6X9/16X3/8LLBB,2L8X6X9/16X3/8LLBB,0.563,51.4,15.2,8.00,–,–,–,–,–,–,–,–,–,–,–,–,–,–,–,–,–,–,–,14.2,–,–,98.8,17.9,2.55,–,32.4,1.24,90.5,14.6,2.44,–,25.5,–,–,–,,–,–,–,–,–,–,–,–,–,4.16,0.720,
2L,2L8X6X9/16X3/4LLBB,2L8X6X9/16X3/4LLBB,0.563,51.4,15.2,8.00,–,–,–,–,–,–,–,–,–,–,–,–,–,–,–,–,–,–,–,14.2,–,–,98.8,17.9,2.55,–,32.4,1.24,101,15.8,2.58,–,28.4,–,–,–,,–,–,–,–,–,–,–,–,–,4.24,0.731,
2L,2L8X6X9/16SLBB,2L8X6X9/16SLBB,0.563,51.4,15.2,6.00,–,–,–,–,–,–,–,–,–,–,–,–,–,–,–,–,–,–,–,14.2,–,–,48.2,10.7,1.78,–,19.0,0.476,192,24.0,3.55,–,37.7,–,–,–,,–,–,–,–,–,–,–,–,–,4.15,0.916,
2L,2L8X6X9/16X3/8SLBB,2L8X6X9/16X3/8SLBB,0.563,51.4,15.2,6.00,–,–,–,–,–,–,–,–,–,–,–,–,–,–,–,–,–,–,–,14.2,–,–,48.2,10.7,1.78,–,19.0,0.476,207,25.3,3.69,–,40.6,–,–,–,,–,–,–,–,–,–,–,–,–,4.27,0.920,
2L,2L8X6X9/16X3/4SLBB,2L8X6X9/16X3/4SLBB,0.563,51.4,15.2,6.00,–,–,–,–,–,–,–,–,–,–,–,–,–,–,–,–,–,–,–,14.2,–,–,48.2,10.7,1.78,–,19.0,0.476,223,26.6,3.83,–,43.5,–,–,–,,–,–,–,–,–,–,–,–,–,4.39,0.924,
2L,2L8X6X1/2LLBB,2L8X6X1/2LLBB,0.500,46.0,13.6,8.00,–,–,–,–,–,–,–,–,–,–,–,–,–,–,–,–,–,–,–,16.0,–,–,88.8,16.0,2.55,–,29.2,1.20,72.6,12.1,2.31,–,19.9,–,–,–,,–,–,–,–,–,–,–,–,–,4.09,0.709,
2L,2L8X6X1/2X3/8LLBB,2L8X6X1/2X3/8LLBB,0.500,46.0,13.6,8.00,–,–,–,–,–,–,–,–,–,–,–,–,–,–,–,–,–,–,–,16.0,–,–,88.8,16.0,2.55,–,29.2,1.20,80.3,13.0,2.43,–,22.4,–,–,–,,–,–,–,–,–,–,–,–,–,4.16,0.719,
2L,2L8X6X1/2X3/4LLBB,2L8X6X1/2X3/4LLBB,0.500,46.0,13.6,8.00,–,–,–,–,–,–,–,–,–,–,–,–,–,–,–,–,–,–,–,16.0,–,–,88.8,16.0,2.55,–,29.2,1.20,89.1,14.0,2.56,–,25.0,–,–,–,,–,–,–,–,–,–,–,–,–,4.24,0.729,
2L,2L8X6X1/2SLBB,2L8X6X1/2SLBB,0.500,46.0,13.6,6.00,–,–,–,–,–,–,–,–,–,–,–,–,–,–,–,–,–,–,–,16.0,–,–,43.5,9.58,1.79,–,17.0,0.425,170,21.2,3.54,–,33.5,–,–,–,,–,–,–,–,–,–,–,–,–,4.15,0.915,
2L,2L8X6X1/2X3/8SLBB,2L8X6X1/2X3/8SLBB,0.500,46.0,13.6,6.00,–,–,–,–,–,–,–,–,–,–,–,–,–,–,–,–,–,–,–,16.0,–,–,43.5,9.58,1.79,–,17.0,0.425,184,22.5,3.68,–,36.0,–,–,–,,–,–,–,–,–,–,–,–,–,4.26,0.919,
2L,2L8X6X1/2X3/4SLBB,2L8X6X1/2X3/4SLBB,0.500,46.0,13.6,6.00,–,–,–,–,–,–,–,–,–,–,–,–,–,–,–,–,–,–,–,16.0,–,–,43.5,9.58,1.79,–,17.0,0.425,197,23.5,3.81,–,38.6,–,–,–,,–,–,–,–,–,–,–,–,–,4.38,0.923,
2L,2L8X6X7/16LLBB,2L8X6X7/16LLBB,0.438,40.4,12.0,8.00,–,–,–,–,–,–,–,–,–,–,–,–,–,–,–,–,–,–,–,18.3,–,–,78.6,14.1,2.56,–,25.8,1.15,63.5,10.6,2.30,–,17.3,–,–,–,,–,–,–,–,–,–,–,–,–,4.09,0.708,
2L,2L8X6X7/16X3/8LLBB,2L8X6X7/16X3/8LLBB,0.438,40.4,12.0,8.00,–,–,–,–,–,–,–,–,–,–,–,–,–,–,–,–,–,–,–,18.3,–,–,78.6,14.1,2.56,–,25.8,1.15,70.3,11.4,2.42,–,19.5,–,–,–,,–,–,–,–,–,–,–,–,–,4.16,0.718,
2L,2L8X6X7/16X3/4LLBB,2L8X6X7/16X3/4LLBB,0.438,40.4,12.0,8.00,–,–,–,–,–,–,–,–,–,–,–,–,–,–,–,–,–,–,–,18.3,–,–,78.6,14.1,2.56,–,25.8,1.15,78.0,12.2,2.55,–,21.7,–,–,–,,–,–,–,–,–,–,–,–,–,4.24,0.728,
2L,2L8X6X7/16SLBB,2L8X6X7/16SLBB,0.438,40.4,12.0,6.00,–,–,–,–,–,–,–,–,–,–,–,–,–,–,–,–,–,–,–,18.3,–,–,38.6,8.46,1.80,–,15.0,0.374,150,18.8,3.53,–,29.1,–,–,–,,–,–,–,–,–,–,–,–,–,4.15,0.913,
2L,2L8X6X7/16X3/8SLBB,2L8X6X7/16X3/8SLBB,0.438,40.4,12.0,6.00,–,–,–,–,–,–,–,–,–,–,–,–,–,–,–,–,–,–,–,18.3,–,–,38.6,8.46,1.80,–,15.0,0.374,161,19.7,3.66,–,31.4,–,–,–,,–,–,–,–,–,–,–,–,–,4.26,0.918,
2L,2L8X6X7/16X3/4SLBB,2L8X6X7/16X3/4SLBB,0.438,40.4,12.0,6.00,–,–,–,–,–,–,–,–,–,–,–,–,–,–,–,–,–,–,–,18.3,–,–,38.6,8.46,1.80,–,15.0,0.374,173,20.7,3.80,–,33.6,–,–,–,,–,–,–,–,–,–,–,–,–,4.38,0.922,
,,,,,,,,,,,,,,,,,,,,,,,,,,,,,,,,,,,,,,,,,,,,,,,,,,,,,,,
2L,2L8X4X1LLBB,2L8X4X1LLBB,1.00,74.8,22.2,8.00,–,–,–,–,–,–,–,–,–,–,–,–,–,–,–,–,–,–,–,8.00,–,–,139,28.0,2.51,–,48.6,2.45,47.3,11.8,1.46,–,23.1,–,–,–,,–,–,–,–,–,–,–,–,–,3.86,0.568,
2L,2L8X4X1X3/8LLBB,2L8X4X1X3/8LLBB,1.00,74.8,22.2,8.00,–,–,–,–,–,–,–,–,–,–,–,–,–,–,–,–,–,–,–,8.00,–,–,139,28.0,2.51,–,48.6,2.45,56.8,13.6,1.60,–,27.3,–,–,–,,–,–,–,–,–,–,–,–,–,3.91,0.580,
2L,2L8X4X1X3/4LLBB,2L8X4X1X3/4LLBB,1.00,74.8,22.2,8.00,–,–,–,–,–,–,–,–,–,–,–,–,–,–,–,–,–,–,–,8.00,–,–,139,28.0,2.51,–,48.6,2.45,68.0,15.5,1.75,–,31.4,–,–,–,,–,–,–,–,–,–,–,–,–,3.97,0.594,
2L,2L8X4X1SLBB,2L8X4X1SLBB,1.00,74.8,22.2,4.00,–,–,–,–,–,–,–,–,–,–,–,–,–,–,–,–,–,–,–,8.00,–,–,23.3,7.87,1.03,–,15.5,0.694,345,43.1,3.94,–,67.3,–,–,–,,–,–,–,–,–,–,–,–,–,4.11,0.983,
2L,2L8X4X1X3/8SLBB,2L8X4X1X3/8SLBB,1.00,74.8,22.2,4.00,–,–,–,–,–,–,–,–,–,–,–,–,–,–,–,–,–,–,–,8.00,–,–,23.3,7.87,1.03,–,15.5,0.694,370,45.2,4.08,–,71.4,–,–,–,,–,–,–,–,–,–,–,–,–,4.25,0.984,
2L,2L8X4X1X3/4SLBB,2L8X4X1X3/4SLBB,1.00,74.8,22.2,4.00,–,–,–,–,–,–,–,–,–,–,–,–,–,–,–,–,–,–,–,8.00,–,–,23.3,7.87,1.03,–,15.5,0.694,397,47.4,4.23,–,75.6,–,–,–,,–,–,–,–,–,–,–,–,–,4.39,0.985,
2L,2L8X4X7/8LLBB,2L8X4X7/8LLBB,0.875,66.2,19.6,8.00,–,–,–,–,–,–,–,–,–,–,–,–,–,–,–,–,–,–,–,9.14,–,–,125,25.0,2.53,–,43.4,2.41,40.6,10.2,1.44,–,19.5,–,–,–,,–,–,–,–,–,–,–,–,–,3.87,0.566,
2L,2L8X4X7/8X3/8LLBB,2L8X4X7/8X3/8LLBB,0.875,66.2,19.6,8.00,–,–,–,–,–,–,–,–,–,–,–,–,–,–,–,–,–,–,–,9.14,–,–,125,25.0,2.53,–,43.4,2.41,48.3,11.5,1.57,–,23.2,–,–,–,,–,–,–,–,–,–,–,–,–,3.92,0.577,
2L,2L8X4X7/8X3/4LLBB,2L8X4X7/8X3/4LLBB,0.875,66.2,19.6,8.00,–,–,–,–,–,–,–,–,–,–,–,–,–,–,–,–,–,–,–,9.14,–,–,125,25.0,2.53,–,43.4,2.41,58.0,13.3,1.72,–,26.9,–,–,–,,–,–,–,–,–,–,–,–,–,3.98,0.590,
2L,2L8X4X7/8SLBB,2L8X4X7/8SLBB,0.875,66.2,19.6,4.00,–,–,–,–,–,–,–,–,–,–,–,–,–,–,–,–,–,–,–,9.14,–,–,21.1,7.02,1.04,–,13.5,0.612,300,37.5,3.91,–,58.5,–,–,–,,–,–,–,–,–,–,–,–,–,4.09,0.981,
2L,2L8X4X7/8X3/8SLBB,2L8X4X7/8X3/8SLBB,0.875,66.2,19.6,4.00,–,–,–,–,–,–,–,–,–,–,–,–,–,–,–,–,–,–,–,9.14,–,–,21.1,7.02,1.04,–,13.5,0.612,323,39.5,4.06,–,62.2,–,–,–,,–,–,–,–,–,–,–,–,–,4.22,0.982,
2L,2L8X4X7/8X3/4SLBB,2L8X4X7/8X3/4SLBB,0.875,66.2,19.6,4.00,–,–,–,–,–,–,–,–,–,–,–,–,–,–,–,–,–,–,–,9.14,–,–,21.1,7.02,1.04,–,13.5,0.612,347,41.4,4.21,–,65.9,–,–,–,,–,–,–,–,–,–,–,–,–,4.37,0.984,
2L,2L8X4X3/4LLBB,2L8X4X3/4LLBB,0.750,57.4,17.0,8.00,–,–,–,–,–,–,–,–,–,–,–,–,–,–,–,–,–,–,–,10.7,–,–,110,21.8,2.55,–,37.8,2.34,34.3,8.57,1.42,–,16.1,–,–,–,,–,–,–,–,–,–,–,–,–,3.88,0.564,
2L,2L8X4X3/4X3/8LLBB,2L8X4X3/4X3/8LLBB,0.750,57.4,17.0,8.00,–,–,–,–,–,–,–,–,–,–,–,–,–,–,–,–,–,–,–,10.7,–,–,110,21.8,2.55,–,37.8,2.34,40.8,9.74,1.55,–,19.3,–,–,–,,–,–,–,–,–,–,–,–,–,3.93,0.575,
2L,2L8X4X3/4X3/4LLBB,2L8X4X3/4X3/4LLBB,0.750,57.4,17.0,8.00,–,–,–,–,–,–,–,–,–,–,–,–,–,–,–,–,–,–,–,10.7,–,–,110,21.8,2.55,–,37.8,2.34,48.6,11.1,1.69,–,22.5,–,–,–,,–,–,–,–,–,–,–,–,–,3.99,0.587,
2L,2L8X4X3/4SLBB,2L8X4X3/4SLBB,0.750,57.4,17.0,4.00,–,–,–,–,–,–,–,–,–,–,–,–,–,–,–,–,–,–,–,10.7,–,–,18.7,6.14,1.05,–,11.6,0.531,257,32.1,3.89,–,49.9,–,–,–,,–,–,–,–,–,–,–,–,–,4.07,0.980,
2L,2L8X4X3/4X3/8SLBB,2L8X4X3/4X3/8SLBB,0.750,57.4,17.0,4.00,–,–,–,–,–,–,–,–,–,–,–,–,–,–,–,–,–,–,–,10.7,–,–,18.7,6.14,1.05,–,11.6,0.531,276,33.7,4.03,–,53.1,–,–,–,,–,–,–,–,–,–,–,–,–,4.20,0.981,
2L,2L8X4X3/4X3/4SLBB,2L8X4X3/4X3/4SLBB,0.750,57.4,17.0,4.00,–,–,–,–,–,–,–,–,–,–,–,–,–,–,–,–,–,–,–,10.7,–,–,18.7,6.14,1.05,–,11.6,0.531,297,35.5,4.18,–,56.3,–,–,–,,–,–,–,–,–,–,–,–,–,4.35,0.983,
2L,2L8X4X5/8LLBB,2L8X4X5/8LLBB,0.625,48.4,14.3,8.00,–,–,–,–,–,–,–,–,–,–,–,–,–,–,–,–,–,–,–,12.8,–,–,94.0,18.4,2.56,–,32.2,2.27,27.6,6.90,1.39,–,12.9,–,–,–,,–,–,–,–,–,–,–,–,–,3.89,0.562,
2L,2L8X4X5/8X3/8LLBB,2L8X4X5/8X3/8LLBB,0.625,48.4,14.3,8.00,–,–,–,–,–,–,–,–,–,–,–,–,–,–,–,–,–,–,–,12.8,–,–,94.0,18.4,2.56,–,32.2,2.27,33.0,7.88,1.52,–,15.6,–,–,–,,–,–,–,–,–,–,–,–,–,3.94,0.573,
2L,2L8X4X5/8X3/4LLBB,2L8X4X5/8X3/4LLBB,0.625,48.4,14.3,8.00,–,–,–,–,–,–,–,–,–,–,–,–,–,–,–,–,–,–,–,12.8,–,–,94.0,18.4,2.56,–,32.2,2.27,39.4,9.01,1.66,–,18.3,–,–,–,,–,–,–,–,–,–,–,–,–,3.99,0.585,
2L,2L8X4X5/8SLBB,2L8X4X5/8SLBB,0.625,48.4,14.3,4.00,–,–,–,–,–,–,–,–,–,–,–,–,–,–,–,–,–,–,–,12.8,–,–,16.2,5.23,1.06,–,9.73,0.448,213,26.6,3.86,–,41.4,–,–,–,,–,–,–,–,–,–,–,–,–,4.05,0.979,
2L,2L8X4X5/8X3/8SLBB,2L8X4X5/8X3/8SLBB,0.625,48.4,14.3,4.00,–,–,–,–,–,–,–,–,–,–,–,–,–,–,–,–,–,–,–,12.8,–,–,16.2,5.23,1.06,–,9.73,0.448,229,28.0,4.00,–,44.1,–,–,–,,–,–,–,–,–,–,–,–,–,4.18,0.980,
2L,2L8X4X5/8X3/4SLBB,2L8X4X5/8X3/4SLBB,0.625,48.4,14.3,4.00,–,–,–,–,–,–,–,–,–,–,–,–,–,–,–,–,–,–,–,12.8,–,–,16.2,5.23,1.06,–,9.73,0.448,246,29.4,4.15,–,46.8,–,–,–,,–,–,–,–,–,–,–,–,–,4.32,0.981,
2L,2L8X4X9/16LLBB,2L8X4X9/16LLBB,0.563,43.8,13.0,8.00,–,–,–,–,–,–,–,–,–,–,–,–,–,–,–,–,–,–,–,14.2,–,–,85.8,16.7,2.57,–,29.2,2.23,24.8,6.20,1.38,–,11.4,–,–,–,,–,–,–,–,–,–,–,–,–,3.90,0.562,
2L,2L8X4X9/16X3/8LLBB,2L8X4X9/16X3/8LLBB,0.563,43.8,13.0,8.00,–,–,–,–,–,–,–,–,–,–,–,–,–,–,–,–,–,–,–,14.2,–,–,85.8,16.7,2.57,–,29.2,2.23,29.6,7.07,1.51,–,13.8,–,–,–,,–,–,–,–,–,–,–,–,–,3.94,0.572,
2L,2L8X4X9/16X3/4LLBB,2L8X4X9/16X3/4LLBB,0.563,43.8,13.0,8.00,–,–,–,–,–,–,–,–,–,–,–,–,–,–,–,–,–,–,–,14.2,–,–,85.8,16.7,2.57,–,29.2,2.23,35.4,8.09,1.65,–,16.3,–,–,–,,–,–,–,–,–,–,–,–,–,4.00,0.584,
2L,2L8X4X9/16SLBB,2L8X4X9/16SLBB,0.563,43.8,13.0,4.00,–,–,–,–,–,–,–,–,–,–,–,–,–,–,–,–,–,–,–,14.2,–,–,14.9,4.77,1.07,–,8.77,0.406,193,24.1,3.85,–,37.1,–,–,–,,–,–,–,–,–,–,–,–,–,4.04,0.978,
2L,2L8X4X9/16X3/8SLBB,2L8X4X9/16X3/8SLBB,0.563,43.8,13.0,4.00,–,–,–,–,–,–,–,–,–,–,–,–,–,–,–,–,–,–,–,14.2,–,–,14.9,4.77,1.07,–,8.77,0.406,207,25.3,3.99,–,39.6,–,–,–,,–,–,–,–,–,–,–,–,–,4.17,0.980,
2L,2L8X4X9/16X3/4SLBB,2L8X4X9/16X3/4SLBB,0.563,43.8,13.0,4.00,–,–,–,–,–,–,–,–,–,–,–,–,–,–,–,–,–,–,–,14.2,–,–,14.9,4.77,1.07,–,8.77,0.406,222,26.5,4.13,–,42.0,–,–,–,,–,–,–,–,–,–,–,–,–,4.31,0.981,
2L,2L8X4X1/2LLBB,2L8X4X1/2LLBB,0.500,39.2,11.6,8.00,–,–,–,–,–,–,–,–,–,–,–,–,–,–,–,–,–,–,–,16.0,–,–,77.2,15.0,2.58,–,26.2,2.20,22.1,5.52,1.38,–,9.91,–,–,–,,–,–,–,–,–,–,–,–,–,3.90,0.561,
2L,2L8X4X1/2X3/8LLBB,2L8X4X1/2X3/8LLBB,0.500,39.2,11.6,8.00,–,–,–,–,–,–,–,–,–,–,–,–,–,–,–,–,–,–,–,16.0,–,–,77.2,15.0,2.58,–,26.2,2.20,26.1,6.23,1.50,–,12.1,–,–,–,,–,–,–,–,–,–,–,–,–,3.95,0.571,
2L,2L8X4X1/2X3/4LLBB,2L8X4X1/2X3/4LLBB,0.500,39.2,11.6,8.00,–,–,–,–,–,–,–,–,–,–,–,–,–,–,–,–,–,–,–,16.0,–,–,77.2,15.0,2.58,–,26.2,2.20,30.8,7.04,1.63,–,14.3,–,–,–,,–,–,–,–,–,–,–,–,–,4.00,0.583,
2L,2L8X4X1/2SLBB,2L8X4X1/2SLBB,0.500,39.2,11.6,4.00,–,–,–,–,–,–,–,–,–,–,–,–,–,–,–,–,–,–,–,16.0,–,–,13.5,4.29,1.08,–,7.81,0.363,170,21.2,3.83,–,32.9,–,–,–,,–,–,–,–,–,–,–,–,–,4.03,0.978,
2L,2L8X4X1/2X3/8SLBB,2L8X4X1/2X3/8SLBB,0.500,39.2,11.6,4.00,–,–,–,–,–,–,–,–,–,–,–,–,–,–,–,–,–,–,–,16.0,–,–,13.5,4.29,1.08,–,7.81,0.363,183,22.4,3.97,–,35.1,–,–,–,,–,–,–,–,–,–,–,–,–,4.16,0.979,
2L,2L8X4X1/2X3/4SLBB,2L8X4X1/2X3/4SLBB,0.500,39.2,11.6,4.00,–,–,–,–,–,–,–,–,–,–,–,–,–,–,–,–,–,–,–,16.0,–,–,13.5,4.29,1.08,–,7.81,0.363,197,23.5,4.12,–,37.3,–,–,–,,–,–,–,–,–,–,–,–,–,4.30,0.980,
2L,2L8X4X7/16LLBB,2L8X4X7/16LLBB,0.438,34.4,10.2,8.00,–,–,–,–,–,–,–,–,–,–,–,–,–,–,–,–,–,–,–,18.3,–,–,68.4,13.2,2.59,–,23.2,2.16,19.1,4.78,1.37,–,8.47,–,–,–,,–,–,–,–,–,–,–,–,–,3.91,0.561,
2L,2L8X4X7/16X3/8LLBB,2L8X4X7/16X3/8LLBB,0.438,34.4,10.2,8.00,–,–,–,–,–,–,–,–,–,–,–,–,–,–,–,–,–,–,–,18.3,–,–,68.4,13.2,2.59,–,23.2,2.16,22.6,5.40,1.49,–,10.4,–,–,–,,–,–,–,–,–,–,–,–,–,3.95,0.571,
2L,2L8X4X7/16X3/4LLBB,2L8X4X7/16X3/4LLBB,0.438,34.4,10.2,8.00,–,–,–,–,–,–,–,–,–,–,–,–,–,–,–,–,–,–,–,18.3,–,–,68.4,13.2,2.59,–,23.2,2.16,26.8,6.13,1.62,–,12.3,–,–,–,,–,–,–,–,–,–,–,–,–,4.00,0.582,
2L,2L8X4X7/16SLBB,2L8X4X7/16SLBB,0.438,34.4,10.2,4.00,–,–,–,–,–,–,–,–,–,–,–,–,–,–,–,–,–,–,–,18.3,–,–,12.1,3.81,1.09,–,6.85,0.319,149,18.6,3.82,–,28.7,–,–,–,,–,–,–,–,–,–,–,–,–,4.02,0.977,
2L,2L8X4X7/16X3/8SLBB,2L8X4X7/16X3/8SLBB,0.438,34.4,10.2,4.00,–,–,–,–,–,–,–,–,–,–,–,–,–,–,–,–,–,–,–,18.3,–,–,12.1,3.81,1.09,–,6.85,0.319,160,19.5,3.96,–,30.6,–,–,–,,–,–,–,–,–,–,–,–,–,4.15,0.978,
2L,2L8X4X7/16X3/4SLBB,2L8X4X7/16X3/4SLBB,0.438,34.4,10.2,4.00,–,–,–,–,–,–,–,–,–,–,–,–,–,–,–,–,–,–,–,18.3,–,–,12.1,3.81,1.09,–,6.85,0.319,171,20.4,4.10,–,32.6,–,–,–,,–,–,–,–,–,–,–,–,–,4.29,0.980,
,,,,,,,,,,,,,,,,,,,,,,,,,,,,,,,,,,,,,,,,,,,,,,,,,,,,,,,
2L,2L7X4X3/4LLBB,2L7X4X3/4LLBB,0.750,52.4,15.5,7.00,–,–,–,–,–,–,–,–,–,–,–,–,–,–,–,–,–,–,–,9.33,–,–,75.6,16.8,2.21,–,29.6,1.84,34.0,8.50,1.48,–,15.5,–,–,–,,–,–,–,–,–,–,–,–,–,3.41,0.611,
2L,2L7X4X3/4X3/8LLBB,2L7X4X3/4X3/8LLBB,0.750,52.4,15.5,7.00,–,–,–,–,–,–,–,–,–,–,–,–,–,–,–,–,–,–,–,9.33,–,–,75.6,16.8,2.21,–,29.6,1.84,40.2,9.60,1.61,–,18.4,–,–,–,,–,–,–,–,–,–,–,–,–,3.47,0.624,
2L,2L7X4X3/4X3/4LLBB,2L7X4X3/4X3/4LLBB,0.750,52.4,15.5,7.00,–,–,–,–,–,–,–,–,–,–,–,–,–,–,–,–,–,–,–,9.33,–,–,75.6,16.8,2.21,–,29.6,1.84,47.5,10.9,1.75,–,21.3,–,–,–,,–,–,–,–,–,–,–,–,–,3.53,0.639,
2L,2L7X4X3/4SLBB,2L7X4X3/4SLBB,0.750,52.4,15.5,4.00,–,–,–,–,–,–,–,–,–,–,–,–,–,–,–,–,–,–,–,9.33,–,–,18.0,6.01,1.08,–,11.2,0.553,173,24.7,3.34,–,38.7,–,–,–,,–,–,–,–,–,–,–,–,–,3.57,0.969,
2L,2L7X4X3/4X3/8SLBB,2L7X4X3/4X3/8SLBB,0.750,52.4,15.5,4.00,–,–,–,–,–,–,–,–,–,–,–,–,–,–,–,–,–,–,–,9.33,–,–,18.0,6.01,1.08,–,11.2,0.553,188,26.2,3.48,–,41.6,–,–,–,,–,–,–,–,–,–,–,–,–,3.70,0.971,
2L,2L7X4X3/4X3/4SLBB,2L7X4X3/4X3/4SLBB,0.750,52.4,15.5,4.00,–,–,–,–,–,–,–,–,–,–,–,–,–,–,–,–,–,–,–,9.33,–,–,18.0,6.01,1.08,–,11.2,0.553,204,27.7,3.63,–,44.5,–,–,–,,–,–,–,–,–,–,–,–,–,3.84,0.973,
2L,2L7X4X5/8LLBB,2L7X4X5/8LLBB,0.625,44.2,13.0,7.00,–,–,–,–,–,–,–,–,–,–,–,–,–,–,–,–,–,–,–,11.2,–,–,64.8,14.2,2.23,–,25.0,1.80,27.3,6.82,1.45,–,12.5,–,–,–,,–,–,–,–,–,–,–,–,–,3.42,0.608,
2L,2L7X4X5/8X3/8LLBB,2L7X4X5/8X3/8LLBB,0.625,44.2,13.0,7.00,–,–,–,–,–,–,–,–,–,–,–,–,–,–,–,–,–,–,–,11.2,–,–,64.8,14.2,2.23,–,25.0,1.80,32.5,7.76,1.58,–,14.9,–,–,–,,–,–,–,–,–,–,–,–,–,3.47,0.621,
2L,2L7X4X5/8X3/4LLBB,2L7X4X5/8X3/4LLBB,0.625,44.2,13.0,7.00,–,–,–,–,–,–,–,–,–,–,–,–,–,–,–,–,–,–,–,11.2,–,–,64.8,14.2,2.23,–,25.0,1.80,38.9,8.89,1.73,–,17.3,–,–,–,,–,–,–,–,–,–,–,–,–,3.54,0.635,
2L,2L7X4X5/8SLBB,2L7X4X5/8SLBB,0.625,44.2,13.0,4.00,–,–,–,–,–,–,–,–,–,–,–,–,–,–,–,–,–,–,–,11.2,–,–,15.6,5.12,1.10,–,9.38,0.464,142,20.3,3.31,–,31.8,–,–,–,,–,–,–,–,–,–,–,–,–,3.55,0.967,
2L,2L7X4X5/8X3/8SLBB,2L7X4X5/8X3/8SLBB,0.625,44.2,13.0,4.00,–,–,–,–,–,–,–,–,–,–,–,–,–,–,–,–,–,–,–,11.2,–,–,15.6,5.12,1.10,–,9.38,0.464,156,21.7,3.46,–,34.3,–,–,–,,–,–,–,–,–,–,–,–,–,3.68,0.969,
2L,2L7X4X5/8X3/4SLBB,2L7X4X5/8X3/4SLBB,0.625,44.2,13.0,4.00,–,–,–,–,–,–,–,–,–,–,–,–,–,–,–,–,–,–,–,11.2,–,–,15.6,5.12,1.10,–,9.38,0.464,168,22.8,3.60,–,36.7,–,–,–,,–,–,–,–,–,–,–,–,–,3.82,0.971,
2L,2L7X4X1/2LLBB,2L7X4X1/2LLBB,0.500,35.8,10.5,7.00,–,–,–,–,–,–,–,–,–,–,–,–,–,–,–,–,–,–,–,14.0,–,–,53.2,11.6,2.25,–,20.4,1.74,21.8,5.45,1.44,–,9.57,–,–,–,,–,–,–,–,–,–,–,–,–,3.43,0.606,
2L,2L7X4X1/2X3/8LLBB,2L7X4X1/2X3/8LLBB,0.500,35.8,10.5,7.00,–,–,–,–,–,–,–,–,–,–,–,–,–,–,–,–,–,–,–,14.0,–,–,53.2,11.6,2.25,–,20.4,1.74,25.6,6.11,1.56,–,11.5,–,–,–,,–,–,–,–,–,–,–,–,–,3.48,0.618,
2L,2L7X4X1/2X3/4LLBB,2L7X4X1/2X3/4LLBB,0.500,35.8,10.5,7.00,–,–,–,–,–,–,–,–,–,–,–,–,–,–,–,–,–,–,–,14.0,–,–,53.2,11.6,2.25,–,20.4,1.74,30.3,6.93,1.70,–,13.5,–,–,–,,–,–,–,–,–,–,–,–,–,3.55,0.632,
2L,2L7X4X1/2SLBB,2L7X4X1/2SLBB,0.500,35.8,10.5,4.00,–,–,–,–,–,–,–,–,–,–,–,–,–,–,–,–,–,–,–,14.0,–,–,13.0,4.20,1.11,–,7.54,0.376,114,16.3,3.29,–,25.2,–,–,–,,–,–,–,–,–,–,–,–,–,3.53,0.965,
2L,2L7X4X1/2X3/8SLBB,2L7X4X1/2X3/8SLBB,0.500,35.8,10.5,4.00,–,–,–,–,–,–,–,–,–,–,–,–,–,–,–,–,–,–,–,14.0,–,–,13.0,4.20,1.11,–,7.54,0.376,124,17.3,3.43,–,27.2,–,–,–,,–,–,–,–,–,–,–,–,–,3.66,0.968,
2L,2L7X4X1/2X3/4SLBB,2L7X4X1/2X3/4SLBB,0.500,35.8,10.5,4.00,–,–,–,–,–,–,–,–,–,–,–,–,–,–,–,–,–,–,–,14.0,–,–,13.0,4.20,1.11,–,7.54,0.376,134,18.2,3.57,–,29.2,–,–,–,,–,–,–,–,–,–,–,–,–,3.80,0.970,
2L,2L7X4X7/16LLBB,2L7X4X7/16LLBB,0.438,31.4,9.26,7.00,–,–,–,–,–,–,–,–,–,–,–,–,–,–,–,–,–,–,–,16.0,–,–,47.2,10.2,2.26,–,18.1,1.71,18.9,4.72,1.43,–,8.20,–,–,–,,–,–,–,–,–,–,–,–,–,3.43,0.605,
2L,2L7X4X7/16X3/8LLBB,2L7X4X7/16X3/8LLBB,0.438,31.4,9.26,7.00,–,–,–,–,–,–,–,–,–,–,–,–,–,–,–,–,–,–,–,16.0,–,–,47.2,10.2,2.26,–,18.1,1.71,22.2,5.30,1.55,–,9.94,–,–,–,,–,–,–,–,–,–,–,–,–,3.49,0.617,
2L,2L7X4X7/16X3/4LLBB,2L7X4X7/16X3/4LLBB,0.438,31.4,9.26,7.00,–,–,–,–,–,–,–,–,–,–,–,–,–,–,–,–,–,–,–,16.0,–,–,47.2,10.2,2.26,–,18.1,1.71,26.1,5.97,1.68,–,11.7,–,–,–,,–,–,–,–,–,–,–,–,–,3.55,0.630,
2L,2L7X4X7/16SLBB,2L7X4X7/16SLBB,0.438,31.4,9.26,4.00,–,–,–,–,–,–,–,–,–,–,–,–,–,–,–,–,–,–,–,16.0,–,–,11.6,3.72,1.12,–,6.61,0.331,99.6,14.2,3.28,–,22.0,–,–,–,,–,–,–,–,–,–,–,–,–,3.53,0.964,
2L,2L7X4X7/16X3/8SLBB,2L7X4X7/16X3/8SLBB,0.438,31.4,9.26,4.00,–,–,–,–,–,–,–,–,–,–,–,–,–,–,–,–,–,–,–,16.0,–,–,11.6,3.72,1.12,–,6.61,0.331,108,15.0,3.42,–,23.8,–,–,–,,–,–,–,–,–,–,–,–,–,3.66,0.967,
2L,2L7X4X7/16X3/4SLBB,2L7X4X7/16X3/4SLBB,0.438,31.4,9.26,4.00,–,–,–,–,–,–,–,–,–,–,–,–,–,–,–,–,–,–,–,16.0,–,–,11.6,3.72,1.12,–,6.61,0.331,117,15.9,3.56,–,25.5,–,–,–,,–,–,–,–,–,–,–,–,–,3.79,0.969,
2L,2L7X4X3/8LLBB,2L7X4X3/8LLBB,0.375,27.2,8.00,7.00,–,–,–,–,–,–,–,–,–,–,–,–,–,–,–,–,–,–,–,18.7,–,–,41.0,8.84,2.27,–,15.6,1.67,16.1,4.03,1.42,–,6.89,–,–,–,,–,–,–,–,–,–,–,–,–,3.44,0.605,
2L,2L7X4X3/8X3/8LLBB,2L7X4X3/8X3/8LLBB,0.375,27.2,8.00,7.00,–,–,–,–,–,–,–,–,–,–,–,–,–,–,–,–,–,–,–,18.7,–,–,41.0,8.84,2.27,–,15.6,1.67,19.0,4.54,1.54,–,8.39,–,–,–,,–,–,–,–,–,–,–,–,–,3.49,0.616,
2L,2L7X4X3/8X3/4LLBB,2L7X4X3/8X3/4LLBB,0.375,27.2,8.00,7.00,–,–,–,–,–,–,–,–,–,–,–,–,–,–,–,–,–,–,–,18.7,–,–,41.0,8.84,2.27,–,15.6,1.67,22.3,5.10,1.67,–,9.89,–,–,–,,–,–,–,–,–,–,–,–,–,3.55,0.629,
2L,2L7X4X3/8SLBB,2L7X4X3/8SLBB,0.375,27.2,8.00,4.00,–,–,–,–,–,–,–,–,–,–,–,–,–,–,–,–,–,–,–,18.7,–,–,10.1,3.22,1.12,–,5.68,0.286,85.0,12.1,3.26,–,18.8,–,–,–,,–,–,–,–,–,–,–,–,–,3.52,0.963,
2L,2L7X4X3/8X3/8SLBB,2L7X4X3/8X3/8SLBB,0.375,27.2,8.00,4.00,–,–,–,–,–,–,–,–,–,–,–,–,–,–,–,–,–,–,–,18.7,–,–,10.1,3.22,1.12,–,5.68,0.286,92.5,12.9,3.40,–,20.3,–,–,–,,–,–,–,–,–,–,–,–,–,3.65,0.966,
2L,2L7X4X3/8X3/4SLBB,2L7X4X3/8X3/4SLBB,0.375,27.2,8.00,4.00,–,–,–,–,–,–,–,–,–,–,–,–,–,–,–,–,–,–,–,18.7,–,–,10.1,3.22,1.12,–,5.68,0.286,100,13.6,3.54,–,21.8,–,–,–,,–,–,–,–,–,–,–,–,–,3.78,0.968,
,,,,,,,,,,,,,,,,,,,,,,,,,,,,,,,,,,,,,,,,,,,,,,,,,,,,,,,
2L,2L6X6X1,2L6X6X1,1.00,74.8,22.0,6.00,–,–,–,–,–,–,–,–,–,–,–,–,–,–,–,–,–,–,–,6.00,–,–,70.8,17.1,1.79,–,30.8,0.917,146,24.3,2.58,–,40.9,–,–,–,,–,–,–,–,–,–,–,–,–,3.42,0.843,
2L,2L6X6X1X3/8,2L6X6X1X3/8,1.00,74.8,22.0,6.00,–,–,–,–,–,–,–,–,–,–,–,–,–,–,–,–,–,–,–,6.00,–,–,70.8,17.1,1.79,–,30.8,0.917,163,26.3,2.72,–,45.0,–,–,–,,–,–,–,–,–,–,–,–,–,3.53,0.852,
2L,2L6X6X1X3/4,2L6X6X1X3/4,1.00,74.8,22.0,6.00,–,–,–,–,–,–,–,–,–,–,–,–,–,–,–,–,–,–,–,6.00,–,–,70.8,17.1,1.79,–,30.8,0.917,180,28.2,2.86,–,49.2,–,–,–,,–,–,–,–,–,–,–,–,–,3.64,0.861,
2L,2L6X6X7/8,2L6X6X7/8,0.875,66.2,19.5,6.00,–,–,–,–,–,–,–,–,–,–,–,–,–,–,–,–,–,–,–,6.86,–,–,63.8,15.2,1.81,–,27.4,0.813,128,21.3,2.56,–,35.3,–,–,–,,–,–,–,–,–,–,–,–,–,3.42,0.839,
2L,2L6X6X7/8X3/8,2L6X6X7/8X3/8,0.875,66.2,19.5,6.00,–,–,–,–,–,–,–,–,–,–,–,–,–,–,–,–,–,–,–,6.86,–,–,63.8,15.2,1.81,–,27.4,0.813,142,22.9,2.70,–,39.0,–,–,–,,–,–,–,–,–,–,–,–,–,3.53,0.848,
2L,2L6X6X7/8X3/4,2L6X6X7/8X3/4,0.875,66.2,19.5,6.00,–,–,–,–,–,–,–,–,–,–,–,–,–,–,–,–,–,–,–,6.86,–,–,63.8,15.2,1.81,–,27.4,0.813,157,24.6,2.84,–,42.6,–,–,–,,–,–,–,–,–,–,–,–,–,3.63,0.857,
2L,2L6X6X3/4,2L6X6X3/4,0.750,57.4,16.9,6.00,–,–,–,–,–,–,–,–,–,–,–,–,–,–,–,–,–,–,–,8.00,–,–,56.2,13.3,1.82,–,23.8,0.705,109,18.2,2.54,–,29.9,–,–,–,,–,–,–,–,–,–,–,–,–,3.42,0.835,
2L,2L6X6X3/4X3/8,2L6X6X3/4X3/8,0.750,57.4,16.9,6.00,–,–,–,–,–,–,–,–,–,–,–,–,–,–,–,–,–,–,–,8.00,–,–,56.2,13.3,1.82,–,23.8,0.705,120,19.4,2.67,–,33.1,–,–,–,,–,–,–,–,–,–,–,–,–,3.52,0.844,
2L,2L6X6X3/4X3/4,2L6X6X3/4X3/4,0.750,57.4,16.9,6.00,–,–,–,–,–,–,–,–,–,–,–,–,–,–,–,–,–,–,–,8.00,–,–,56.2,13.3,1.82,–,23.8,0.705,133,20.9,2.81,–,36.3,–,–,–,,–,–,–,–,–,–,–,–,–,3.63,0.853,
2L,2L6X6X5/8,2L6X6X5/8,0.625,48.4,14.3,6.00,–,–,–,–,–,–,–,–,–,–,–,–,–,–,–,–,–,–,–,9.60,–,–,48.2,11.3,1.84,–,20.2,0.594,90.8,15.1,2.52,–,24.5,–,–,–,,–,–,–,–,–,–,–,–,–,3.42,0.831,
2L,2L6X6X5/8X3/8,2L6X6X5/8X3/8,0.625,48.4,14.3,6.00,–,–,–,–,–,–,–,–,–,–,–,–,–,–,–,–,–,–,–,9.60,–,–,48.2,11.3,1.84,–,20.2,0.594,100,16.2,2.65,–,27.2,–,–,–,,–,–,–,–,–,–,–,–,–,3.52,0.840,
2L,2L6X6X5/8X3/4,2L6X6X5/8X3/4,0.625,48.4,14.3,6.00,–,–,–,–,–,–,–,–,–,–,–,–,–,–,–,–,–,–,–,9.60,–,–,48.2,11.3,1.84,–,20.2,0.594,111,17.4,2.79,–,29.9,–,–,–,,–,–,–,–,–,–,–,–,–,3.62,0.849,
2L,2L6X6X9/16,2L6X6X9/16,0.563,43.8,12.9,6.00,–,–,–,–,–,–,–,–,–,–,–,–,–,–,–,–,–,–,–,10.7,–,–,44.0,10.2,1.85,–,18.4,0.538,81.3,13.6,2.51,–,21.9,–,–,–,,–,–,–,–,–,–,–,–,–,3.42,0.829,
2L,2L6X6X9/16X3/8,2L6X6X9/16X3/8,0.563,43.8,12.9,6.00,–,–,–,–,–,–,–,–,–,–,–,–,–,–,–,–,–,–,–,10.7,–,–,44.0,10.2,1.85,–,18.4,0.538,89.9,14.5,2.64,–,24.3,–,–,–,,–,–,–,–,–,–,–,–,–,3.52,0.838,
2L,2L6X6X9/16X3/4,2L6X6X9/16X3/4,0.563,43.8,12.9,6.00,–,–,–,–,–,–,–,–,–,–,–,–,–,–,–,–,–,–,–,10.7,–,–,44.0,10.2,1.85,–,18.4,0.538,99.7,15.6,2.78,–,26.8,–,–,–,,–,–,–,–,–,–,–,–,–,3.62,0.847,
2L,2L6X6X1/2,2L6X6X1/2,0.500,39.2,11.5,6.00,–,–,–,–,–,–,–,–,–,–,–,–,–,–,–,–,–,–,–,12.0,–,–,39.8,9.18,1.86,–,16.4,0.481,71.9,12.0,2.50,–,19.3,–,–,–,,–,–,–,–,–,–,–,–,–,3.42,0.827,
2L,2L6X6X1/2X3/8,2L6X6X1/2X3/8,0.500,39.2,11.5,6.00,–,–,–,–,–,–,–,–,–,–,–,–,–,–,–,–,–,–,–,12.0,–,–,39.8,9.18,1.86,–,16.4,0.481,79.5,12.8,2.63,–,21.4,–,–,–,,–,–,–,–,–,–,–,–,–,3.52,0.836,
2L,2L6X6X1/2X3/4,2L6X6X1/2X3/4,0.500,39.2,11.5,6.00,–,–,–,–,–,–,–,–,–,–,–,–,–,–,–,–,–,–,–,12.0,–,–,39.8,9.18,1.86,–,16.4,0.481,87.6,13.7,2.76,–,23.6,–,–,–,,–,–,–,–,–,–,–,–,–,3.62,0.846,
2L,2L6X6X7/16,2L6X6X7/16,0.438,34.4,10.2,6.00,–,–,–,–,–,–,–,–,–,–,–,–,–,–,–,–,–,–,–,13.7,–,–,35.2,8.12,1.86,–,14.5,0.423,63.2,10.5,2.49,–,16.8,–,–,–,,–,–,–,–,–,–,–,–,–,3.42,0.826,
2L,2L6X6X7/16X3/8,2L6X6X7/16X3/8,0.438,34.4,10.2,6.00,–,–,–,–,–,–,–,–,–,–,–,–,–,–,–,–,–,–,–,13.7,–,–,35.2,8.12,1.86,–,14.5,0.423,70.0,11.3,2.62,–,18.7,–,–,–,,–,–,–,–,–,–,–,–,–,3.52,0.835,
2L,2L6X6X7/16X3/4,2L6X6X7/16X3/4,0.438,34.4,10.2,6.00,–,–,–,–,–,–,–,–,–,–,–,–,–,–,–,–,–,–,–,13.7,–,–,35.2,8.12,1.86,–,14.5,0.423,77.1,12.1,2.75,–,20.6,–,–,–,,–,–,–,–,–,–,–,–,–,3.62,0.844,
2L,2L6X6X3/8,2L6X6X3/8,0.375,29.8,8.76,6.00,–,–,–,–,–,–,–,–,–,–,–,–,–,–,–,–,–,–,–,16.0,–,–,30.8,7.02,1.87,–,12.5,0.365,53.9,8.98,2.48,–,14.2,–,–,–,,–,–,–,–,–,–,–,–,–,3.42,0.824,
2L,2L6X6X3/8X3/8,2L6X6X3/8X3/8,0.375,29.8,8.76,6.00,–,–,–,–,–,–,–,–,–,–,–,–,–,–,–,–,–,–,–,16.0,–,–,30.8,7.02,1.87,–,12.5,0.365,59.2,9.57,2.60,–,15.8,–,–,–,,–,–,–,–,–,–,–,–,–,3.51,0.833,
2L,2L6X6X3/8X3/4,2L6X6X3/8X3/4,0.375,29.8,8.76,6.00,–,–,–,–,–,–,–,–,–,–,–,–,–,–,–,–,–,–,–,16.0,–,–,30.8,7.02,1.87,–,12.5,0.365,65.8,10.3,2.74,–,17.5,–,–,–,,–,–,–,–,–,–,–,–,–,3.61,0.842,
2L,2L6X6X5/16,2L6X6X5/16,0.313,24.8,7.34,6.00,–,–,–,–,–,–,–,–,–,–,–,–,–,–,–,–,–,–,–,19.2,–,–,26.0,5.90,1.88,–,10.5,0.306,44.8,7.47,2.47,–,11.7,–,–,–,,–,–,–,–,–,–,–,–,–,3.42,0.823,
2L,2L6X6X5/16X3/8,2L6X6X5/16X3/8,0.313,24.8,7.34,6.00,–,–,–,–,–,–,–,–,–,–,–,–,–,–,–,–,–,–,–,19.2,–,–,26.0,5.90,1.88,–,10.5,0.306,49.2,7.95,2.59,–,13.1,–,–,–,,–,–,–,–,–,–,–,–,–,3.51,0.832,
2L,2L6X6X5/16X3/4,2L6X6X5/16X3/4,0.313,24.8,7.34,6.00,–,–,–,–,–,–,–,–,–,–,–,–,–,–,–,–,–,–,–,19.2,–,–,26.0,5.90,1.88,–,10.5,0.306,54.3,8.52,2.72,–,14.5,–,–,–,,–,–,–,–,–,–,–,–,–,3.61,0.841,
,,,,,,,,,,,,,,,,,,,,,,,,,,,,,,,,,,,,,,,,,,,,,,,,,,,,,,,
2L,2L6X4X7/8LLBB,2L6X4X7/8LLBB,0.875,54.4,16.0,6.00,–,–,–,–,–,–,–,–,–,–,–,–,–,–,–,–,–,–,–,6.86,–,–,55.4,14.3,1.86,–,25.4,1.43,39.4,9.85,1.57,–,17.9,–,–,–,,–,–,–,–,–,–,–,–,–,2.96,0.678,
2L,2L6X4X7/8X3/8LLBB,2L6X4X7/8X3/8LLBB,0.875,54.4,16.0,6.00,–,–,–,–,–,–,–,–,–,–,–,–,–,–,–,–,–,–,–,6.86,–,–,55.4,14.3,1.86,–,25.4,1.43,46.8,11.2,1.71,–,20.9,–,–,–,,–,–,–,–,–,–,–,–,–,3.04,0.694,
2L,2L6X4X7/8X3/4LLBB,2L6X4X7/8X3/4LLBB,0.875,54.4,16.0,6.00,–,–,–,–,–,–,–,–,–,–,–,–,–,–,–,–,–,–,–,6.86,–,–,55.4,14.3,1.86,–,25.4,1.43,55.4,12.7,1.86,–,23.9,–,–,–,,–,–,–,–,–,–,–,–,–,3.12,0.710,
2L,2L6X4X7/8SLBB,2L6X4X7/8SLBB,0.875,54.4,16.0,4.00,–,–,–,–,–,–,–,–,–,–,–,–,–,–,–,–,–,–,–,6.86,–,–,19.4,6.74,1.10,–,12.5,0.667,127,21.2,2.82,–,33.9,–,–,–,,–,–,–,–,–,–,–,–,–,3.10,0.952,
2L,2L6X4X7/8X3/8SLBB,2L6X4X7/8X3/8SLBB,0.875,54.4,16.0,4.00,–,–,–,–,–,–,–,–,–,–,–,–,–,–,–,–,–,–,–,6.86,–,–,19.4,6.74,1.10,–,12.5,0.667,140,22.6,2.96,–,36.9,–,–,–,,–,–,–,–,–,–,–,–,–,3.23,0.956,
2L,2L6X4X7/8X3/4SLBB,2L6X4X7/8X3/4SLBB,0.875,54.4,16.0,4.00,–,–,–,–,–,–,–,–,–,–,–,–,–,–,–,–,–,–,–,6.86,–,–,19.4,6.74,1.10,–,12.5,0.667,155,24.3,3.11,–,39.9,–,–,–,,–,–,–,–,–,–,–,–,–,3.37,0.959,
2L,2L6X4X3/4LLBB,2L6X4X3/4LLBB,0.750,47.2,13.9,6.00,–,–,–,–,–,–,–,–,–,–,–,–,–,–,–,–,–,–,–,8.00,–,–,49.0,12.5,1.88,–,22.2,1.37,33.4,8.35,1.55,–,14.9,–,–,–,,–,–,–,–,–,–,–,–,–,2.97,0.673,
2L,2L6X4X3/4X3/8LLBB,2L6X4X3/4X3/8LLBB,0.750,47.2,13.9,6.00,–,–,–,–,–,–,–,–,–,–,–,–,–,–,–,–,–,–,–,8.00,–,–,49.0,12.5,1.88,–,22.2,1.37,39.2,9.36,1.68,–,17.5,–,–,–,,–,–,–,–,–,–,–,–,–,3.04,0.688,
2L,2L6X4X3/4X3/4LLBB,2L6X4X3/4X3/4LLBB,0.750,47.2,13.9,6.00,–,–,–,–,–,–,–,–,–,–,–,–,–,–,–,–,–,–,–,8.00,–,–,49.0,12.5,1.88,–,22.2,1.37,46.5,10.6,1.83,–,20.1,–,–,–,,–,–,–,–,–,–,–,–,–,3.12,0.705,
2L,2L6X4X3/4SLBB,2L6X4X3/4SLBB,0.750,47.2,13.9,4.00,–,–,–,–,–,–,–,–,–,–,–,–,–,–,–,–,–,–,–,8.00,–,–,17.3,5.90,1.12,–,10.8,0.578,109,18.2,2.80,–,28.7,–,–,–,,–,–,–,–,–,–,–,–,–,3.09,0.949,
2L,2L6X4X3/4X3/8SLBB,2L6X4X3/4X3/8SLBB,0.750,47.2,13.9,4.00,–,–,–,–,–,–,–,–,–,–,–,–,–,–,–,–,–,–,–,8.00,–,–,17.3,5.90,1.12,–,10.8,0.578,120,19.4,2.94,–,31.3,–,–,–,,–,–,–,–,–,–,–,–,–,3.22,0.953,
2L,2L6X4X3/4X3/4SLBB,2L6X4X3/4X3/4SLBB,0.750,47.2,13.9,4.00,–,–,–,–,–,–,–,–,–,–,–,–,–,–,–,–,–,–,–,8.00,–,–,17.3,5.90,1.12,–,10.8,0.578,132,20.7,3.08,–,33.9,–,–,–,,–,–,–,–,–,–,–,–,–,3.35,0.957,
2L,2L6X4X5/8LLBB,2L6X4X5/8LLBB,0.625,40.0,11.7,6.00,–,–,–,–,–,–,–,–,–,–,–,–,–,–,–,–,–,–,–,9.60,–,–,42.0,10.6,1.89,–,18.9,1.31,27.4,6.85,1.53,–,12.1,–,–,–,,–,–,–,–,–,–,–,–,–,2.98,0.669,
2L,2L6X4X5/8X3/8LLBB,2L6X4X5/8X3/8LLBB,0.625,40.0,11.7,6.00,–,–,–,–,–,–,–,–,–,–,–,–,–,–,–,–,–,–,–,9.60,–,–,42.0,10.6,1.89,–,18.9,1.31,32.2,7.69,1.66,–,14.3,–,–,–,,–,–,–,–,–,–,–,–,–,3.05,0.684,
2L,2L6X4X5/8X3/4LLBB,2L6X4X5/8X3/4LLBB,0.625,40.0,11.7,6.00,–,–,–,–,–,–,–,–,–,–,–,–,–,–,–,–,–,–,–,9.60,–,–,42.0,10.6,1.89,–,18.9,1.31,37.9,8.66,1.80,–,16.5,–,–,–,,–,–,–,–,–,–,–,–,–,3.13,0.700,
2L,2L6X4X5/8SLBB,2L6X4X5/8SLBB,0.625,40.0,11.7,4.00,–,–,–,–,–,–,–,–,–,–,–,–,–,–,–,–,–,–,–,9.60,–,–,15.0,5.03,1.13,–,9.13,0.488,89.8,15.0,2.77,–,23.8,–,–,–,,–,–,–,–,–,–,–,–,–,3.08,0.946,
2L,2L6X4X5/8X3/8SLBB,2L6X4X5/8X3/8SLBB,0.625,40.0,11.7,4.00,–,–,–,–,–,–,–,–,–,–,–,–,–,–,–,–,–,–,–,9.60,–,–,15.0,5.03,1.13,–,9.13,0.488,99.1,16.0,2.91,–,26.0,–,–,–,,–,–,–,–,–,–,–,–,–,3.21,0.950,
2L,2L6X4X5/8X3/4SLBB,2L6X4X5/8X3/4SLBB,0.625,40.0,11.7,4.00,–,–,–,–,–,–,–,–,–,–,–,–,–,–,–,–,–,–,–,9.60,–,–,15.0,5.03,1.13,–,9.13,0.488,110,17.3,3.06,–,28.2,–,–,–,,–,–,–,–,–,–,–,–,–,3.34,0.954,
2L,2L6X4X9/16LLBB,2L6X4X9/16LLBB,0.563,36.2,10.6,6.00,–,–,–,–,–,–,–,–,–,–,–,–,–,–,–,–,–,–,–,10.7,–,–,38.4,9.62,1.90,–,17.2,1.28,24.5,6.12,1.52,–,10.6,–,–,–,,–,–,–,–,–,–,–,–,–,2.98,0.667,
2L,2L6X4X9/16X3/8LLBB,2L6X4X9/16X3/8LLBB,0.563,36.2,10.6,6.00,–,–,–,–,–,–,–,–,–,–,–,–,–,–,–,–,–,–,–,10.7,–,–,38.4,9.62,1.90,–,17.2,1.28,28.9,6.90,1.65,–,12.6,–,–,–,,–,–,–,–,–,–,–,–,–,3.05,0.682,
2L,2L6X4X9/16X3/4LLBB,2L6X4X9/16X3/4LLBB,0.563,36.2,10.6,6.00,–,–,–,–,–,–,–,–,–,–,–,–,–,–,–,–,–,–,–,10.7,–,–,38.4,9.62,1.90,–,17.2,1.28,34.0,7.77,1.79,–,14.6,–,–,–,,–,–,–,–,–,–,–,–,–,3.13,0.697,
2L,2L6X4X9/16SLBB,2L6X4X9/16SLBB,0.563,36.2,10.6,4.00,–,–,–,–,–,–,–,–,–,–,–,–,–,–,–,–,–,–,–,10.7,–,–,13.7,4.58,1.14,–,8.26,0.443,80.7,13.4,2.76,–,21.2,–,–,–,,–,–,–,–,–,–,–,–,–,3.07,0.945,
2L,2L6X4X9/16X3/8SLBB,2L6X4X9/16X3/8SLBB,0.563,36.2,10.6,4.00,–,–,–,–,–,–,–,–,–,–,–,–,–,–,–,–,–,–,–,10.7,–,–,13.7,4.58,1.14,–,8.26,0.443,89.1,14.4,2.90,–,23.2,–,–,–,,–,–,–,–,–,–,–,–,–,3.20,0.949,
2L,2L6X4X9/16X3/4SLBB,2L6X4X9/16X3/4SLBB,0.563,36.2,10.6,4.00,–,–,–,–,–,–,–,–,–,–,–,–,–,–,–,–,–,–,–,10.7,–,–,13.7,4.58,1.14,–,8.26,0.443,98.0,15.4,3.04,–,25.2,–,–,–,,–,–,–,–,–,–,–,–,–,3.33,0.953,
2L,2L6X4X1/2LLBB,2L6X4X1/2LLBB,0.500,32.4,9.50,6.00,–,–,–,–,–,–,–,–,–,–,–,–,–,–,–,–,–,–,–,12.0,–,–,34.6,8.62,1.91,–,15.4,1.25,21.7,5.42,1.51,–,9.32,–,–,–,,–,–,–,–,–,–,–,–,–,2.99,0.665,
2L,2L6X4X1/2X3/8LLBB,2L6X4X1/2X3/8LLBB,0.500,32.4,9.50,6.00,–,–,–,–,–,–,–,–,–,–,–,–,–,–,–,–,–,–,–,12.0,–,–,34.6,8.62,1.91,–,15.4,1.25,25.6,6.11,1.64,–,11.1,–,–,–,,–,–,–,–,–,–,–,–,–,3.05,0.679,
2L,2L6X4X1/2X3/4LLBB,2L6X4X1/2X3/4LLBB,0.500,32.4,9.50,6.00,–,–,–,–,–,–,–,–,–,–,–,–,–,–,–,–,–,–,–,12.0,–,–,34.6,8.62,1.91,–,15.4,1.25,29.8,6.81,1.77,–,12.9,–,–,–,,–,–,–,–,–,–,–,–,–,3.13,0.695,
2L,2L6X4X1/2SLBB,2L6X4X1/2SLBB,0.500,32.4,9.50,4.00,–,–,–,–,–,–,–,–,–,–,–,–,–,–,–,–,–,–,–,12.0,–,–,12.4,4.12,1.14,–,7.38,0.396,71.8,12.0,2.75,–,18.8,–,–,–,,–,–,–,–,–,–,–,–,–,3.07,0.943,
2L,2L6X4X1/2X3/8SLBB,2L6X4X1/2X3/8SLBB,0.500,32.4,9.50,4.00,–,–,–,–,–,–,–,–,–,–,–,–,–,–,–,–,–,–,–,12.0,–,–,12.4,4.12,1.14,–,7.38,0.396,79.3,12.8,2.89,–,20.6,–,–,–,,–,–,–,–,–,–,–,–,–,3.19,0.948,
2L,2L6X4X1/2X3/4SLBB,2L6X4X1/2X3/4SLBB,0.500,32.4,9.50,4.00,–,–,–,–,–,–,–,–,–,–,–,–,–,–,–,–,–,–,–,12.0,–,–,12.4,4.12,1.14,–,7.38,0.396,87.2,13.7,3.03,–,22.4,–,–,–,,–,–,–,–,–,–,–,–,–,3.32,0.952,
2L,2L6X4X7/16LLBB,2L6X4X7/16LLBB,0.438,28.6,8.36,6.00,–,–,–,–,–,–,–,–,–,–,–,–,–,–,–,–,–,–,–,13.7,–,–,30.8,7.62,1.92,–,13.6,1.22,18.8,4.70,1.50,–,8.00,–,–,–,,–,–,–,–,–,–,–,–,–,2.99,0.663,
2L,2L6X4X7/16X3/8LLBB,2L6X4X7/16X3/8LLBB,0.438,28.6,8.36,6.00,–,–,–,–,–,–,–,–,–,–,–,–,–,–,–,–,–,–,–,13.7,–,–,30.8,7.62,1.92,–,13.6,1.22,21.9,5.23,1.62,–,9.57,–,–,–,,–,–,–,–,–,–,–,–,–,3.06,0.678,
2L,2L6X4X7/16X3/4LLBB,2L6X4X7/16X3/4LLBB,0.438,28.6,8.36,6.00,–,–,–,–,–,–,–,–,–,–,–,–,–,–,–,–,–,–,–,13.7,–,–,30.8,7.62,1.92,–,13.6,1.22,25.9,5.92,1.76,–,11.1,–,–,–,,–,–,–,–,–,–,–,–,–,3.13,0.693,
2L,2L6X4X7/16SLBB,2L6X4X7/16SLBB,0.438,28.6,8.36,4.00,–,–,–,–,–,–,–,–,–,–,–,–,–,–,–,–,–,–,–,13.7,–,–,11.1,3.65,1.15,–,6.49,0.348,62.8,10.5,2.74,–,16.3,–,–,–,,–,–,–,–,–,–,–,–,–,3.06,0.942,
2L,2L6X4X7/16X3/8SLBB,2L6X4X7/16X3/8SLBB,0.438,28.6,8.36,4.00,–,–,–,–,–,–,–,–,–,–,–,–,–,–,–,–,–,–,–,13.7,–,–,11.1,3.65,1.15,–,6.49,0.348,69.3,11.2,2.88,–,17.9,–,–,–,,–,–,–,–,–,–,–,–,–,3.19,0.946,
2L,2L6X4X7/16X3/4SLBB,2L6X4X7/16X3/4SLBB,0.438,28.6,8.36,4.00,–,–,–,–,–,–,–,–,–,–,–,–,–,–,–,–,–,–,–,13.7,–,–,11.1,3.65,1.15,–,6.49,0.348,76.2,12.0,3.02,–,19.4,–,–,–,,–,–,–,–,–,–,–,–,–,3.31,0.950,
2L,2L6X4X3/8LLBB,2L6X4X3/8LLBB,0.375,24.6,7.22,6.00,–,–,–,–,–,–,–,–,–,–,–,–,–,–,–,–,–,–,–,16.0,–,–,26.8,6.60,1.93,–,11.8,1.19,16.0,4.00,1.49,–,6.74,–,–,–,,–,–,–,–,–,–,–,–,–,2.99,0.662,
2L,2L6X4X3/8X3/8LLBB,2L6X4X3/8X3/8LLBB,0.375,24.6,7.22,6.00,–,–,–,–,–,–,–,–,–,–,–,–,–,–,–,–,–,–,–,16.0,–,–,26.8,6.60,1.93,–,11.8,1.19,18.7,4.47,1.61,–,8.09,–,–,–,,–,–,–,–,–,–,–,–,–,3.06,0.676,
2L,2L6X4X3/8X3/4LLBB,2L6X4X3/8X3/4LLBB,0.375,24.6,7.22,6.00,–,–,–,–,–,–,–,–,–,–,–,–,–,–,–,–,–,–,–,16.0,–,–,26.8,6.60,1.93,–,11.8,1.19,22.1,5.05,1.75,–,9.44,–,–,–,,–,–,–,–,–,–,–,–,–,3.13,0.691,
2L,2L6X4X3/8SLBB,2L6X4X3/8SLBB,0.375,24.6,7.22,4.00,–,–,–,–,–,–,–,–,–,–,–,–,–,–,–,–,–,–,–,16.0,–,–,9.72,3.17,1.16,–,5.58,0.301,53.8,8.97,2.73,–,13.9,–,–,–,,–,–,–,–,–,–,–,–,–,3.06,0.940,
2L,2L6X4X3/8X3/8SLBB,2L6X4X3/8X3/8SLBB,0.375,24.6,7.22,4.00,–,–,–,–,–,–,–,–,–,–,–,–,–,–,–,–,–,–,–,16.0,–,–,9.72,3.17,1.16,–,5.58,0.301,59.1,9.55,2.86,–,15.3,–,–,–,,–,–,–,–,–,–,–,–,–,3.18,0.945,
2L,2L6X4X3/8X3/4SLBB,2L6X4X3/8X3/4SLBB,0.375,24.6,7.22,4.00,–,–,–,–,–,–,–,–,–,–,–,–,–,–,–,–,–,–,–,16.0,–,–,9.72,3.17,1.16,–,5.58,0.301,65.0,10.2,3.00,–,16.6,–,–,–,,–,–,–,–,–,–,–,–,–,3.31,0.949,
2L,2L6X4X5/16LLBB,2L6X4X5/16LLBB,0.313,20.6,6.06,6.00,–,–,–,–,–,–,–,–,–,–,–,–,–,–,–,–,–,–,–,19.2,–,–,22.8,5.54,1.94,–,9.92,1.15,13.3,3.32,1.48,–,5.50,–,–,–,,–,–,–,–,–,–,–,–,–,3.00,0.661,
2L,2L6X4X5/16X3/8LLBB,2L6X4X5/16X3/8LLBB,0.313,20.6,6.06,6.00,–,–,–,–,–,–,–,–,–,–,–,–,–,–,–,–,–,–,–,19.2,–,–,22.8,5.54,1.94,–,9.92,1.15,15.5,3.70,1.60,–,6.64,–,–,–,,–,–,–,–,–,–,–,–,–,3.06,0.674,
2L,2L6X4X5/16X3/4LLBB,2L6X4X5/16X3/4LLBB,0.313,20.6,6.06,6.00,–,–,–,–,–,–,–,–,–,–,–,–,–,–,–,–,–,–,–,19.2,–,–,22.8,5.54,1.94,–,9.92,1.15,18.3,4.18,1.74,–,7.77,–,–,–,,–,–,–,–,–,–,–,–,–,3.13,0.689,
2L,2L6X4X5/16SLBB,2L6X4X5/16SLBB,0.313,20.6,6.06,4.00,–,–,–,–,–,–,–,–,–,–,–,–,–,–,–,–,–,–,–,19.2,–,–,8.26,2.67,1.17,–,4.67,0.253,44.8,7.47,2.72,–,11.5,–,–,–,,–,–,–,–,–,–,–,–,–,3.05,0.939,
2L,2L6X4X5/16X3/8SLBB,2L6X4X5/16X3/8SLBB,0.313,20.6,6.06,4.00,–,–,–,–,–,–,–,–,–,–,–,–,–,–,–,–,–,–,–,19.2,–,–,8.26,2.67,1.17,–,4.67,0.253,49.2,7.95,2.85,–,12.7,–,–,–,,–,–,–,–,–,–,–,–,–,3.17,0.944,
2L,2L6X4X5/16X3/4SLBB,2L6X4X5/16X3/4SLBB,0.313,20.6,6.06,4.00,–,–,–,–,–,–,–,–,–,–,–,–,–,–,–,–,–,–,–,19.2,–,–,8.26,2.67,1.17,–,4.67,0.253,54.2,8.50,2.99,–,13.8,–,–,–,,–,–,–,–,–,–,–,–,–,3.30,0.948,
,,,,,,,,,,,,,,,,,,,,,,,,,,,,,,,,,,,,,,,,,,,,,,,,,,,,,,,
2L,2L6X3-1/2X1/2LLBB,2L6X3-1/2X1/2LLBB,0.500,30.6,9.00,6.00,–,–,–,–,–,–,–,–,–,–,–,–,–,–,–,–,–,–,–,12.0,–,–,33.2,8.46,1.92,–,15.0,1.50,14.5,4.14,1.27,–,7.46,–,–,–,,–,–,–,–,–,–,–,–,–,2.94,0.615,
2L,2L6X3-1/2X1/2X3/8LLBB,2L6X3-1/2X1/2X3/8LLBB,0.500,30.6,9.00,6.00,–,–,–,–,–,–,–,–,–,–,–,–,–,–,–,–,–,–,–,12.0,–,–,33.2,8.46,1.92,–,15.0,1.50,17.6,4.77,1.40,–,9.15,–,–,–,,–,–,–,–,–,–,–,–,–,2.99,0.630,
2L,2L6X3-1/2X1/2X3/4LLBB,2L6X3-1/2X1/2X3/4LLBB,0.500,30.6,9.00,6.00,–,–,–,–,–,–,–,–,–,–,–,–,–,–,–,–,–,–,–,12.0,–,–,33.2,8.46,1.92,–,15.0,1.50,21.3,5.50,1.54,–,10.8,–,–,–,,–,–,–,–,–,–,–,–,–,3.06,0.646,
2L,2L6X3-1/2X1/2SLBB,2L6X3-1/2X1/2SLBB,0.500,30.6,9.00,3.50,–,–,–,–,–,–,–,–,–,–,–,–,–,–,–,–,–,–,–,12.0,–,–,8.47,3.17,0.968,–,5.77,0.375,71.6,11.9,2.82,–,18.6,–,–,–,,–,–,–,–,–,–,–,–,–,3.04,0.964,
2L,2L6X3-1/2X1/2X3/8SLBB,2L6X3-1/2X1/2X3/8SLBB,0.500,30.6,9.00,3.50,–,–,–,–,–,–,–,–,–,–,–,–,–,–,–,–,–,–,–,12.0,–,–,8.47,3.17,0.968,–,5.77,0.375,78.9,12.8,2.96,–,20.3,–,–,–,,–,–,–,–,–,–,–,–,–,3.17,0.967,
2L,2L6X3-1/2X1/2X3/4SLBB,2L6X3-1/2X1/2X3/4SLBB,0.500,30.6,9.00,3.50,–,–,–,–,–,–,–,–,–,–,–,–,–,–,–,–,–,–,–,12.0,–,–,8.47,3.17,0.968,–,5.77,0.375,87.0,13.6,3.11,–,22.0,–,–,–,,–,–,–,–,–,–,–,–,–,3.31,0.969,
2L,2L6X3-1/2X3/8LLBB,2L6X3-1/2X3/8LLBB,0.375,23.4,6.88,6.00,–,–,–,–,–,–,–,–,–,–,–,–,–,–,–,–,–,–,–,16.0,–,–,25.8,6.46,1.93,–,11.5,1.41,10.9,3.11,1.26,–,5.37,–,–,–,,–,–,–,–,–,–,–,–,–,2.95,0.613,
2L,2L6X3-1/2X3/8X3/8LLBB,2L6X3-1/2X3/8X3/8LLBB,0.375,23.4,6.88,6.00,–,–,–,–,–,–,–,–,–,–,–,–,–,–,–,–,–,–,–,16.0,–,–,25.8,6.46,1.93,–,11.5,1.41,13.1,3.55,1.38,–,6.66,–,–,–,,–,–,–,–,–,–,–,–,–,3.00,0.627,
2L,2L6X3-1/2X3/8X3/4LLBB,2L6X3-1/2X3/8X3/4LLBB,0.375,23.4,6.88,6.00,–,–,–,–,–,–,–,–,–,–,–,–,–,–,–,–,–,–,–,16.0,–,–,25.8,6.46,1.93,–,11.5,1.41,15.9,4.10,1.52,–,7.95,–,–,–,,–,–,–,–,–,–,–,–,–,3.07,0.642,
2L,2L6X3-1/2X3/8SLBB,2L6X3-1/2X3/8SLBB,0.375,23.4,6.88,3.50,–,–,–,–,–,–,–,–,–,–,–,–,–,–,–,–,–,–,–,16.0,–,–,6.65,2.45,0.984,–,4.36,0.287,53.9,8.98,2.80,–,13.9,–,–,–,,–,–,–,–,–,–,–,–,–,3.02,0.962,
2L,2L6X3-1/2X3/8X3/8SLBB,2L6X3-1/2X3/8X3/8SLBB,0.375,23.4,6.88,3.50,–,–,–,–,–,–,–,–,–,–,–,–,–,–,–,–,–,–,–,16.0,–,–,6.65,2.45,0.984,–,4.36,0.287,59.5,9.62,2.94,–,15.2,–,–,–,,–,–,–,–,–,–,–,–,–,3.15,0.965,
2L,2L6X3-1/2X3/8X3/4SLBB,2L6X3-1/2X3/8X3/4SLBB,0.375,23.4,6.88,3.50,–,–,–,–,–,–,–,–,–,–,–,–,–,–,–,–,–,–,–,16.0,–,–,6.65,2.45,0.984,–,4.36,0.287,65.3,10.2,3.08,–,16.5,–,–,–,,–,–,–,–,–,–,–,–,–,3.29,0.967,
2L,2L6X3-1/2X5/16LLBB,2L6X3-1/2X5/16LLBB,0.313,19.6,5.78,6.00,–,–,–,–,–,–,–,–,–,–,–,–,–,–,–,–,–,–,–,19.2,–,–,21.8,5.44,1.94,–,9.68,1.38,9.03,2.58,1.25,–,4.37,–,–,–,,–,–,–,–,–,–,–,–,–,2.95,0.612,
2L,2L6X3-1/2X5/16X3/8LLBB,2L6X3-1/2X5/16X3/8LLBB,0.313,19.6,5.78,6.00,–,–,–,–,–,–,–,–,–,–,–,–,–,–,–,–,–,–,–,19.2,–,–,21.8,5.44,1.94,–,9.68,1.38,10.8,2.93,1.37,–,5.45,–,–,–,,–,–,–,–,–,–,–,–,–,3.00,0.625,
2L,2L6X3-1/2X5/16X3/4LLBB,2L6X3-1/2X5/16X3/4LLBB,0.313,19.6,5.78,6.00,–,–,–,–,–,–,–,–,–,–,–,–,–,–,–,–,–,–,–,19.2,–,–,21.8,5.44,1.94,–,9.68,1.38,13.0,3.35,1.50,–,6.54,–,–,–,,–,–,–,–,–,–,–,–,–,3.07,0.641,
2L,2L6X3-1/2X5/16SLBB,2L6X3-1/2X5/16SLBB,0.313,19.6,5.78,3.50,–,–,–,–,–,–,–,–,–,–,–,–,–,–,–,–,–,–,–,19.2,–,–,5.68,2.07,0.991,–,3.65,0.241,44.7,7.45,2.78,–,11.6,–,–,–,,–,–,–,–,–,–,–,–,–,3.02,0.960,
2L,2L6X3-1/2X5/16X3/8SLBB,2L6X3-1/2X5/16X3/8SLBB,0.313,19.6,5.78,3.50,–,–,–,–,–,–,–,–,–,–,–,–,–,–,–,–,–,–,–,19.2,–,–,5.68,2.07,0.991,–,3.65,0.241,49.3,7.97,2.92,–,12.6,–,–,–,,–,–,–,–,–,–,–,–,–,3.14,0.964,
2L,2L6X3-1/2X5/16X3/4SLBB,2L6X3-1/2X5/16X3/4SLBB,0.313,19.6,5.78,3.50,–,–,–,–,–,–,–,–,–,–,–,–,–,–,–,–,–,–,–,19.2,–,–,5.68,2.07,0.991,–,3.65,0.241,54.1,8.49,3.06,–,13.7,–,–,–,,–,–,–,–,–,–,–,–,–,3.28,0.966,
,,,,,,,,,,,,,,,,,,,,,,,,,,,,,,,,,,,,,,,,,,,,,,,,,,,,,,,
2L,2L5X5X7/8,2L5X5X7/8,0.875,54.4,16.0,5.00,–,–,–,–,–,–,–,–,–,–,–,–,–,–,–,–,–,–,–,5.71,–,–,35.6,10.3,1.49,–,18.6,0.800,74.6,14.9,2.16,–,25.0,–,–,–,,–,–,–,–,–,–,–,–,–,2.85,0.845,
2L,2L5X5X7/8X3/8,2L5X5X7/8X3/8,0.875,54.4,16.0,5.00,–,–,–,–,–,–,–,–,–,–,–,–,–,–,–,–,–,–,–,5.71,–,–,35.6,10.3,1.49,–,18.6,0.800,84.6,16.3,2.30,–,28.0,–,–,–,,–,–,–,–,–,–,–,–,–,2.96,0.856,
2L,2L5X5X7/8X3/4,2L5X5X7/8X3/4,0.875,54.4,16.0,5.00,–,–,–,–,–,–,–,–,–,–,–,–,–,–,–,–,–,–,–,5.71,–,–,35.6,10.3,1.49,–,18.6,0.800,95.3,17.7,2.44,–,31.0,–,–,–,,–,–,–,–,–,–,–,–,–,3.07,0.866,
2L,2L5X5X3/4,2L5X5X3/4,0.750,47.2,14.0,5.00,–,–,–,–,–,–,–,–,–,–,–,–,–,–,–,–,–,–,–,6.67,–,–,31.4,9.04,1.50,–,16.3,0.698,63.5,12.7,2.13,–,21.2,–,–,–,,–,–,–,–,–,–,–,–,–,2.85,0.840,
2L,2L5X5X3/4X3/8,2L5X5X3/4X3/8,0.750,47.2,14.0,5.00,–,–,–,–,–,–,–,–,–,–,–,–,–,–,–,–,–,–,–,6.67,–,–,31.4,9.04,1.50,–,16.3,0.698,72.1,13.9,2.27,–,23.8,–,–,–,,–,–,–,–,–,–,–,–,–,2.95,0.851,
2L,2L5X5X3/4X3/4,2L5X5X3/4X3/4,0.750,47.2,14.0,5.00,–,–,–,–,–,–,–,–,–,–,–,–,–,–,–,–,–,–,–,6.67,–,–,31.4,9.04,1.50,–,16.3,0.698,81.3,15.1,2.41,–,26.5,–,–,–,,–,–,–,–,–,–,–,–,–,3.06,0.861,
2L,2L5X5X5/8,2L5X5X5/8,0.625,40.0,11.8,5.00,–,–,–,–,–,–,–,–,–,–,–,–,–,–,–,–,–,–,–,8.00,–,–,27.2,7.70,1.52,–,13.9,0.590,52.5,10.5,2.11,–,17.3,–,–,–,,–,–,–,–,–,–,–,–,–,2.85,0.835,
2L,2L5X5X5/8X3/8,2L5X5X5/8X3/8,0.625,40.0,11.8,5.00,–,–,–,–,–,–,–,–,–,–,–,–,–,–,–,–,–,–,–,8.00,–,–,27.2,7.70,1.52,–,13.9,0.590,59.7,11.5,2.25,–,19.6,–,–,–,,–,–,–,–,–,–,–,–,–,2.95,0.846,
2L,2L5X5X5/8X3/4,2L5X5X5/8X3/4,0.625,40.0,11.8,5.00,–,–,–,–,–,–,–,–,–,–,–,–,–,–,–,–,–,–,–,8.00,–,–,27.2,7.70,1.52,–,13.9,0.590,67.4,12.5,2.39,–,21.8,–,–,–,,–,–,–,–,–,–,–,–,–,3.06,0.857,
2L,2L5X5X1/2,2L5X5X1/2,0.500,32.4,9.58,5.00,–,–,–,–,–,–,–,–,–,–,–,–,–,–,–,–,–,–,–,10.0,–,–,22.6,6.30,1.53,–,11.3,0.479,41.8,8.36,2.09,–,13.6,–,–,–,,–,–,–,–,–,–,–,–,–,2.85,0.830,
2L,2L5X5X1/2X3/8,2L5X5X1/2X3/8,0.500,32.4,9.58,5.00,–,–,–,–,–,–,–,–,–,–,–,–,–,–,–,–,–,–,–,10.0,–,–,22.6,6.30,1.53,–,11.3,0.479,47.2,9.10,2.22,–,15.4,–,–,–,,–,–,–,–,–,–,–,–,–,2.94,0.842,
2L,2L5X5X1/2X3/4,2L5X5X1/2X3/4,0.500,32.4,9.58,5.00,–,–,–,–,–,–,–,–,–,–,–,–,–,–,–,–,–,–,–,10.0,–,–,22.6,6.30,1.53,–,11.3,0.479,53.4,9.93,2.36,–,17.2,–,–,–,,–,–,–,–,–,–,–,–,–,3.05,0.852,
2L,2L5X5X7/16,2L5X5X7/16,0.438,28.6,8.44,5.00,–,–,–,–,–,–,–,–,–,–,–,–,–,–,–,–,–,–,–,11.4,–,–,20.0,5.56,1.54,–,10.0,0.422,36.5,7.30,2.08,–,11.8,–,–,–,,–,–,–,–,–,–,–,–,–,2.85,0.828,
2L,2L5X5X7/16X3/8,2L5X5X7/16X3/8,0.438,28.6,8.44,5.00,–,–,–,–,–,–,–,–,–,–,–,–,–,–,–,–,–,–,–,11.4,–,–,20.0,5.56,1.54,–,10.0,0.422,41.2,7.94,2.21,–,13.4,–,–,–,,–,–,–,–,–,–,–,–,–,2.94,0.839,
2L,2L5X5X7/16X3/4,2L5X5X7/16X3/4,0.438,28.6,8.44,5.00,–,–,–,–,–,–,–,–,–,–,–,–,–,–,–,–,–,–,–,11.4,–,–,20.0,5.56,1.54,–,10.0,0.422,46.6,8.67,2.35,–,15.0,–,–,–,,–,–,–,–,–,–,–,–,–,3.05,0.850,
2L,2L5X5X3/8,2L5X5X3/8,0.375,24.6,7.30,5.00,–,–,–,–,–,–,–,–,–,–,–,–,–,–,–,–,–,–,–,13.3,–,–,17.5,4.82,1.55,–,8.66,0.365,31.3,6.26,2.07,–,10.0,–,–,–,,–,–,–,–,–,–,–,–,–,2.84,0.826,
2L,2L5X5X3/8X3/8,2L5X5X3/8X3/8,0.375,24.6,7.30,5.00,–,–,–,–,–,–,–,–,–,–,–,–,–,–,–,–,–,–,–,13.3,–,–,17.5,4.82,1.55,–,8.66,0.365,35.3,6.80,2.20,–,11.4,–,–,–,,–,–,–,–,–,–,–,–,–,2.94,0.838,
2L,2L5X5X3/8X3/4,2L5X5X3/8X3/4,0.375,24.6,7.30,5.00,–,–,–,–,–,–,–,–,–,–,–,–,–,–,–,–,–,–,–,13.3,–,–,17.5,4.82,1.55,–,8.66,0.365,40.0,7.44,2.34,–,12.7,–,–,–,,–,–,–,–,–,–,–,–,–,3.04,0.848,
2L,2L5X5X5/16,2L5X5X5/16,0.313,20.6,6.14,5.00,–,–,–,–,–,–,–,–,–,–,–,–,–,–,–,–,–,–,–,16.0,–,–,14.9,4.08,1.56,–,7.30,0.307,26.1,5.22,2.06,–,8.29,–,–,–,,–,–,–,–,–,–,–,–,–,2.84,0.825,
2L,2L5X5X5/16X3/8,2L5X5X5/16X3/8,0.313,20.6,6.14,5.00,–,–,–,–,–,–,–,–,–,–,–,–,–,–,–,–,–,–,–,16.0,–,–,14.9,4.08,1.56,–,7.30,0.307,29.4,5.67,2.19,–,9.44,–,–,–,,–,–,–,–,–,–,–,–,–,2.94,0.836,
2L,2L5X5X5/16X3/4,2L5X5X5/16X3/4,0.313,20.6,6.14,5.00,–,–,–,–,–,–,–,–,–,–,–,–,–,–,–,–,–,–,–,16.0,–,–,14.9,4.08,1.56,–,7.30,0.307,33.0,6.14,2.32,–,10.6,–,–,–,,–,–,–,–,–,–,–,–,–,3.04,0.847,
,,,,,,,,,,,,,,,,,,,,,,,,,,,,,,,,,,,,,,,,,,,,,,,,,,,,,,,
2L,2L5X3-1/2X3/4LLBB,2L5X3-1/2X3/4LLBB,0.750,39.6,11.7,5.00,–,–,–,–,–,–,–,–,–,–,–,–,–,–,–,–,–,–,–,6.67,–,–,27.8,8.52,1.55,–,15.2,1.10,22.6,6.46,1.39,–,11.6,–,–,–,,–,–,–,–,–,–,–,–,–,2.49,0.699,
2L,2L5X3-1/2X3/4X3/8LLBB,2L5X3-1/2X3/4X3/8LLBB,0.750,39.6,11.7,5.00,–,–,–,–,–,–,–,–,–,–,–,–,–,–,–,–,–,–,–,6.67,–,–,27.8,8.52,1.55,–,15.2,1.10,27.4,7.43,1.53,–,13.8,–,–,–,,–,–,–,–,–,–,–,–,–,2.57,0.717,
2L,2L5X3-1/2X3/4X3/4LLBB,2L5X3-1/2X3/4X3/4LLBB,0.750,39.6,11.7,5.00,–,–,–,–,–,–,–,–,–,–,–,–,–,–,–,–,–,–,–,6.67,–,–,27.8,8.52,1.55,–,15.2,1.10,33.0,8.52,1.68,–,16.0,–,–,–,,–,–,–,–,–,–,–,–,–,2.66,0.736,
2L,2L5X3-1/2X3/4SLBB,2L5X3-1/2X3/4SLBB,0.750,39.6,11.7,3.50,–,–,–,–,–,–,–,–,–,–,–,–,–,–,–,–,–,–,–,6.67,–,–,11.0,4.40,0.974,–,8.13,0.585,63.5,12.7,2.33,–,20.4,–,–,–,,–,–,–,–,–,–,–,–,–,2.60,0.943,
2L,2L5X3-1/2X3/4X3/8SLBB,2L5X3-1/2X3/4X3/8SLBB,0.750,39.6,11.7,3.50,–,–,–,–,–,–,–,–,–,–,–,–,–,–,–,–,–,–,–,6.67,–,–,11.0,4.40,0.974,–,8.13,0.585,71.4,13.8,2.47,–,22.6,–,–,–,,–,–,–,–,–,–,–,–,–,2.73,0.949,
2L,2L5X3-1/2X3/4X3/4SLBB,2L5X3-1/2X3/4X3/4SLBB,0.750,39.6,11.7,3.50,–,–,–,–,–,–,–,–,–,–,–,–,–,–,–,–,–,–,–,6.67,–,–,11.0,4.40,0.974,–,8.13,0.585,80.3,14.9,2.62,–,24.7,–,–,–,,–,–,–,–,–,–,–,–,–,2.86,0.953,
2L,2L5X3-1/2X5/8LLBB,2L5X3-1/2X5/8LLBB,0.625,33.6,9.86,5.00,–,–,–,–,–,–,–,–,–,–,–,–,–,–,–,–,–,–,–,8.00,–,–,24.0,7.26,1.56,–,13.0,1.06,18.5,5.29,1.37,–,9.34,–,–,–,,–,–,–,–,–,–,–,–,–,2.49,0.693,
2L,2L5X3-1/2X5/8X3/8LLBB,2L5X3-1/2X5/8X3/8LLBB,0.625,33.6,9.86,5.00,–,–,–,–,–,–,–,–,–,–,–,–,–,–,–,–,–,–,–,8.00,–,–,24.0,7.26,1.56,–,13.0,1.06,22.2,6.02,1.50,–,11.2,–,–,–,,–,–,–,–,–,–,–,–,–,2.57,0.711,
2L,2L5X3-1/2X5/8X3/4LLBB,2L5X3-1/2X5/8X3/4LLBB,0.625,33.6,9.86,5.00,–,–,–,–,–,–,–,–,–,–,–,–,–,–,–,–,–,–,–,8.00,–,–,24.0,7.26,1.56,–,13.0,1.06,26.8,6.92,1.65,–,13.0,–,–,–,,–,–,–,–,–,–,–,–,–,2.66,0.730,
2L,2L5X3-1/2X5/8SLBB,2L5X3-1/2X5/8SLBB,0.625,33.6,9.86,3.50,–,–,–,–,–,–,–,–,–,–,–,–,–,–,–,–,–,–,–,8.00,–,–,9.60,3.76,0.987,–,6.87,0.493,52.2,10.4,2.30,–,16.7,–,–,–,,–,–,–,–,–,–,–,–,–,2.59,0.940,
2L,2L5X3-1/2X5/8X3/8SLBB,2L5X3-1/2X5/8X3/8SLBB,0.625,33.6,9.86,3.50,–,–,–,–,–,–,–,–,–,–,–,–,–,–,–,–,–,–,–,8.00,–,–,9.60,3.76,0.987,–,6.87,0.493,59.2,11.4,2.45,–,18.5,–,–,–,,–,–,–,–,–,–,–,–,–,2.71,0.945,
2L,2L5X3-1/2X5/8X3/4SLBB,2L5X3-1/2X5/8X3/4SLBB,0.625,33.6,9.86,3.50,–,–,–,–,–,–,–,–,–,–,–,–,–,–,–,–,–,–,–,8.00,–,–,9.60,3.76,0.987,–,6.87,0.493,66.1,12.3,2.59,–,20.4,–,–,–,,–,–,–,–,–,–,–,–,–,2.85,0.950,
2L,2L5X3-1/2X1/2LLBB,2L5X3-1/2X1/2LLBB,0.500,27.2,8.00,5.00,–,–,–,–,–,–,–,–,–,–,–,–,–,–,–,–,–,–,–,10.0,–,–,20.0,5.94,1.58,–,10.7,1.00,14.6,4.17,1.35,–,7.21,–,–,–,,–,–,–,–,–,–,–,–,–,2.50,0.688,
2L,2L5X3-1/2X1/2X3/8LLBB,2L5X3-1/2X1/2X3/8LLBB,0.500,27.2,8.00,5.00,–,–,–,–,–,–,–,–,–,–,–,–,–,–,–,–,–,–,–,10.0,–,–,20.0,5.94,1.58,–,10.7,1.00,17.5,4.75,1.48,–,8.71,–,–,–,,–,–,–,–,–,–,–,–,–,2.58,0.705,
2L,2L5X3-1/2X1/2X3/4LLBB,2L5X3-1/2X1/2X3/4LLBB,0.500,27.2,8.00,5.00,–,–,–,–,–,–,–,–,–,–,–,–,–,–,–,–,–,–,–,10.0,–,–,20.0,5.94,1.58,–,10.7,1.00,21.0,5.42,1.62,–,10.2,–,–,–,,–,–,–,–,–,–,–,–,–,2.66,0.724,
2L,2L5X3-1/2X1/2SLBB,2L5X3-1/2X1/2SLBB,0.500,27.2,8.00,3.50,–,–,–,–,–,–,–,–,–,–,–,–,–,–,–,–,–,–,–,10.0,–,–,8.04,3.09,1.00,–,5.57,0.400,41.6,8.32,2.28,–,13.2,–,–,–,,–,–,–,–,–,–,–,–,–,2.58,0.936,
2L,2L5X3-1/2X1/2X3/8SLBB,2L5X3-1/2X1/2X3/8SLBB,0.500,27.2,8.00,3.50,–,–,–,–,–,–,–,–,–,–,–,–,–,–,–,–,–,–,–,10.0,–,–,8.04,3.09,1.00,–,5.57,0.400,46.9,9.04,2.42,–,14.7,–,–,–,,–,–,–,–,–,–,–,–,–,2.70,0.942,
2L,2L5X3-1/2X1/2X3/4SLBB,2L5X3-1/2X1/2X3/4SLBB,0.500,27.2,8.00,3.50,–,–,–,–,–,–,–,–,–,–,–,–,–,–,–,–,–,–,–,10.0,–,–,8.04,3.09,1.00,–,5.57,0.400,52.8,9.82,2.57,–,16.2,–,–,–,,–,–,–,–,–,–,–,–,–,2.83,0.947,
2L,2L5X3-1/2X3/8LLBB,2L5X3-1/2X3/8LLBB,0.375,20.8,6.10,5.00,–,–,–,–,–,–,–,–,–,–,–,–,–,–,–,–,–,–,–,13.3,–,–,15.5,4.56,1.59,–,8.18,0.933,10.8,3.09,1.33,–,5.21,–,–,–,,–,–,–,–,–,–,–,–,–,2.51,0.683,
2L,2L5X3-1/2X3/8X3/8LLBB,2L5X3-1/2X3/8X3/8LLBB,0.375,20.8,6.10,5.00,–,–,–,–,–,–,–,–,–,–,–,–,–,–,–,–,–,–,–,13.3,–,–,15.5,4.56,1.59,–,8.18,0.933,13.0,3.53,1.46,–,6.35,–,–,–,,–,–,–,–,–,–,–,–,–,2.58,0.700,
2L,2L5X3-1/2X3/8X3/4LLBB,2L5X3-1/2X3/8X3/4LLBB,0.375,20.8,6.10,5.00,–,–,–,–,–,–,–,–,–,–,–,–,–,–,–,–,–,–,–,13.3,–,–,15.5,4.56,1.59,–,8.18,0.933,15.4,3.97,1.59,–,7.50,–,–,–,,–,–,–,–,–,–,–,–,–,2.66,0.718,
2L,2L5X3-1/2X3/8SLBB,2L5X3-1/2X3/8SLBB,0.375,20.8,6.10,3.50,–,–,–,–,–,–,–,–,–,–,–,–,–,–,–,–,–,–,–,13.3,–,–,6.31,2.38,1.02,–,4.23,0.305,31.2,6.24,2.26,–,9.76,–,–,–,,–,–,–,–,–,–,–,–,–,2.56,0.933,
2L,2L5X3-1/2X3/8X3/8SLBB,2L5X3-1/2X3/8X3/8SLBB,0.375,20.8,6.10,3.50,–,–,–,–,–,–,–,–,–,–,–,–,–,–,–,–,–,–,–,13.3,–,–,6.31,2.38,1.02,–,4.23,0.305,34.8,6.71,2.39,–,10.9,–,–,–,,–,–,–,–,–,–,–,–,–,2.69,0.938,
2L,2L5X3-1/2X3/8X3/4SLBB,2L5X3-1/2X3/8X3/4SLBB,0.375,20.8,6.10,3.50,–,–,–,–,–,–,–,–,–,–,–,–,–,–,–,–,–,–,–,13.3,–,–,6.31,2.38,1.02,–,4.23,0.305,39.4,7.33,2.54,–,12.0,–,–,–,,–,–,–,–,–,–,–,–,–,2.81,0.944,
2L,2L5X3-1/2X5/16LLBB,2L5X3-1/2X5/16LLBB,0.313,17.4,5.12,5.00,–,–,–,–,–,–,–,–,–,–,–,–,–,–,–,–,–,–,–,16.0,–,–,13.2,3.84,1.60,–,6.90,0.904,8.92,2.55,1.32,–,4.24,–,–,–,,–,–,–,–,–,–,–,–,–,2.51,0.682,
2L,2L5X3-1/2X5/16X3/8LLBB,2L5X3-1/2X5/16X3/8LLBB,0.313,17.4,5.12,5.00,–,–,–,–,–,–,–,–,–,–,–,–,–,–,–,–,–,–,–,16.0,–,–,13.2,3.84,1.60,–,6.90,0.904,10.6,2.87,1.44,–,5.20,–,–,–,,–,–,–,–,–,–,–,–,–,2.58,0.698,
2L,2L5X3-1/2X5/16X3/4LLBB,2L5X3-1/2X5/16X3/4LLBB,0.313,17.4,5.12,5.00,–,–,–,–,–,–,–,–,–,–,–,–,–,–,–,–,–,–,–,16.0,–,–,13.2,3.84,1.60,–,6.90,0.904,12.8,3.30,1.58,–,6.16,–,–,–,,–,–,–,–,–,–,–,–,–,2.66,0.716,
2L,2L5X3-1/2X5/16SLBB,2L5X3-1/2X5/16SLBB,0.313,17.4,5.12,3.50,–,–,–,–,–,–,–,–,–,–,–,–,–,–,–,–,–,–,–,16.0,–,–,5.38,2.01,1.02,–,3.55,0.256,25.9,5.18,2.25,–,8.04,–,–,–,,–,–,–,–,–,–,–,–,–,2.56,0.931,
2L,2L5X3-1/2X5/16X3/8SLBB,2L5X3-1/2X5/16X3/8SLBB,0.313,17.4,5.12,3.50,–,–,–,–,–,–,–,–,–,–,–,–,–,–,–,–,–,–,–,16.0,–,–,5.38,2.01,1.02,–,3.55,0.256,29.0,5.59,2.38,–,9.00,–,–,–,,–,–,–,–,–,–,–,–,–,2.68,0.937,
2L,2L5X3-1/2X5/16X3/4SLBB,2L5X3-1/2X5/16X3/4SLBB,0.313,17.4,5.12,3.50,–,–,–,–,–,–,–,–,–,–,–,–,–,–,–,–,–,–,–,16.0,–,–,5.38,2.01,1.02,–,3.55,0.256,32.5,6.05,2.52,–,9.96,–,–,–,,–,–,–,–,–,–,–,–,–,2.81,0.942,
2L,2L5X3-1/2X1/4LLBB,2L5X3-1/2X1/4LLBB,0.250,14.0,4.14,5.00,–,–,–,–,–,–,–,–,–,–,–,–,–,–,–,–,–,–,–,20.0,–,–,10.7,3.10,1.61,–,5.56,0.860,7.10,2.03,1.31,–,3.33,–,–,–,,–,–,–,–,–,–,–,–,–,2.52,0.680,
2L,2L5X3-1/2X1/4X3/8LLBB,2L5X3-1/2X1/4X3/8LLBB,0.250,14.0,4.14,5.00,–,–,–,–,–,–,–,–,–,–,–,–,–,–,–,–,–,–,–,20.0,–,–,10.7,3.10,1.61,–,5.56,0.860,8.47,2.30,1.43,–,4.10,–,–,–,,–,–,–,–,–,–,–,–,–,2.58,0.696,
2L,2L5X3-1/2X1/4X3/4LLBB,2L5X3-1/2X1/4X3/4LLBB,0.250,14.0,4.14,5.00,–,–,–,–,–,–,–,–,–,–,–,–,–,–,–,–,–,–,–,20.0,–,–,10.7,3.10,1.61,–,5.56,0.860,10.2,2.63,1.57,–,4.88,–,–,–,,–,–,–,–,–,–,–,–,–,2.66,0.714,
2L,2L5X3-1/2X1/4SLBB,2L5X3-1/2X1/4SLBB,0.250,14.0,4.14,3.50,–,–,–,–,–,–,–,–,–,–,–,–,–,–,–,–,–,–,–,20.0,–,–,4.40,1.63,1.03,–,2.85,0.207,20.6,4.12,2.23,–,6.42,–,–,–,,–,–,–,–,–,–,–,–,–,2.55,0.929,
2L,2L5X3-1/2X1/4X3/8SLBB,2L5X3-1/2X1/4X3/8SLBB,0.250,14.0,4.14,3.50,–,–,–,–,–,–,–,–,–,–,–,–,–,–,–,–,–,–,–,20.0,–,–,4.40,1.63,1.03,–,2.85,0.207,23.3,4.49,2.37,–,7.19,–,–,–,,–,–,–,–,–,–,–,–,–,2.67,0.935,
2L,2L5X3-1/2X1/4X3/4SLBB,2L5X3-1/2X1/4X3/4SLBB,0.250,14.0,4.14,3.50,–,–,–,–,–,–,–,–,–,–,–,–,–,–,–,–,–,–,–,20.0,–,–,4.40,1.63,1.03,–,2.85,0.207,26.1,4.86,2.51,–,7.97,–,–,–,,–,–,–,–,–,–,–,–,–,2.80,0.941,
,,,,,,,,,,,,,,,,,,,,,,,,,,,,,,,,,,,,,,,,,,,,,,,,,,,,,,,
2L,2L5X3X1/2LLBB,2L5X3X1/2LLBB,0.500,25.6,7.50,5.00,–,–,–,–,–,–,–,–,–,–,–,–,–,–,–,–,–,–,–,10.0,–,–,18.9,5.78,1.58,–,10.2,1.25,9.24,3.08,1.11,–,5.60,–,–,–,,–,–,–,–,–,–,–,–,–,2.44,0.628,
2L,2L5X3X1/2X3/8LLBB,2L5X3X1/2X3/8LLBB,0.500,25.6,7.50,5.00,–,–,–,–,–,–,–,–,–,–,–,–,–,–,–,–,–,–,–,10.0,–,–,18.9,5.78,1.58,–,10.2,1.25,11.5,3.61,1.24,–,7.00,–,–,–,,–,–,–,–,–,–,–,–,–,2.51,0.646,
2L,2L5X3X1/2X3/4LLBB,2L5X3X1/2X3/4LLBB,0.500,25.6,7.50,5.00,–,–,–,–,–,–,–,–,–,–,–,–,–,–,–,–,–,–,–,10.0,–,–,18.9,5.78,1.58,–,10.2,1.25,14.5,4.30,1.39,–,8.41,–,–,–,,–,–,–,–,–,–,–,–,–,2.58,0.667,
2L,2L5X3X1/2SLBB,2L5X3X1/2SLBB,0.500,25.6,7.50,3.00,–,–,–,–,–,–,–,–,–,–,–,–,–,–,–,–,–,–,–,10.0,–,–,5.10,2.26,0.824,–,4.15,0.375,41.4,8.28,2.35,–,13.0,–,–,–,,–,–,–,–,–,–,–,–,–,2.54,0.962,
2L,2L5X3X1/2X3/8SLBB,2L5X3X1/2X3/8SLBB,0.500,25.6,7.50,3.00,–,–,–,–,–,–,–,–,–,–,–,–,–,–,–,–,–,–,–,10.0,–,–,5.10,2.26,0.824,–,4.15,0.375,46.9,9.04,2.50,–,14.5,–,–,–,,–,–,–,–,–,–,–,–,–,2.68,0.966,
2L,2L5X3X1/2X3/4SLBB,2L5X3X1/2X3/4SLBB,0.500,25.6,7.50,3.00,–,–,–,–,–,–,–,–,–,–,–,–,–,–,–,–,–,–,–,10.0,–,–,5.10,2.26,0.824,–,4.15,0.375,52.3,9.73,2.64,–,15.9,–,–,–,,–,–,–,–,–,–,–,–,–,2.81,0.969,
2L,2L5X3X7/16LLBB,2L5X3X7/16LLBB,0.438,22.6,6.62,5.00,–,–,–,–,–,–,–,–,–,–,–,–,–,–,–,–,–,–,–,11.4,–,–,16.8,5.12,1.59,–,9.06,1.22,8.01,2.67,1.10,–,4.78,–,–,–,,–,–,–,–,–,–,–,–,–,2.45,0.626,
2L,2L5X3X7/16X3/8LLBB,2L5X3X7/16X3/8LLBB,0.438,22.6,6.62,5.00,–,–,–,–,–,–,–,–,–,–,–,–,–,–,–,–,–,–,–,11.4,–,–,16.8,5.12,1.59,–,9.06,1.22,10.0,3.14,1.23,–,6.02,–,–,–,,–,–,–,–,–,–,–,–,–,2.51,0.644,
2L,2L5X3X7/16X3/4LLBB,2L5X3X7/16X3/4LLBB,0.438,22.6,6.62,5.00,–,–,–,–,–,–,–,–,–,–,–,–,–,–,–,–,–,–,–,11.4,–,–,16.8,5.12,1.59,–,9.06,1.22,12.6,3.73,1.38,–,7.26,–,–,–,,–,–,–,–,–,–,–,–,–,2.58,0.664,
2L,2L5X3X7/16SLBB,2L5X3X7/16SLBB,0.438,22.6,6.62,3.00,–,–,–,–,–,–,–,–,–,–,–,–,–,–,–,–,–,–,–,11.4,–,–,4.58,2.01,0.831,–,3.65,0.331,36.2,7.24,2.34,–,11.4,–,–,–,,–,–,–,–,–,–,–,–,–,2.54,0.961,
2L,2L5X3X7/16X3/8SLBB,2L5X3X7/16X3/8SLBB,0.438,22.6,6.62,3.00,–,–,–,–,–,–,–,–,–,–,–,–,–,–,–,–,–,–,–,11.4,–,–,4.58,2.01,0.831,–,3.65,0.331,40.7,7.85,2.48,–,12.6,–,–,–,,–,–,–,–,–,–,–,–,–,2.67,0.964,
2L,2L5X3X7/16X3/4SLBB,2L5X3X7/16X3/4SLBB,0.438,22.6,6.62,3.00,–,–,–,–,–,–,–,–,–,–,–,–,–,–,–,–,–,–,–,11.4,–,–,4.58,2.01,0.831,–,3.65,0.331,45.8,8.52,2.63,–,13.9,–,–,–,,–,–,–,–,–,–,–,–,–,2.80,0.968,
2L,2L5X3X3/8LLBB,2L5X3X3/8LLBB,0.375,19.6,5.72,5.00,–,–,–,–,–,–,–,–,–,–,–,–,–,–,–,–,–,–,–,13.3,–,–,14.7,4.44,1.60,–,7.86,1.19,6.80,2.27,1.09,–,3.99,–,–,–,,–,–,–,–,–,–,–,–,–,2.45,0.624,
2L,2L5X3X3/8X3/8LLBB,2L5X3X3/8X3/8LLBB,0.375,19.6,5.72,5.00,–,–,–,–,–,–,–,–,–,–,–,–,–,–,–,–,–,–,–,13.3,–,–,14.7,4.44,1.60,–,7.86,1.19,8.51,2.67,1.22,–,5.07,–,–,–,,–,–,–,–,–,–,–,–,–,2.51,0.642,
2L,2L5X3X3/8X3/4LLBB,2L5X3X3/8X3/4LLBB,0.375,19.6,5.72,5.00,–,–,–,–,–,–,–,–,–,–,–,–,–,–,–,–,–,–,–,13.3,–,–,14.7,4.44,1.60,–,7.86,1.19,10.6,3.14,1.36,–,6.14,–,–,–,,–,–,–,–,–,–,–,–,–,2.59,0.661,
2L,2L5X3X3/8SLBB,2L5X3X3/8SLBB,0.375,19.6,5.72,3.00,–,–,–,–,–,–,–,–,–,–,–,–,–,–,–,–,–,–,–,13.3,–,–,4.02,1.75,0.838,–,3.14,0.286,31.1,6.22,2.33,–,9.67,–,–,–,,–,–,–,–,–,–,–,–,–,2.53,0.959,
2L,2L5X3X3/8X3/8SLBB,2L5X3X3/8X3/8SLBB,0.375,19.6,5.72,3.00,–,–,–,–,–,–,–,–,–,–,–,–,–,–,–,–,–,–,–,13.3,–,–,4.02,1.75,0.838,–,3.14,0.286,34.9,6.73,2.47,–,10.7,–,–,–,,–,–,–,–,–,–,–,–,–,2.66,0.963,
2L,2L5X3X3/8X3/4SLBB,2L5X3X3/8X3/4SLBB,0.375,19.6,5.72,3.00,–,–,–,–,–,–,–,–,–,–,–,–,–,–,–,–,–,–,–,13.3,–,–,4.02,1.75,0.838,–,3.14,0.286,39.3,7.31,2.62,–,11.8,–,–,–,,–,–,–,–,–,–,–,–,–,2.79,0.967,
2L,2L5X3X5/16LLBB,2L5X3X5/16LLBB,0.313,16.4,4.82,5.00,–,–,–,–,–,–,–,–,–,–,–,–,–,–,–,–,–,–,–,16.0,–,–,12.5,3.74,1.61,–,6.64,1.14,5.62,1.87,1.08,–,3.24,–,–,–,,–,–,–,–,–,–,–,–,–,2.46,0.623,
2L,2L5X3X5/16X3/8LLBB,2L5X3X5/16X3/8LLBB,0.313,16.4,4.82,5.00,–,–,–,–,–,–,–,–,–,–,–,–,–,–,–,–,–,–,–,16.0,–,–,12.5,3.74,1.61,–,6.64,1.14,7.06,2.21,1.21,–,4.15,–,–,–,,–,–,–,–,–,–,–,–,–,2.52,0.640,
2L,2L5X3X5/16X3/4LLBB,2L5X3X5/16X3/4LLBB,0.313,16.4,4.82,5.00,–,–,–,–,–,–,–,–,–,–,–,–,–,–,–,–,–,–,–,16.0,–,–,12.5,3.74,1.61,–,6.64,1.14,8.78,2.60,1.35,–,5.05,–,–,–,,–,–,–,–,–,–,–,–,–,2.59,0.659,
2L,2L5X3X5/16SLBB,2L5X3X5/16SLBB,0.313,16.4,4.82,3.00,–,–,–,–,–,–,–,–,–,–,–,–,–,–,–,–,–,–,–,16.0,–,–,3.44,1.48,0.846,–,2.62,0.241,25.9,5.18,2.32,–,8.05,–,–,–,,–,–,–,–,–,–,–,–,–,2.52,0.958,
2L,2L5X3X5/16X3/8SLBB,2L5X3X5/16X3/8SLBB,0.313,16.4,4.82,3.00,–,–,–,–,–,–,–,–,–,–,–,–,–,–,–,–,–,–,–,16.0,–,–,3.44,1.48,0.846,–,2.62,0.241,29.2,5.63,2.46,–,8.95,–,–,–,,–,–,–,–,–,–,–,–,–,2.65,0.962,
2L,2L5X3X5/16X3/4SLBB,2L5X3X5/16X3/4SLBB,0.313,16.4,4.82,3.00,–,–,–,–,–,–,–,–,–,–,–,–,–,–,–,–,–,–,–,16.0,–,–,3.44,1.48,0.846,–,2.62,0.241,32.6,6.07,2.60,–,9.86,–,–,–,,–,–,–,–,–,–,–,–,–,2.78,0.965,
2L,2L5X3X1/4LLBB,2L5X3X1/4LLBB,0.250,13.2,3.88,5.00,–,–,–,–,–,–,–,–,–,–,–,–,–,–,–,–,–,–,–,20.0,–,–,10.2,3.02,1.62,–,5.36,1.12,4.44,1.48,1.07,–,2.51,–,–,–,,–,–,–,–,–,–,–,–,–,2.46,0.622,
2L,2L5X3X1/4X3/8LLBB,2L5X3X1/4X3/8LLBB,0.250,13.2,3.88,5.00,–,–,–,–,–,–,–,–,–,–,–,–,–,–,–,–,–,–,–,20.0,–,–,10.2,3.02,1.62,–,5.36,1.12,5.49,1.72,1.19,–,3.24,–,–,–,,–,–,–,–,–,–,–,–,–,2.52,0.638,
2L,2L5X3X1/4X3/4LLBB,2L5X3X1/4X3/4LLBB,0.250,13.2,3.88,5.00,–,–,–,–,–,–,–,–,–,–,–,–,–,–,–,–,–,–,–,20.0,–,–,10.2,3.02,1.62,–,5.36,1.12,6.86,2.03,1.33,–,3.97,–,–,–,,–,–,–,–,–,–,–,–,–,2.59,0.657,
2L,2L5X3X1/4SLBB,2L5X3X1/4SLBB,0.250,13.2,3.88,3.00,–,–,–,–,–,–,–,–,–,–,–,–,–,–,–,–,–,–,–,20.0,–,–,2.82,1.20,0.853,–,2.10,0.194,20.5,4.10,2.30,–,6.36,–,–,–,,–,–,–,–,–,–,–,–,–,2.51,0.957,
2L,2L5X3X1/4X3/8SLBB,2L5X3X1/4X3/8SLBB,0.250,13.2,3.88,3.00,–,–,–,–,–,–,–,–,–,–,–,–,–,–,–,–,–,–,–,20.0,–,–,2.82,1.20,0.853,–,2.10,0.194,23.1,4.45,2.44,–,7.09,–,–,–,,–,–,–,–,–,–,–,–,–,2.64,0.961,
2L,2L5X3X1/4X3/4SLBB,2L5X3X1/4X3/4SLBB,0.250,13.2,3.88,3.00,–,–,–,–,–,–,–,–,–,–,–,–,–,–,–,–,–,–,–,20.0,–,–,2.82,1.20,0.853,–,2.10,0.194,25.8,4.80,2.58,–,7.82,–,–,–,,–,–,–,–,–,–,–,–,–,2.77,0.964,
,,,,,,,,,,,,,,,,,,,,,,,,,,,,,,,,,,,,,,,,,,,,,,,,,,,,,,,
2L,2L4X4X3/4,2L4X4X3/4,0.750,37.0,10.9,4.00,–,–,–,–,–,–,–,–,–,–,–,–,–,–,–,–,–,–,–,5.33,–,–,15.2,5.58,1.18,–,10.0,0.680,32.6,8.15,1.73,–,13.8,–,–,–,,–,–,–,–,–,–,–,–,–,2.28,0.847,
2L,2L4X4X3/4X3/8,2L4X4X3/4X3/8,0.750,37.0,10.9,4.00,–,–,–,–,–,–,–,–,–,–,–,–,–,–,–,–,–,–,–,5.33,–,–,15.2,5.58,1.18,–,10.0,0.680,38.5,9.19,1.88,–,15.9,–,–,–,,–,–,–,–,–,–,–,–,–,2.39,0.861,
2L,2L4X4X3/4X3/4,2L4X4X3/4X3/4,0.750,37.0,10.9,4.00,–,–,–,–,–,–,–,–,–,–,–,–,–,–,–,–,–,–,–,5.33,–,–,15.2,5.58,1.18,–,10.0,0.680,44.9,10.3,2.03,–,17.9,–,–,–,,–,–,–,–,–,–,–,–,–,2.51,0.874,
2L,2L4X4X5/8,2L4X4X5/8,0.625,31.4,9.22,4.00,–,–,–,–,–,–,–,–,–,–,–,–,–,–,–,–,–,–,–,6.40,–,–,13.2,4.76,1.20,–,8.56,0.576,27.0,6.75,1.71,–,11.2,–,–,–,,–,–,–,–,–,–,–,–,–,2.28,0.841,
2L,2L4X4X5/8X3/8,2L4X4X5/8X3/8,0.625,31.4,9.22,4.00,–,–,–,–,–,–,–,–,–,–,–,–,–,–,–,–,–,–,–,6.40,–,–,13.2,4.76,1.20,–,8.56,0.576,31.6,7.55,1.85,–,13.0,–,–,–,,–,–,–,–,–,–,–,–,–,2.39,0.854,
2L,2L4X4X5/8X3/4,2L4X4X5/8X3/4,0.625,31.4,9.22,4.00,–,–,–,–,–,–,–,–,–,–,–,–,–,–,–,–,–,–,–,6.40,–,–,13.2,4.76,1.20,–,8.56,0.576,36.9,8.43,2.00,–,14.7,–,–,–,,–,–,–,–,–,–,–,–,–,2.50,0.868,
2L,2L4X4X1/2,2L4X4X1/2,0.500,25.6,7.50,4.00,–,–,–,–,–,–,–,–,–,–,–,–,–,–,–,–,–,–,–,8.00,–,–,11.0,3.92,1.21,–,7.00,0.469,21.4,5.35,1.69,–,8.85,–,–,–,,–,–,–,–,–,–,–,–,–,2.28,0.834,
2L,2L4X4X1/2X3/8,2L4X4X1/2X3/8,0.500,25.6,7.50,4.00,–,–,–,–,–,–,–,–,–,–,–,–,–,–,–,–,–,–,–,8.00,–,–,11.0,3.92,1.21,–,7.00,0.469,25.1,5.99,1.83,–,10.3,–,–,–,,–,–,–,–,–,–,–,–,–,2.38,0.848,
2L,2L4X4X1/2X3/4,2L4X4X1/2X3/4,0.500,25.6,7.50,4.00,–,–,–,–,–,–,–,–,–,–,–,–,–,–,–,–,–,–,–,8.00,–,–,11.0,3.92,1.21,–,7.00,0.469,29.1,6.65,1.97,–,11.7,–,–,–,,–,–,–,–,–,–,–,–,–,2.49,0.862,
2L,2L4X4X7/16,2L4X4X7/16,0.438,22.6,6.60,4.00,–,–,–,–,–,–,–,–,–,–,–,–,–,–,–,–,–,–,–,9.13,–,–,9.86,3.46,1.22,–,6.20,0.413,18.6,4.65,1.68,–,7.59,–,–,–,,–,–,–,–,–,–,–,–,–,2.28,0.832,
2L,2L4X4X7/16X3/8,2L4X4X7/16X3/8,0.438,22.6,6.60,4.00,–,–,–,–,–,–,–,–,–,–,–,–,–,–,–,–,–,–,–,9.13,–,–,9.86,3.46,1.22,–,6.20,0.413,21.6,5.16,1.81,–,8.83,–,–,–,,–,–,–,–,–,–,–,–,–,2.38,0.846,
2L,2L4X4X7/16X3/4,2L4X4X7/16X3/4,0.438,22.6,6.60,4.00,–,–,–,–,–,–,–,–,–,–,–,–,–,–,–,–,–,–,–,9.13,–,–,9.86,3.46,1.22,–,6.20,0.413,25.4,5.81,1.96,–,10.1,–,–,–,,–,–,–,–,–,–,–,–,–,2.49,0.859,
2L,2L4X4X3/8,2L4X4X3/8,0.375,19.6,5.72,4.00,–,–,–,–,–,–,–,–,–,–,–,–,–,–,–,–,–,–,–,10.7,–,–,8.64,3.00,1.23,–,5.38,0.358,16.0,4.00,1.67,–,6.46,–,–,–,,–,–,–,–,–,–,–,–,–,2.28,0.829,
2L,2L4X4X3/8X3/8,2L4X4X3/8X3/8,0.375,19.6,5.72,4.00,–,–,–,–,–,–,–,–,–,–,–,–,–,–,–,–,–,–,–,10.7,–,–,8.64,3.00,1.23,–,5.38,0.358,18.5,4.42,1.80,–,7.54,–,–,–,,–,–,–,–,–,–,–,–,–,2.38,0.843,
2L,2L4X4X3/8X3/4,2L4X4X3/8X3/4,0.375,19.6,5.72,4.00,–,–,–,–,–,–,–,–,–,–,–,–,–,–,–,–,–,–,–,10.7,–,–,8.64,3.00,1.23,–,5.38,0.358,21.5,4.91,1.94,–,8.61,–,–,–,,–,–,–,–,–,–,–,–,–,2.49,0.856,
2L,2L4X4X5/16,2L4X4X5/16,0.313,16.4,4.80,4.00,–,–,–,–,–,–,–,–,–,–,–,–,–,–,–,–,–,–,–,12.8,–,–,7.34,2.54,1.24,–,4.52,0.300,13.2,3.30,1.66,–,5.33,–,–,–,,–,–,–,–,–,–,–,–,–,2.28,0.826,
2L,2L4X4X5/16X3/8,2L4X4X5/16X3/8,0.313,16.4,4.80,4.00,–,–,–,–,–,–,–,–,–,–,–,–,–,–,–,–,–,–,–,12.8,–,–,7.34,2.54,1.24,–,4.52,0.300,15.4,3.68,1.79,–,6.23,–,–,–,,–,–,–,–,–,–,–,–,–,2.37,0.840,
2L,2L4X4X5/16X3/4,2L4X4X5/16X3/4,0.313,16.4,4.80,4.00,–,–,–,–,–,–,–,–,–,–,–,–,–,–,–,–,–,–,–,12.8,–,–,7.34,2.54,1.24,–,4.52,0.300,17.9,4.09,1.93,–,7.13,–,–,–,,–,–,–,–,–,–,–,–,–,2.48,0.854,
2L,2L4X4X1/4,2L4X4X1/4,0.250,13.2,3.86,4.00,–,–,–,–,–,–,–,–,–,–,–,–,–,–,–,–,–,–,–,16.0,–,–,6.00,2.06,1.25,–,3.64,0.241,10.5,2.62,1.65,–,4.17,–,–,–,,–,–,–,–,–,–,–,–,–,2.28,0.824,
2L,2L4X4X1/4X3/8,2L4X4X1/4X3/8,0.250,13.2,3.86,4.00,–,–,–,–,–,–,–,–,–,–,–,–,–,–,–,–,–,–,–,16.0,–,–,6.00,2.06,1.25,–,3.64,0.241,12.2,2.91,1.78,–,4.89,–,–,–,,–,–,–,–,–,–,–,–,–,2.37,0.838,
2L,2L4X4X1/4X3/4,2L4X4X1/4X3/4,0.250,13.2,3.86,4.00,–,–,–,–,–,–,–,–,–,–,–,–,–,–,–,–,–,–,–,16.0,–,–,6.00,2.06,1.25,–,3.64,0.241,14.1,3.22,1.91,–,5.62,–,–,–,,–,–,–,–,–,–,–,–,–,2.48,0.851,
,,,,,,,,,,,,,,,,,,,,,,,,,,,,,,,,,,,,,,,,,,,,,,,,,,,,,,,
2L,2L4X3-1/2X1/2LLBB,2L4X3-1/2X1/2LLBB,0.500,23.8,7.00,4.00,–,–,–,–,–,–,–,–,–,–,–,–,–,–,–,–,–,–,–,8.00,–,–,10.6,3.84,1.23,–,6.92,0.500,14.5,4.14,1.44,–,6.96,–,–,–,,–,–,–,–,–,–,–,–,–,2.14,0.784,
2L,2L4X3-1/2X1/2X3/8LLBB,2L4X3-1/2X1/2X3/8LLBB,0.500,23.8,7.00,4.00,–,–,–,–,–,–,–,–,–,–,–,–,–,–,–,–,–,–,–,8.00,–,–,10.6,3.84,1.23,–,6.92,0.500,17.3,4.69,1.57,–,8.27,–,–,–,,–,–,–,–,–,–,–,–,–,2.23,0.802,
2L,2L4X3-1/2X1/2X3/4LLBB,2L4X3-1/2X1/2X3/4LLBB,0.500,23.8,7.00,4.00,–,–,–,–,–,–,–,–,–,–,–,–,–,–,–,–,–,–,–,8.00,–,–,10.6,3.84,1.23,–,6.92,0.500,20.7,5.34,1.72,–,9.58,–,–,–,,–,–,–,–,–,–,–,–,–,2.33,0.819,
2L,2L4X3-1/2X1/2SLBB,2L4X3-1/2X1/2SLBB,0.500,23.8,7.00,3.50,–,–,–,–,–,–,–,–,–,–,–,–,–,–,–,–,–,–,–,8.00,–,–,7.53,3.00,1.04,–,5.39,0.438,21.4,5.35,1.75,–,8.68,–,–,–,,–,–,–,–,–,–,–,–,–,2.16,0.882,
2L,2L4X3-1/2X1/2X3/8SLBB,2L4X3-1/2X1/2X3/8SLBB,0.500,23.8,7.00,3.50,–,–,–,–,–,–,–,–,–,–,–,–,–,–,–,–,–,–,–,8.00,–,–,7.53,3.00,1.04,–,5.39,0.438,25.0,5.97,1.89,–,9.99,–,–,–,,–,–,–,–,–,–,–,–,–,2.28,0.893,
2L,2L4X3-1/2X1/2X3/4SLBB,2L4X3-1/2X1/2X3/4SLBB,0.500,23.8,7.00,3.50,–,–,–,–,–,–,–,–,–,–,–,–,–,–,–,–,–,–,–,8.00,–,–,7.53,3.00,1.04,–,5.39,0.438,28.8,6.58,2.03,–,11.3,–,–,–,,–,–,–,–,–,–,–,–,–,2.40,0.904,
2L,2L4X3-1/2X3/8LLBB,2L4X3-1/2X3/8LLBB,0.375,18.2,5.36,4.00,–,–,–,–,–,–,–,–,–,–,–,–,–,–,–,–,–,–,–,10.7,–,–,8.30,2.96,1.25,–,5.32,0.427,10.8,3.09,1.42,–,5.08,–,–,–,,–,–,–,–,–,–,–,–,–,2.14,0.778,
2L,2L4X3-1/2X3/8X3/8LLBB,2L4X3-1/2X3/8X3/8LLBB,0.375,18.2,5.36,4.00,–,–,–,–,–,–,–,–,–,–,–,–,–,–,–,–,–,–,–,10.7,–,–,8.30,2.96,1.25,–,5.32,0.427,12.9,3.50,1.55,–,6.08,–,–,–,,–,–,–,–,–,–,–,–,–,2.23,0.795,
2L,2L4X3-1/2X3/8X3/4LLBB,2L4X3-1/2X3/8X3/4LLBB,0.375,18.2,5.36,4.00,–,–,–,–,–,–,–,–,–,–,–,–,–,–,–,–,–,–,–,10.7,–,–,8.30,2.96,1.25,–,5.32,0.427,15.3,3.95,1.69,–,7.09,–,–,–,,–,–,–,–,–,–,–,–,–,2.33,0.813,
2L,2L4X3-1/2X3/8SLBB,2L4X3-1/2X3/8SLBB,0.375,18.2,5.36,3.50,–,–,–,–,–,–,–,–,–,–,–,–,–,–,–,–,–,–,–,10.7,–,–,5.92,2.32,1.05,–,4.13,0.335,16.0,4.00,1.73,–,6.43,–,–,–,,–,–,–,–,–,–,–,–,–,2.16,0.876,
2L,2L4X3-1/2X3/8X3/8SLBB,2L4X3-1/2X3/8X3/8SLBB,0.375,18.2,5.36,3.50,–,–,–,–,–,–,–,–,–,–,–,–,–,–,–,–,–,–,–,10.7,–,–,5.92,2.32,1.05,–,4.13,0.335,18.5,4.42,1.86,–,7.44,–,–,–,,–,–,–,–,–,–,–,–,–,2.27,0.888,
2L,2L4X3-1/2X3/8X3/4SLBB,2L4X3-1/2X3/8X3/4SLBB,0.375,18.2,5.36,3.50,–,–,–,–,–,–,–,–,–,–,–,–,–,–,–,–,–,–,–,10.7,–,–,5.92,2.32,1.05,–,4.13,0.335,21.4,4.89,2.00,–,8.44,–,–,–,,–,–,–,–,–,–,–,–,–,2.39,0.899,
2L,2L4X3-1/2X5/16LLBB,2L4X3-1/2X5/16LLBB,0.313,15.4,4.50,4.00,–,–,–,–,–,–,–,–,–,–,–,–,–,–,–,–,–,–,–,12.8,–,–,7.06,2.50,1.25,–,4.48,0.400,8.82,2.52,1.40,–,4.15,–,–,–,,–,–,–,–,–,–,–,–,–,2.14,0.775,
2L,2L4X3-1/2X5/16X3/8LLBB,2L4X3-1/2X5/16X3/8LLBB,0.313,15.4,4.50,4.00,–,–,–,–,–,–,–,–,–,–,–,–,–,–,–,–,–,–,–,12.8,–,–,7.06,2.50,1.25,–,4.48,0.400,10.5,2.85,1.53,–,5.00,–,–,–,,–,–,–,–,–,–,–,–,–,2.23,0.792,
2L,2L4X3-1/2X5/16X3/4LLBB,2L4X3-1/2X5/16X3/4LLBB,0.313,15.4,4.50,4.00,–,–,–,–,–,–,–,–,–,–,–,–,–,–,–,–,–,–,–,12.8,–,–,7.06,2.50,1.25,–,4.48,0.400,12.7,3.28,1.68,–,5.84,–,–,–,,–,–,–,–,–,–,–,–,–,2.33,0.810,
2L,2L4X3-1/2X5/16SLBB,2L4X3-1/2X5/16SLBB,0.313,15.4,4.50,3.50,–,–,–,–,–,–,–,–,–,–,–,–,–,–,–,–,–,–,–,12.8,–,–,5.05,1.96,1.06,–,3.48,0.281,13.3,3.32,1.72,–,5.26,–,–,–,,–,–,–,–,–,–,–,–,–,2.16,0.874,
2L,2L4X3-1/2X5/16X3/8SLBB,2L4X3-1/2X5/16X3/8SLBB,0.313,15.4,4.50,3.50,–,–,–,–,–,–,–,–,–,–,–,–,–,–,–,–,–,–,–,12.8,–,–,5.05,1.96,1.06,–,3.48,0.281,15.4,3.68,1.85,–,6.11,–,–,–,,–,–,–,–,–,–,–,–,–,2.26,0.885,
2L,2L4X3-1/2X5/16X3/4SLBB,2L4X3-1/2X5/16X3/4SLBB,0.313,15.4,4.50,3.50,–,–,–,–,–,–,–,–,–,–,–,–,–,–,–,–,–,–,–,12.8,–,–,5.05,1.96,1.06,–,3.48,0.281,17.8,4.07,1.99,–,6.95,–,–,–,,–,–,–,–,–,–,–,–,–,2.38,0.896,
2L,2L4X3-1/2X1/4LLBB,2L4X3-1/2X1/4LLBB,0.250,12.4,3.64,4.00,–,–,–,–,–,–,–,–,–,–,–,–,–,–,–,–,–,–,–,16.0,–,–,5.78,2.02,1.26,–,3.62,0.360,7.03,2.01,1.39,–,3.27,–,–,–,,–,–,–,–,–,–,–,–,–,2.14,0.773,
2L,2L4X3-1/2X1/4X3/8LLBB,2L4X3-1/2X1/4X3/8LLBB,0.250,12.4,3.64,4.00,–,–,–,–,–,–,–,–,–,–,–,–,–,–,–,–,–,–,–,16.0,–,–,5.78,2.02,1.26,–,3.62,0.360,8.41,2.28,1.52,–,3.95,–,–,–,,–,–,–,–,–,–,–,–,–,2.22,0.790,
2L,2L4X3-1/2X1/4X3/4LLBB,2L4X3-1/2X1/4X3/4LLBB,0.250,12.4,3.64,4.00,–,–,–,–,–,–,–,–,–,–,–,–,–,–,–,–,–,–,–,16.0,–,–,5.78,2.02,1.26,–,3.62,0.360,10.0,2.58,1.66,–,4.63,–,–,–,,–,–,–,–,–,–,–,–,–,2.32,0.807,
2L,2L4X3-1/2X1/4SLBB,2L4X3-1/2X1/4SLBB,0.250,12.4,3.64,3.50,–,–,–,–,–,–,–,–,–,–,–,–,–,–,–,–,–,–,–,16.0,–,–,4.13,1.59,1.07,–,2.80,0.228,10.5,2.62,1.70,–,4.15,–,–,–,,–,–,–,–,–,–,–,–,–,2.15,0.871,
2L,2L4X3-1/2X1/4X3/8SLBB,2L4X3-1/2X1/4X3/8SLBB,0.250,12.4,3.64,3.50,–,–,–,–,–,–,–,–,–,–,–,–,–,–,–,–,–,–,–,16.0,–,–,4.13,1.59,1.07,–,2.80,0.228,12.2,2.91,1.83,–,4.83,–,–,–,,–,–,–,–,–,–,–,–,–,2.26,0.883,
2L,2L4X3-1/2X1/4X3/4SLBB,2L4X3-1/2X1/4X3/4SLBB,0.250,12.4,3.64,3.50,–,–,–,–,–,–,–,–,–,–,–,–,–,–,–,–,–,–,–,16.0,–,–,4.13,1.59,1.07,–,2.80,0.228,14.1,3.22,1.97,–,5.51,–,–,–,,–,–,–,–,–,–,–,–,–,2.37,0.894,
,,,,,,,,,,,,,,,,,,,,,,,,,,,,,,,,,,,,,,,,,,,,,,,,,,,,,,,
2L,2L4X3X5/8LLBB,2L4X3X5/8LLBB,0.625,27.2,7.98,4.00,–,–,–,–,–,–,–,–,–,–,–,–,–,–,–,–,–,–,–,6.40,–,–,12.0,4.56,1.23,–,8.16,0.808,11.7,3.90,1.21,–,6.92,–,–,–,,–,–,–,–,–,–,–,–,–,2.02,0.728,
2L,2L4X3X5/8X3/8LLBB,2L4X3X5/8X3/8LLBB,0.625,27.2,7.98,4.00,–,–,–,–,–,–,–,–,–,–,–,–,–,–,–,–,–,–,–,6.40,–,–,12.0,4.56,1.23,–,8.16,0.808,14.5,4.55,1.35,–,8.41,–,–,–,,–,–,–,–,–,–,–,–,–,2.11,0.750,
2L,2L4X3X5/8X3/4LLBB,2L4X3X5/8X3/4LLBB,0.625,27.2,7.98,4.00,–,–,–,–,–,–,–,–,–,–,–,–,–,–,–,–,–,–,–,6.40,–,–,12.0,4.56,1.23,–,8.16,0.808,18.0,5.33,1.50,–,9.91,–,–,–,,–,–,–,–,–,–,–,–,–,2.21,0.773,
2L,2L4X3X5/8SLBB,2L4X3X5/8SLBB,0.625,27.2,7.98,3.00,–,–,–,–,–,–,–,–,–,–,–,–,–,–,–,–,–,–,–,6.40,–,–,5.70,2.67,0.845,–,4.90,0.499,27.0,6.75,1.84,–,10.9,–,–,–,,–,–,–,–,–,–,–,–,–,2.10,0.930,
2L,2L4X3X5/8X3/8SLBB,2L4X3X5/8X3/8SLBB,0.625,27.2,7.98,3.00,–,–,–,–,–,–,–,–,–,–,–,–,–,–,–,–,–,–,–,6.40,–,–,5.70,2.67,0.845,–,4.90,0.499,31.3,7.47,1.98,–,12.4,–,–,–,,–,–,–,–,–,–,–,–,–,2.22,0.938,
2L,2L4X3X5/8X3/4SLBB,2L4X3X5/8X3/4SLBB,0.625,27.2,7.98,3.00,–,–,–,–,–,–,–,–,–,–,–,–,–,–,–,–,–,–,–,6.40,–,–,5.70,2.67,0.845,–,4.90,0.499,36.2,8.27,2.13,–,13.9,–,–,–,,–,–,–,–,–,–,–,–,–,2.36,0.945,
2L,2L4X3X1/2LLBB,2L4X3X1/2LLBB,0.500,22.2,6.50,4.00,–,–,–,–,–,–,–,–,–,–,–,–,–,–,–,–,–,–,–,8.00,–,–,10.0,3.74,1.24,–,6.72,0.750,9.20,3.07,1.19,–,5.34,–,–,–,,–,–,–,–,–,–,–,–,–,2.02,0.721,
2L,2L4X3X1/2X3/8LLBB,2L4X3X1/2X3/8LLBB,0.500,22.2,6.50,4.00,–,–,–,–,–,–,–,–,–,–,–,–,–,–,–,–,–,–,–,8.00,–,–,10.0,3.74,1.24,–,6.72,0.750,11.3,3.55,1.32,–,6.56,–,–,–,,–,–,–,–,–,–,–,–,–,2.11,0.743,
2L,2L4X3X1/2X3/4LLBB,2L4X3X1/2X3/4LLBB,0.500,22.2,6.50,4.00,–,–,–,–,–,–,–,–,–,–,–,–,–,–,–,–,–,–,–,8.00,–,–,10.0,3.74,1.24,–,6.72,0.750,14.0,4.15,1.47,–,7.78,–,–,–,,–,–,–,–,–,–,–,–,–,2.20,0.765,
2L,2L4X3X1/2SLBB,2L4X3X1/2SLBB,0.500,22.2,6.50,3.00,–,–,–,–,–,–,–,–,–,–,–,–,–,–,–,–,–,–,–,8.00,–,–,4.79,2.20,0.858,–,3.99,0.406,21.3,5.32,1.81,–,8.58,–,–,–,,–,–,–,–,–,–,–,–,–,2.09,0.925,
2L,2L4X3X1/2X3/8SLBB,2L4X3X1/2X3/8SLBB,0.500,22.2,6.50,3.00,–,–,–,–,–,–,–,–,–,–,–,–,–,–,–,–,–,–,–,8.00,–,–,4.79,2.20,0.858,–,3.99,0.406,24.7,5.90,1.95,–,9.80,–,–,–,,–,–,–,–,–,–,–,–,–,2.21,0.933,
2L,2L4X3X1/2X3/4SLBB,2L4X3X1/2X3/4SLBB,0.500,22.2,6.50,3.00,–,–,–,–,–,–,–,–,–,–,–,–,–,–,–,–,–,–,–,8.00,–,–,4.79,2.20,0.858,–,3.99,0.406,28.7,6.56,2.10,–,11.0,–,–,–,,–,–,–,–,–,–,–,–,–,2.34,0.940,
2L,2L4X3X3/8LLBB,2L4X3X3/8LLBB,0.375,17.0,4.98,4.00,–,–,–,–,–,–,–,–,–,–,–,–,–,–,–,–,–,–,–,10.7,–,–,7.88,2.88,1.26,–,5.20,0.680,6.82,2.27,1.17,–,3.86,–,–,–,,–,–,–,–,–,–,–,–,–,2.03,0.715,
2L,2L4X3X3/8X3/8LLBB,2L4X3X3/8X3/8LLBB,0.375,17.0,4.98,4.00,–,–,–,–,–,–,–,–,–,–,–,–,–,–,–,–,–,–,–,10.7,–,–,7.88,2.88,1.26,–,5.20,0.680,8.42,2.64,1.30,–,4.79,–,–,–,,–,–,–,–,–,–,–,–,–,2.11,0.736,
2L,2L4X3X3/8X3/4LLBB,2L4X3X3/8X3/4LLBB,0.375,17.0,4.98,4.00,–,–,–,–,–,–,–,–,–,–,–,–,–,–,–,–,–,–,–,10.7,–,–,7.88,2.88,1.26,–,5.20,0.680,10.3,3.05,1.44,–,5.73,–,–,–,,–,–,–,–,–,–,–,–,–,2.20,0.757,
2L,2L4X3X3/8SLBB,2L4X3X3/8SLBB,0.375,17.0,4.98,3.00,–,–,–,–,–,–,–,–,–,–,–,–,–,–,–,–,–,–,–,10.7,–,–,3.79,1.70,0.873,–,3.04,0.311,16.0,4.00,1.79,–,6.32,–,–,–,,–,–,–,–,–,–,–,–,–,2.08,0.920,
2L,2L4X3X3/8X3/8SLBB,2L4X3X3/8X3/8SLBB,0.375,17.0,4.98,3.00,–,–,–,–,–,–,–,–,–,–,–,–,–,–,–,–,–,–,–,10.7,–,–,3.79,1.70,0.873,–,3.04,0.311,18.6,4.44,1.93,–,7.26,–,–,–,,–,–,–,–,–,–,–,–,–,2.20,0.928,
2L,2L4X3X3/8X3/4SLBB,2L4X3X3/8X3/4SLBB,0.375,17.0,4.98,3.00,–,–,–,–,–,–,–,–,–,–,–,–,–,–,–,–,–,–,–,10.7,–,–,3.79,1.70,0.873,–,3.04,0.311,21.3,4.87,2.07,–,8.19,–,–,–,,–,–,–,–,–,–,–,–,–,2.32,0.936,
2L,2L4X3X5/16LLBB,2L4X3X5/16LLBB,0.313,14.4,4.18,4.00,–,–,–,–,–,–,–,–,–,–,–,–,–,–,–,–,–,–,–,12.8,–,–,6.72,2.44,1.27,–,4.38,0.656,5.62,1.87,1.16,–,3.14,–,–,–,,–,–,–,–,–,–,–,–,–,2.03,0.712,
2L,2L4X3X5/16X3/8LLBB,2L4X3X5/16X3/8LLBB,0.313,14.4,4.18,4.00,–,–,–,–,–,–,–,–,–,–,–,–,–,–,–,–,–,–,–,12.8,–,–,6.72,2.44,1.27,–,4.38,0.656,6.96,2.18,1.29,–,3.92,–,–,–,,–,–,–,–,–,–,–,–,–,2.11,0.733,
2L,2L4X3X5/16X3/4LLBB,2L4X3X5/16X3/4LLBB,0.313,14.4,4.18,4.00,–,–,–,–,–,–,–,–,–,–,–,–,–,–,–,–,–,–,–,12.8,–,–,6.72,2.44,1.27,–,4.38,0.656,8.55,2.53,1.43,–,4.70,–,–,–,,–,–,–,–,–,–,–,–,–,2.20,0.754,
2L,2L4X3X5/16SLBB,2L4X3X5/16SLBB,0.313,14.4,4.18,3.00,–,–,–,–,–,–,–,–,–,–,–,–,–,–,–,–,–,–,–,12.8,–,–,3.24,1.44,0.880,–,2.56,0.261,13.2,3.30,1.78,–,5.22,–,–,–,,–,–,–,–,–,–,–,–,–,2.07,0.918,
2L,2L4X3X5/16X3/8SLBB,2L4X3X5/16X3/8SLBB,0.313,14.4,4.18,3.00,–,–,–,–,–,–,–,–,–,–,–,–,–,–,–,–,–,–,–,12.8,–,–,3.24,1.44,0.880,–,2.56,0.261,15.2,3.63,1.91,–,6.01,–,–,–,,–,–,–,–,–,–,–,–,–,2.19,0.926,
2L,2L4X3X5/16X3/4SLBB,2L4X3X5/16X3/4SLBB,0.313,14.4,4.18,3.00,–,–,–,–,–,–,–,–,–,–,–,–,–,–,–,–,–,–,–,12.8,–,–,3.24,1.44,0.880,–,2.56,0.261,17.7,4.05,2.06,–,6.79,–,–,–,,–,–,–,–,–,–,–,–,–,2.32,0.934,
2L,2L4X3X1/4LLBB,2L4X3X1/4LLBB,0.250,11.6,3.38,4.00,–,–,–,–,–,–,–,–,–,–,–,–,–,–,–,–,–,–,–,16.0,–,–,5.50,1.98,1.27,–,3.54,0.620,4.47,1.49,1.15,–,2.45,–,–,–,,–,–,–,–,–,–,–,–,–,2.03,0.710,
2L,2L4X3X1/4X3/8LLBB,2L4X3X1/4X3/8LLBB,0.250,11.6,3.38,4.00,–,–,–,–,–,–,–,–,–,–,–,–,–,–,–,–,–,–,–,16.0,–,–,5.50,1.98,1.27,–,3.54,0.620,5.45,1.71,1.27,–,3.08,–,–,–,,–,–,–,–,–,–,–,–,–,2.11,0.730,
2L,2L4X3X1/4X3/4LLBB,2L4X3X1/4X3/4LLBB,0.250,11.6,3.38,4.00,–,–,–,–,–,–,–,–,–,–,–,–,–,–,–,–,–,–,–,16.0,–,–,5.50,1.98,1.27,–,3.54,0.620,6.72,1.99,1.41,–,3.72,–,–,–,,–,–,–,–,–,–,–,–,–,2.20,0.751,
2L,2L4X3X1/4SLBB,2L4X3X1/4SLBB,0.250,11.6,3.38,3.00,–,–,–,–,–,–,–,–,–,–,–,–,–,–,–,–,–,–,–,16.0,–,–,2.66,1.17,0.887,–,2.06,0.211,10.5,2.62,1.76,–,4.12,–,–,–,,–,–,–,–,–,–,–,–,–,2.06,0.915,
2L,2L4X3X1/4X3/8SLBB,2L4X3X1/4X3/8SLBB,0.250,11.6,3.38,3.00,–,–,–,–,–,–,–,–,–,–,–,–,–,–,–,–,–,–,–,16.0,–,–,2.66,1.17,0.887,–,2.06,0.211,12.2,2.91,1.90,–,4.76,–,–,–,,–,–,–,–,–,–,–,–,–,2.18,0.924,
2L,2L4X3X1/4X3/4SLBB,2L4X3X1/4X3/4SLBB,0.250,11.6,3.38,3.00,–,–,–,–,–,–,–,–,–,–,–,–,–,–,–,–,–,–,–,16.0,–,–,2.66,1.17,0.887,–,2.06,0.211,14.1,3.22,2.04,–,5.39,–,–,–,,–,–,–,–,–,–,–,–,–,2.31,0.932,
,,,,,,,,,,,,,,,,,,,,,,,,,,,,,,,,,,,,,,,,,,,,,,,,,,,,,,,
2L,2L3-1/2X3-1/2X1/2,2L3-1/2X3-1/2X1/2,0.500,22.2,6.50,3.50,–,–,–,–,–,–,–,–,–,–,–,–,–,–,–,–,–,–,–,7.00,–,–,7.26,2.96,1.05,–,5.32,0.464,14.4,4.11,1.49,–,6.82,–,–,–,,–,–,–,–,–,–,–,–,–,1.99,0.838,
2L,2L3-1/2X3-1/2X1/2X3/8,2L3-1/2X3-1/2X1/2X3/8,0.500,22.2,6.50,3.50,–,–,–,–,–,–,–,–,–,–,–,–,–,–,–,–,–,–,–,7.00,–,–,7.26,2.96,1.05,–,5.32,0.464,17.3,4.69,1.63,–,8.04,–,–,–,,–,–,–,–,–,–,–,–,–,2.10,0.854,
2L,2L3-1/2X3-1/2X1/2X3/4,2L3-1/2X3-1/2X1/2X3/4,0.500,22.2,6.50,3.50,–,–,–,–,–,–,–,–,–,–,–,–,–,–,–,–,–,–,–,7.00,–,–,7.26,2.96,1.05,–,5.32,0.464,20.4,5.26,1.77,–,9.26,–,–,–,,–,–,–,–,–,–,–,–,–,2.21,0.869,
2L,2L3-1/2X3-1/2X7/16,2L3-1/2X3-1/2X7/16,0.438,19.6,5.78,3.50,–,–,–,–,–,–,–,–,–,–,–,–,–,–,–,–,–,–,–,7.99,–,–,6.50,2.64,1.06,–,4.72,0.413,12.7,3.63,1.48,–,5.95,–,–,–,,–,–,–,–,–,–,–,–,–,1.99,0.835,
2L,2L3-1/2X3-1/2X7/16X3/8,2L3-1/2X3-1/2X7/16X3/8,0.438,19.6,5.78,3.50,–,–,–,–,–,–,–,–,–,–,–,–,–,–,–,–,–,–,–,7.99,–,–,6.50,2.64,1.06,–,4.72,0.413,15.0,4.07,1.61,–,7.04,–,–,–,,–,–,–,–,–,–,–,–,–,2.09,0.851,
2L,2L3-1/2X3-1/2X7/16X3/4,2L3-1/2X3-1/2X7/16X3/4,0.438,19.6,5.78,3.50,–,–,–,–,–,–,–,–,–,–,–,–,–,–,–,–,–,–,–,7.99,–,–,6.50,2.64,1.06,–,4.72,0.413,17.9,4.62,1.76,–,8.12,–,–,–,,–,–,–,–,–,–,–,–,–,2.21,0.866,
2L,2L3-1/2X3-1/2X3/8,2L3-1/2X3-1/2X3/8,0.375,17.0,5.00,3.50,–,–,–,–,–,–,–,–,–,–,–,–,–,–,–,–,–,–,–,9.33,–,–,5.72,2.30,1.07,–,4.12,0.357,10.8,3.09,1.47,–,5.00,–,–,–,,–,–,–,–,–,–,–,–,–,1.99,0.832,
2L,2L3-1/2X3-1/2X3/8X3/8,2L3-1/2X3-1/2X3/8X3/8,0.375,17.0,5.00,3.50,–,–,–,–,–,–,–,–,–,–,–,–,–,–,–,–,–,–,–,9.33,–,–,5.72,2.30,1.07,–,4.12,0.357,12.8,3.47,1.60,–,5.94,–,–,–,,–,–,–,–,–,–,–,–,–,2.09,0.848,
2L,2L3-1/2X3-1/2X3/8X3/4,2L3-1/2X3-1/2X3/8X3/4,0.375,17.0,5.00,3.50,–,–,–,–,–,–,–,–,–,–,–,–,–,–,–,–,–,–,–,9.33,–,–,5.72,2.30,1.07,–,4.12,0.357,15.1,3.90,1.74,–,6.88,–,–,–,,–,–,–,–,–,–,–,–,–,2.20,0.863,
2L,2L3-1/2X3-1/2X5/16,2L3-1/2X3-1/2X5/16,0.313,14.4,4.20,3.50,–,–,–,–,–,–,–,–,–,–,–,–,–,–,–,–,–,–,–,11.2,–,–,4.88,1.94,1.08,–,3.48,0.300,8.95,2.56,1.46,–,4.11,–,–,–,,–,–,–,–,–,–,–,–,–,1.99,0.829,
2L,2L3-1/2X3-1/2X5/16X3/8,2L3-1/2X3-1/2X5/16X3/8,0.313,14.4,4.20,3.50,–,–,–,–,–,–,–,–,–,–,–,–,–,–,–,–,–,–,–,11.2,–,–,4.88,1.94,1.08,–,3.48,0.300,10.6,2.87,1.59,–,4.90,–,–,–,,–,–,–,–,–,–,–,–,–,2.09,0.845,
2L,2L3-1/2X3-1/2X5/16X3/4,2L3-1/2X3-1/2X5/16X3/4,0.313,14.4,4.20,3.50,–,–,–,–,–,–,–,–,–,–,–,–,–,–,–,–,–,–,–,11.2,–,–,4.88,1.94,1.08,–,3.48,0.300,12.6,3.25,1.73,–,5.69,–,–,–,,–,–,–,–,–,–,–,–,–,2.20,0.860,
2L,2L3-1/2X3-1/2X1/4,2L3-1/2X3-1/2X1/4,0.250,11.6,3.40,3.50,–,–,–,–,–,–,–,–,–,–,–,–,–,–,–,–,–,–,–,14.0,–,–,4.00,1.57,1.09,–,2.82,0.243,7.05,2.01,1.44,–,3.24,–,–,–,,–,–,–,–,–,–,–,–,–,1.99,0.826,
2L,2L3-1/2X3-1/2X1/4X3/8,2L3-1/2X3-1/2X1/4X3/8,0.250,11.6,3.40,3.50,–,–,–,–,–,–,–,–,–,–,–,–,–,–,–,–,–,–,–,14.0,–,–,4.00,1.57,1.09,–,2.82,0.243,8.38,2.27,1.57,–,3.88,–,–,–,,–,–,–,–,–,–,–,–,–,2.08,0.842,
2L,2L3-1/2X3-1/2X1/4X3/4,2L3-1/2X3-1/2X1/4X3/4,0.250,11.6,3.40,3.50,–,–,–,–,–,–,–,–,–,–,–,–,–,–,–,–,–,–,–,14.0,–,–,4.00,1.57,1.09,–,2.82,0.243,10.1,2.61,1.72,–,4.52,–,–,–,,–,–,–,–,–,–,–,–,–,2.19,0.857,
,,,,,,,,,,,,,,,,,,,,,,,,,,,,,,,,,,,,,,,,,,,,,,,,,,,,,,,
2L,2L3-1/2X3X1/2LLBB,2L3-1/2X3X1/2LLBB,0.500,20.4,6.04,3.50,–,–,–,–,–,–,–,–,–,–,–,–,–,–,–,–,–,–,–,7.00,–,–,6.90,2.90,1.07,–,5.22,0.480,9.14,3.05,1.23,–,5.25,–,–,–,,–,–,–,–,–,–,–,–,–,1.85,0.780,
2L,2L3-1/2X3X1/2X3/8LLBB,2L3-1/2X3X1/2X3/8LLBB,0.500,20.4,6.04,3.50,–,–,–,–,–,–,–,–,–,–,–,–,–,–,–,–,–,–,–,7.00,–,–,6.90,2.90,1.07,–,5.22,0.480,11.3,3.55,1.37,–,6.38,–,–,–,,–,–,–,–,–,–,–,–,–,1.94,0.801,
2L,2L3-1/2X3X1/2X3/4LLBB,2L3-1/2X3X1/2X3/4LLBB,0.500,20.4,6.04,3.50,–,–,–,–,–,–,–,–,–,–,–,–,–,–,–,–,–,–,–,7.00,–,–,6.90,2.90,1.07,–,5.22,0.480,14.0,4.15,1.52,–,7.51,–,–,–,,–,–,–,–,–,–,–,–,–,2.05,0.822,
2L,2L3-1/2X3X1/2SLBB,2L3-1/2X3X1/2SLBB,0.500,20.4,6.04,3.00,–,–,–,–,–,–,–,–,–,–,–,–,–,–,–,–,–,–,–,7.00,–,–,4.65,2.18,0.877,–,3.94,0.431,14.5,4.14,1.55,–,6.76,–,–,–,,–,–,–,–,–,–,–,–,–,1.88,0.892,
2L,2L3-1/2X3X1/2X3/8SLBB,2L3-1/2X3X1/2X3/8SLBB,0.500,20.4,6.04,3.00,–,–,–,–,–,–,–,–,–,–,–,–,–,–,–,–,–,–,–,7.00,–,–,4.65,2.18,0.877,–,3.94,0.431,17.3,4.69,1.69,–,7.90,–,–,–,,–,–,–,–,–,–,–,–,–,2.00,0.904,
2L,2L3-1/2X3X1/2X3/4SLBB,2L3-1/2X3X1/2X3/4SLBB,0.500,20.4,6.04,3.00,–,–,–,–,–,–,–,–,–,–,–,–,–,–,–,–,–,–,–,7.00,–,–,4.65,2.18,0.877,–,3.94,0.431,20.4,5.26,1.84,–,9.03,–,–,–,,–,–,–,–,–,–,–,–,–,2.13,0.915,
2L,2L3-1/2X3X7/16LLBB,2L3-1/2X3X7/16LLBB,0.438,18.2,5.34,3.50,–,–,–,–,–,–,–,–,–,–,–,–,–,–,–,–,–,–,–,7.99,–,–,6.20,2.58,1.08,–,4.64,0.449,7.95,2.65,1.22,–,4.52,–,–,–,,–,–,–,–,–,–,–,–,–,1.85,0.776,
2L,2L3-1/2X3X7/16X3/8LLBB,2L3-1/2X3X7/16X3/8LLBB,0.438,18.2,5.34,3.50,–,–,–,–,–,–,–,–,–,–,–,–,–,–,–,–,–,–,–,7.99,–,–,6.20,2.58,1.08,–,4.64,0.449,9.88,3.10,1.36,–,5.52,–,–,–,,–,–,–,–,–,–,–,–,–,1.94,0.797,
2L,2L3-1/2X3X7/16X3/4LLBB,2L3-1/2X3X7/16X3/4LLBB,0.438,18.2,5.34,3.50,–,–,–,–,–,–,–,–,–,–,–,–,–,–,–,–,–,–,–,7.99,–,–,6.20,2.58,1.08,–,4.64,0.449,12.2,3.61,1.51,–,6.52,–,–,–,,–,–,–,–,–,–,–,–,–,2.05,0.818,
2L,2L3-1/2X3X7/16SLBB,2L3-1/2X3X7/16SLBB,0.438,18.2,5.34,3.00,–,–,–,–,–,–,–,–,–,–,–,–,–,–,–,–,–,–,–,7.99,–,–,4.18,1.94,0.885,–,3.49,0.381,12.7,3.63,1.54,–,5.82,–,–,–,,–,–,–,–,–,–,–,–,–,1.88,0.889,
2L,2L3-1/2X3X7/16X3/8SLBB,2L3-1/2X3X7/16X3/8SLBB,0.438,18.2,5.34,3.00,–,–,–,–,–,–,–,–,–,–,–,–,–,–,–,–,–,–,–,7.99,–,–,4.18,1.94,0.885,–,3.49,0.381,14.9,4.04,1.67,–,6.82,–,–,–,,–,–,–,–,–,–,–,–,–,1.99,0.901,
2L,2L3-1/2X3X7/16X3/4SLBB,2L3-1/2X3X7/16X3/4SLBB,0.438,18.2,5.34,3.00,–,–,–,–,–,–,–,–,–,–,–,–,–,–,–,–,–,–,–,7.99,–,–,4.18,1.94,0.885,–,3.49,0.381,17.7,4.57,1.82,–,7.82,–,–,–,,–,–,–,–,–,–,–,–,–,2.12,0.912,
2L,2L3-1/2X3X3/8LLBB,2L3-1/2X3X3/8LLBB,0.375,15.8,4.64,3.50,–,–,–,–,–,–,–,–,–,–,–,–,–,–,–,–,–,–,–,9.33,–,–,5.46,2.24,1.09,–,4.06,0.407,6.79,2.26,1.21,–,3.82,–,–,–,,–,–,–,–,–,–,–,–,–,1.85,0.773,
2L,2L3-1/2X3X3/8X3/8LLBB,2L3-1/2X3X3/8X3/8LLBB,0.375,15.8,4.64,3.50,–,–,–,–,–,–,–,–,–,–,–,–,–,–,–,–,–,–,–,9.33,–,–,5.46,2.24,1.09,–,4.06,0.407,8.46,2.65,1.35,–,4.69,–,–,–,,–,–,–,–,–,–,–,–,–,1.94,0.794,
2L,2L3-1/2X3X3/8X3/4LLBB,2L3-1/2X3X3/8X3/4LLBB,0.375,15.8,4.64,3.50,–,–,–,–,–,–,–,–,–,–,–,–,–,–,–,–,–,–,–,9.33,–,–,5.46,2.24,1.09,–,4.06,0.407,10.3,3.05,1.49,–,5.56,–,–,–,,–,–,–,–,–,–,–,–,–,2.05,0.814,
2L,2L3-1/2X3X3/8SLBB,2L3-1/2X3X3/8SLBB,0.375,15.8,4.64,3.00,–,–,–,–,–,–,–,–,–,–,–,–,–,–,–,–,–,–,–,9.33,–,–,3.69,1.69,0.892,–,3.04,0.331,10.7,3.06,1.52,–,4.96,–,–,–,,–,–,–,–,–,–,–,–,–,1.88,0.885,
2L,2L3-1/2X3X3/8X3/8SLBB,2L3-1/2X3X3/8X3/8SLBB,0.375,15.8,4.64,3.00,–,–,–,–,–,–,–,–,–,–,–,–,–,–,–,–,–,–,–,9.33,–,–,3.69,1.69,0.892,–,3.04,0.331,12.8,3.47,1.66,–,5.83,–,–,–,,–,–,–,–,–,–,–,–,–,1.99,0.898,
2L,2L3-1/2X3X3/8X3/4SLBB,2L3-1/2X3X3/8X3/4SLBB,0.375,15.8,4.64,3.00,–,–,–,–,–,–,–,–,–,–,–,–,–,–,–,–,–,–,–,9.33,–,–,3.69,1.69,0.892,–,3.04,0.331,15.2,3.92,1.81,–,6.70,–,–,–,,–,–,–,–,–,–,–,–,–,2.11,0.910,
2L,2L3-1/2X3X5/16LLBB,2L3-1/2X3X5/16LLBB,0.313,13.2,3.90,3.50,–,–,–,–,–,–,–,–,–,–,–,–,–,–,–,–,–,–,–,11.2,–,–,4.66,1.90,1.09,–,3.44,0.380,5.62,1.87,1.20,–,3.11,–,–,–,,–,–,–,–,–,–,–,–,–,1.85,0.770,
2L,2L3-1/2X3X5/16X3/8LLBB,2L3-1/2X3X5/16X3/8LLBB,0.313,13.2,3.90,3.50,–,–,–,–,–,–,–,–,–,–,–,–,–,–,–,–,–,–,–,11.2,–,–,4.66,1.90,1.09,–,3.44,0.380,6.90,2.16,1.33,–,3.84,–,–,–,,–,–,–,–,–,–,–,–,–,1.94,0.790,
2L,2L3-1/2X3X5/16X3/4LLBB,2L3-1/2X3X5/16X3/4LLBB,0.313,13.2,3.90,3.50,–,–,–,–,–,–,–,–,–,–,–,–,–,–,–,–,–,–,–,11.2,–,–,4.66,1.90,1.09,–,3.44,0.380,8.54,2.53,1.48,–,4.57,–,–,–,,–,–,–,–,–,–,–,–,–,2.04,0.811,
2L,2L3-1/2X3X5/16SLBB,2L3-1/2X3X5/16SLBB,0.313,13.2,3.90,3.00,–,–,–,–,–,–,–,–,–,–,–,–,–,–,–,–,–,–,–,11.2,–,–,3.16,1.44,0.900,–,2.56,0.279,8.89,2.54,1.51,–,4.10,–,–,–,,–,–,–,–,–,–,–,–,–,1.87,0.883,
2L,2L3-1/2X3X5/16X3/8SLBB,2L3-1/2X3X5/16X3/8SLBB,0.313,13.2,3.90,3.00,–,–,–,–,–,–,–,–,–,–,–,–,–,–,–,–,–,–,–,11.2,–,–,3.16,1.44,0.900,–,2.56,0.279,10.6,2.87,1.65,–,4.83,–,–,–,,–,–,–,–,–,–,–,–,–,1.98,0.895,
2L,2L3-1/2X3X5/16X3/4SLBB,2L3-1/2X3X5/16X3/4SLBB,0.313,13.2,3.90,3.00,–,–,–,–,–,–,–,–,–,–,–,–,–,–,–,–,–,–,–,11.2,–,–,3.16,1.44,0.900,–,2.56,0.279,12.5,3.23,1.79,–,5.56,–,–,–,,–,–,–,–,–,–,–,–,–,2.11,0.907,
2L,2L3-1/2X3X1/4LLBB,2L3-1/2X3X1/4LLBB,0.250,10.8,3.16,3.50,–,–,–,–,–,–,–,–,–,–,–,–,–,–,–,–,–,–,–,14.0,–,–,3.84,1.55,1.10,–,2.78,0.340,4.47,1.49,1.19,–,2.44,–,–,–,,–,–,–,–,–,–,–,–,–,1.85,0.767,
2L,2L3-1/2X3X1/4X3/8LLBB,2L3-1/2X3X1/4X3/8LLBB,0.250,10.8,3.16,3.50,–,–,–,–,–,–,–,–,–,–,–,–,–,–,–,–,–,–,–,14.0,–,–,3.84,1.55,1.10,–,2.78,0.340,5.51,1.73,1.32,–,3.04,–,–,–,,–,–,–,–,–,–,–,–,–,1.94,0.787,
2L,2L3-1/2X3X1/4X3/4LLBB,2L3-1/2X3X1/4X3/4LLBB,0.250,10.8,3.16,3.50,–,–,–,–,–,–,–,–,–,–,–,–,–,–,–,–,–,–,–,14.0,–,–,3.84,1.55,1.10,–,2.78,0.340,6.74,2.00,1.46,–,3.63,–,–,–,,–,–,–,–,–,–,–,–,–,2.04,0.807,
2L,2L3-1/2X3X1/4SLBB,2L3-1/2X3X1/4SLBB,0.250,10.8,3.16,3.00,–,–,–,–,–,–,–,–,–,–,–,–,–,–,–,–,–,–,–,14.0,–,–,2.61,1.17,0.908,–,2.08,0.226,7.11,2.03,1.50,–,3.22,–,–,–,,–,–,–,–,–,–,–,–,–,1.87,0.880,
2L,2L3-1/2X3X1/4X3/8SLBB,2L3-1/2X3X1/4X3/8SLBB,0.250,10.8,3.16,3.00,–,–,–,–,–,–,–,–,–,–,–,–,–,–,–,–,–,–,–,14.0,–,–,2.61,1.17,0.908,–,2.08,0.226,8.40,2.28,1.63,–,3.82,–,–,–,,–,–,–,–,–,–,–,–,–,1.98,0.893,
2L,2L3-1/2X3X1/4X3/4SLBB,2L3-1/2X3X1/4X3/4SLBB,0.250,10.8,3.16,3.00,–,–,–,–,–,–,–,–,–,–,–,–,–,–,–,–,–,–,–,14.0,–,–,2.61,1.17,0.908,–,2.08,0.226,10.0,2.58,1.78,–,4.41,–,–,–,,–,–,–,–,–,–,–,–,–,2.10,0.905,
,,,,,,,,,,,,,,,,,,,,,,,,,,,,,,,,,,,,,,,,,,,,,,,,,,,,,,,
2L,2L3-1/2X2-1/2X1/2LLBB,2L3-1/2X2-1/2X1/2LLBB,0.500,18.8,5.54,3.50,–,–,–,–,–,–,–,–,–,–,–,–,–,–,–,–,–,–,–,7.00,–,–,6.48,2.82,1.08,–,5.04,0.730,5.45,2.18,0.992,–,3.88,–,–,–,,–,–,–,–,–,–,–,–,–,1.75,0.706,
2L,2L3-1/2X2-1/2X1/2X3/8LLBB,2L3-1/2X2-1/2X1/2X3/8LLBB,0.500,18.8,5.54,3.50,–,–,–,–,–,–,–,–,–,–,–,–,–,–,–,–,–,–,–,7.00,–,–,6.48,2.82,1.08,–,5.04,0.730,7.07,2.63,1.13,–,4.92,–,–,–,,–,–,–,–,–,–,–,–,–,1.83,0.732,
2L,2L3-1/2X2-1/2X1/2X3/4LLBB,2L3-1/2X2-1/2X1/2X3/4LLBB,0.500,18.8,5.54,3.50,–,–,–,–,–,–,–,–,–,–,–,–,–,–,–,–,–,–,–,7.00,–,–,6.48,2.82,1.08,–,5.04,0.730,9.08,3.16,1.28,–,5.96,–,–,–,,–,–,–,–,–,–,–,–,–,1.93,0.759,
2L,2L3-1/2X2-1/2X1/2SLBB,2L3-1/2X2-1/2X1/2SLBB,0.500,18.8,5.54,2.50,–,–,–,–,–,–,–,–,–,–,–,–,–,–,–,–,–,–,–,7.00,–,–,2.72,1.51,0.701,–,2.78,0.396,14.5,4.14,1.62,–,6.65,–,–,–,,–,–,–,–,–,–,–,–,–,1.82,0.938,
2L,2L3-1/2X2-1/2X1/2X3/8SLBB,2L3-1/2X2-1/2X1/2X3/8SLBB,0.500,18.8,5.54,2.50,–,–,–,–,–,–,–,–,–,–,–,–,–,–,–,–,–,–,–,7.00,–,–,2.72,1.51,0.701,–,2.78,0.396,17.2,4.66,1.76,–,7.69,–,–,–,,–,–,–,–,–,–,–,–,–,1.95,0.946,
2L,2L3-1/2X2-1/2X1/2X3/4SLBB,2L3-1/2X2-1/2X1/2X3/4SLBB,0.500,18.8,5.54,2.50,–,–,–,–,–,–,–,–,–,–,–,–,–,–,–,–,–,–,–,7.00,–,–,2.72,1.51,0.701,–,2.78,0.396,20.2,5.21,1.91,–,8.73,–,–,–,,–,–,–,–,–,–,–,–,–,2.08,0.953,
2L,2L3-1/2X2-1/2X3/8LLBB,2L3-1/2X2-1/2X3/8LLBB,0.375,14.4,4.24,3.50,–,–,–,–,–,–,–,–,–,–,–,–,–,–,–,–,–,–,–,9.33,–,–,5.12,2.18,1.10,–,3.92,0.673,3.99,1.60,0.970,–,2.78,–,–,–,,–,–,–,–,–,–,–,–,–,1.75,0.698,
2L,2L3-1/2X2-1/2X3/8X3/8LLBB,2L3-1/2X2-1/2X3/8X3/8LLBB,0.375,14.4,4.24,3.50,–,–,–,–,–,–,–,–,–,–,–,–,–,–,–,–,–,–,–,9.33,–,–,5.12,2.18,1.10,–,3.92,0.673,5.22,1.94,1.11,–,3.57,–,–,–,,–,–,–,–,–,–,–,–,–,1.83,0.724,
2L,2L3-1/2X2-1/2X3/8X3/4LLBB,2L3-1/2X2-1/2X3/8X3/4LLBB,0.375,14.4,4.24,3.50,–,–,–,–,–,–,–,–,–,–,–,–,–,–,–,–,–,–,–,9.33,–,–,5.12,2.18,1.10,–,3.92,0.673,6.63,2.31,1.25,–,4.37,–,–,–,,–,–,–,–,–,–,–,–,–,1.93,0.750,
2L,2L3-1/2X2-1/2X3/8SLBB,2L3-1/2X2-1/2X3/8SLBB,0.375,14.4,4.24,2.50,–,–,–,–,–,–,–,–,–,–,–,–,–,–,–,–,–,–,–,9.33,–,–,2.17,1.18,0.716,–,2.13,0.303,10.7,3.06,1.59,–,4.88,–,–,–,,–,–,–,–,–,–,–,–,–,1.81,0.933,
2L,2L3-1/2X2-1/2X3/8X3/8SLBB,2L3-1/2X2-1/2X3/8X3/8SLBB,0.375,14.4,4.24,2.50,–,–,–,–,–,–,–,–,–,–,–,–,–,–,–,–,–,–,–,9.33,–,–,2.17,1.18,0.716,–,2.13,0.303,12.7,3.44,1.73,–,5.67,–,–,–,,–,–,–,–,–,–,–,–,–,1.93,0.941,
2L,2L3-1/2X2-1/2X3/8X3/4SLBB,2L3-1/2X2-1/2X3/8X3/4SLBB,0.375,14.4,4.24,2.50,–,–,–,–,–,–,–,–,–,–,–,–,–,–,–,–,–,–,–,9.33,–,–,2.17,1.18,0.716,–,2.13,0.303,15.0,3.87,1.88,–,6.47,–,–,–,,–,–,–,–,–,–,–,–,–,2.07,0.949,
2L,2L3-1/2X2-1/2X5/16LLBB,2L3-1/2X2-1/2X5/16LLBB,0.313,12.2,3.58,3.50,–,–,–,–,–,–,–,–,–,–,–,–,–,–,–,–,–,–,–,11.2,–,–,4.40,1.85,1.11,–,3.34,0.636,3.30,1.32,0.960,–,2.26,–,–,–,,–,–,–,–,–,–,–,–,–,1.76,0.695,
2L,2L3-1/2X2-1/2X5/16X3/8LLBB,2L3-1/2X2-1/2X5/16X3/8LLBB,0.313,12.2,3.58,3.50,–,–,–,–,–,–,–,–,–,–,–,–,–,–,–,–,–,–,–,11.2,–,–,4.40,1.85,1.11,–,3.34,0.636,4.25,1.58,1.09,–,2.93,–,–,–,,–,–,–,–,–,–,–,–,–,1.83,0.720,
2L,2L3-1/2X2-1/2X5/16X3/4LLBB,2L3-1/2X2-1/2X5/16X3/4LLBB,0.313,12.2,3.58,3.50,–,–,–,–,–,–,–,–,–,–,–,–,–,–,–,–,–,–,–,11.2,–,–,4.40,1.85,1.11,–,3.34,0.636,5.50,1.91,1.24,–,3.61,–,–,–,,–,–,–,–,–,–,–,–,–,1.92,0.746,
2L,2L3-1/2X2-1/2X5/16SLBB,2L3-1/2X2-1/2X5/16SLBB,0.313,12.2,3.58,2.50,–,–,–,–,–,–,–,–,–,–,–,–,–,–,–,–,–,–,–,11.2,–,–,1.87,1.00,0.723,–,1.80,0.256,8.94,2.55,1.58,–,4.05,–,–,–,,–,–,–,–,–,–,–,–,–,1.80,0.930,
2L,2L3-1/2X2-1/2X5/16X3/8SLBB,2L3-1/2X2-1/2X5/16X3/8SLBB,0.313,12.2,3.58,2.50,–,–,–,–,–,–,–,–,–,–,–,–,–,–,–,–,–,–,–,11.2,–,–,1.87,1.00,0.723,–,1.80,0.256,10.6,2.87,1.72,–,4.72,–,–,–,,–,–,–,–,–,–,–,–,–,1.92,0.939,
2L,2L3-1/2X2-1/2X5/16X3/4SLBB,2L3-1/2X2-1/2X5/16X3/4SLBB,0.313,12.2,3.58,2.50,–,–,–,–,–,–,–,–,–,–,–,–,–,–,–,–,–,–,–,11.2,–,–,1.87,1.00,0.723,–,1.80,0.256,12.5,3.23,1.87,–,5.39,–,–,–,,–,–,–,–,–,–,–,–,–,2.06,0.947,
2L,2L3-1/2X2-1/2X1/4LLBB,2L3-1/2X2-1/2X1/4LLBB,0.250,9.80,2.90,3.50,–,–,–,–,–,–,–,–,–,–,–,–,–,–,–,–,–,–,–,14.0,–,–,3.62,1.51,1.12,–,2.72,0.600,2.62,1.05,0.950,–,1.76,–,–,–,,–,–,–,–,–,–,–,–,–,1.76,0.693,
2L,2L3-1/2X2-1/2X1/4X3/8LLBB,2L3-1/2X2-1/2X1/4X3/8LLBB,0.250,9.80,2.90,3.50,–,–,–,–,–,–,–,–,–,–,–,–,–,–,–,–,–,–,–,14.0,–,–,3.62,1.51,1.12,–,2.72,0.600,3.38,1.26,1.08,–,2.30,–,–,–,,–,–,–,–,–,–,–,–,–,1.83,0.717,
2L,2L3-1/2X2-1/2X1/4X3/4LLBB,2L3-1/2X2-1/2X1/4X3/4LLBB,0.250,9.80,2.90,3.50,–,–,–,–,–,–,–,–,–,–,–,–,–,–,–,–,–,–,–,14.0,–,–,3.62,1.51,1.12,–,2.72,0.600,4.32,1.50,1.22,–,2.85,–,–,–,,–,–,–,–,–,–,–,–,–,1.92,0.742,
2L,2L3-1/2X2-1/2X1/4SLBB,2L3-1/2X2-1/2X1/4SLBB,0.250,9.80,2.90,2.50,–,–,–,–,–,–,–,–,–,–,–,–,–,–,–,–,–,–,–,14.0,–,–,1.55,0.819,0.731,–,1.46,0.207,7.15,2.04,1.57,–,3.19,–,–,–,,–,–,–,–,–,–,–,–,–,1.80,0.928,
2L,2L3-1/2X2-1/2X1/4X3/8SLBB,2L3-1/2X2-1/2X1/4X3/8SLBB,0.250,9.80,2.90,2.50,–,–,–,–,–,–,–,–,–,–,–,–,–,–,–,–,–,–,–,14.0,–,–,1.55,0.819,0.731,–,1.46,0.207,8.38,2.27,1.70,–,3.73,–,–,–,,–,–,–,–,–,–,–,–,–,1.92,0.937,
2L,2L3-1/2X2-1/2X1/4X3/4SLBB,2L3-1/2X2-1/2X1/4X3/4SLBB,0.250,9.80,2.90,2.50,–,–,–,–,–,–,–,–,–,–,–,–,–,–,–,–,–,–,–,14.0,–,–,1.55,0.819,0.731,–,1.46,0.207,9.93,2.56,1.85,–,4.28,–,–,–,,–,–,–,–,–,–,–,–,–,2.05,0.944,
,,,,,,,,,,,,,,,,,,,,,,,,,,,,,,,,,,,,,,,,,,,,,,,,,,,,,,,
2L,2L3X3X1/2,2L3X3X1/2,0.500,18.8,5.52,3.00,–,–,–,–,–,–,–,–,–,–,–,–,–,–,–,–,–,–,–,6.00,–,–,4.40,2.12,0.895,–,3.82,0.460,9.19,3.06,1.29,–,5.13,–,–,–,,–,–,–,–,–,–,–,–,–,1.71,0.842,
2L,2L3X3X1/2X3/8,2L3X3X1/2X3/8,0.500,18.8,5.52,3.00,–,–,–,–,–,–,–,–,–,–,–,–,–,–,–,–,–,–,–,6.00,–,–,4.40,2.12,0.895,–,3.82,0.460,11.3,3.55,1.43,–,6.16,–,–,–,,–,–,–,–,–,–,–,–,–,1.82,0.861,
2L,2L3X3X1/2X3/4,2L3X3X1/2X3/4,0.500,18.8,5.52,3.00,–,–,–,–,–,–,–,–,–,–,–,–,–,–,–,–,–,–,–,6.00,–,–,4.40,2.12,0.895,–,3.82,0.460,13.8,4.09,1.58,–,7.20,–,–,–,,–,–,–,–,–,–,–,–,–,1.94,0.878,
2L,2L3X3X7/16,2L3X3X7/16,0.438,16.6,4.86,3.00,–,–,–,–,–,–,–,–,–,–,–,–,–,–,–,–,–,–,–,6.85,–,–,3.96,1.89,0.903,–,3.40,0.405,7.96,2.65,1.28,–,4.41,–,–,–,,–,–,–,–,–,–,–,–,–,1.71,0.838,
2L,2L3X3X7/16X3/8,2L3X3X7/16X3/8,0.438,16.6,4.86,3.00,–,–,–,–,–,–,–,–,–,–,–,–,–,–,–,–,–,–,–,6.85,–,–,3.96,1.89,0.903,–,3.40,0.405,9.80,3.07,1.42,–,5.32,–,–,–,,–,–,–,–,–,–,–,–,–,1.82,0.857,
2L,2L3X3X7/16X3/4,2L3X3X7/16X3/4,0.438,16.6,4.86,3.00,–,–,–,–,–,–,–,–,–,–,–,–,–,–,–,–,–,–,–,6.85,–,–,3.96,1.89,0.903,–,3.40,0.405,12.0,3.56,1.57,–,6.23,–,–,–,,–,–,–,–,–,–,–,–,–,1.94,0.874,
2L,2L3X3X3/8,2L3X3X3/8,0.375,14.4,4.22,3.00,–,–,–,–,–,–,–,–,–,–,–,–,–,–,–,–,–,–,–,8.00,–,–,3.50,1.65,0.910,–,2.96,0.352,6.81,2.27,1.27,–,3.73,–,–,–,,–,–,–,–,–,–,–,–,–,1.71,0.834,
2L,2L3X3X3/8X3/8,2L3X3X3/8X3/8,0.375,14.4,4.22,3.00,–,–,–,–,–,–,–,–,–,–,–,–,–,–,–,–,–,–,–,8.00,–,–,3.50,1.65,0.910,–,2.96,0.352,8.39,2.63,1.41,–,4.52,–,–,–,,–,–,–,–,–,–,–,–,–,1.81,0.853,
2L,2L3X3X3/8X3/4,2L3X3X3/8X3/4,0.375,14.4,4.22,3.00,–,–,–,–,–,–,–,–,–,–,–,–,–,–,–,–,–,–,–,8.00,–,–,3.50,1.65,0.910,–,2.96,0.352,10.1,2.99,1.55,–,5.31,–,–,–,,–,–,–,–,–,–,–,–,–,1.93,0.870,
2L,2L3X3X5/16,2L3X3X5/16,0.313,12.2,3.56,3.00,–,–,–,–,–,–,–,–,–,–,–,–,–,–,–,–,–,–,–,9.58,–,–,3.00,1.40,0.918,–,2.52,0.297,5.65,1.88,1.26,–,3.06,–,–,–,,–,–,–,–,–,–,–,–,–,1.71,0.830,
2L,2L3X3X5/16X3/8,2L3X3X5/16X3/8,0.313,12.2,3.56,3.00,–,–,–,–,–,–,–,–,–,–,–,–,–,–,–,–,–,–,–,9.58,–,–,3.00,1.40,0.918,–,2.52,0.297,6.88,2.16,1.39,–,3.73,–,–,–,,–,–,–,–,–,–,–,–,–,1.81,0.849,
2L,2L3X3X5/16X3/4,2L3X3X5/16X3/4,0.313,12.2,3.56,3.00,–,–,–,–,–,–,–,–,–,–,–,–,–,–,–,–,–,–,–,9.58,–,–,3.00,1.40,0.918,–,2.52,0.297,8.44,2.50,1.54,–,4.40,–,–,–,,–,–,–,–,–,–,–,–,–,1.93,0.866,
2L,2L3X3X1/4,2L3X3X1/4,0.250,9.80,2.88,3.00,–,–,–,–,–,–,–,–,–,–,–,–,–,–,–,–,–,–,–,12.0,–,–,2.46,1.14,0.926,–,2.04,0.240,4.50,1.50,1.25,–,2.41,–,–,–,,–,–,–,–,–,–,–,–,–,1.71,0.827,
2L,2L3X3X1/4X3/8,2L3X3X1/4X3/8,0.250,9.80,2.88,3.00,–,–,–,–,–,–,–,–,–,–,–,–,–,–,–,–,–,–,–,12.0,–,–,2.46,1.14,0.926,–,2.04,0.240,5.48,1.72,1.38,–,2.95,–,–,–,,–,–,–,–,–,–,–,–,–,1.81,0.845,
2L,2L3X3X1/4X3/4,2L3X3X1/4X3/4,0.250,9.80,2.88,3.00,–,–,–,–,–,–,–,–,–,–,–,–,–,–,–,–,–,–,–,12.0,–,–,2.46,1.14,0.926,–,2.04,0.240,6.65,1.97,1.52,–,3.49,–,–,–,,–,–,–,–,–,–,–,–,–,1.92,0.863,
2L,2L3X3X3/16,2L3X3X3/16,0.188,7.42,2.18,3.00,–,–,–,–,–,–,–,–,–,–,–,–,–,–,–,–,–,–,–,16.0,–,–,1.90,0.866,0.933,–,1.55,0.182,3.35,1.12,1.24,–,1.77,–,–,–,,–,–,–,–,–,–,–,–,–,1.71,0.823,
2L,2L3X3X3/16X3/8,2L3X3X3/16X3/8,0.188,7.42,2.18,3.00,–,–,–,–,–,–,–,–,–,–,–,–,–,–,–,–,–,–,–,16.0,–,–,1.90,0.866,0.933,–,1.55,0.182,4.09,1.28,1.37,–,2.18,–,–,–,,–,–,–,–,–,–,–,–,–,1.80,0.842,
2L,2L3X3X3/16X3/4,2L3X3X3/16X3/4,0.188,7.42,2.18,3.00,–,–,–,–,–,–,–,–,–,–,–,–,–,–,–,–,–,–,–,16.0,–,–,1.90,0.866,0.933,–,1.55,0.182,4.97,1.47,1.51,–,2.59,–,–,–,,–,–,–,–,–,–,–,–,–,1.91,0.859,
,,,,,,,,,,,,,,,,,,,,,,,,,,,,,,,,,,,,,,,,,,,,,,,,,,,,,,,
2L,2L3X2-1/2X1/2LLBB,2L3X2-1/2X1/2LLBB,0.500,17.0,5.00,3.00,–,–,–,–,–,–,–,–,–,–,–,–,–,–,–,–,–,–,–,6.00,–,–,4.14,2.06,0.910,–,3.72,0.500,5.41,2.16,1.04,–,3.73,–,–,–,,–,–,–,–,–,–,–,–,–,1.57,0.774,
2L,2L3X2-1/2X1/2X3/8LLBB,2L3X2-1/2X1/2X3/8LLBB,0.500,17.0,5.00,3.00,–,–,–,–,–,–,–,–,–,–,–,–,–,–,–,–,–,–,–,6.00,–,–,4.14,2.06,0.910,–,3.72,0.500,6.96,2.59,1.18,–,4.67,–,–,–,,–,–,–,–,–,–,–,–,–,1.66,0.800,
2L,2L3X2-1/2X1/2X3/4LLBB,2L3X2-1/2X1/2X3/4LLBB,0.500,17.0,5.00,3.00,–,–,–,–,–,–,–,–,–,–,–,–,–,–,–,–,–,–,–,6.00,–,–,4.14,2.06,0.910,–,3.72,0.500,8.84,3.07,1.33,–,5.60,–,–,–,,–,–,–,–,–,–,–,–,–,1.78,0.824,
2L,2L3X2-1/2X1/2SLBB,2L3X2-1/2X1/2SLBB,0.500,17.0,5.00,2.50,–,–,–,–,–,–,–,–,–,–,–,–,–,–,–,–,–,–,–,6.00,–,–,2.58,1.47,0.718,–,2.68,0.417,9.11,3.04,1.35,–,4.97,–,–,–,,–,–,–,–,–,–,–,–,–,1.61,0.905,
2L,2L3X2-1/2X1/2X3/8SLBB,2L3X2-1/2X1/2X3/8SLBB,0.500,17.0,5.00,2.50,–,–,–,–,–,–,–,–,–,–,–,–,–,–,–,–,–,–,–,6.00,–,–,2.58,1.47,0.718,–,2.68,0.417,11.1,3.48,1.49,–,5.91,–,–,–,,–,–,–,–,–,–,–,–,–,1.73,0.918,
2L,2L3X2-1/2X1/2X3/4SLBB,2L3X2-1/2X1/2X3/4SLBB,0.500,17.0,5.00,2.50,–,–,–,–,–,–,–,–,–,–,–,–,–,–,–,–,–,–,–,6.00,–,–,2.58,1.47,0.718,–,2.68,0.417,13.4,3.97,1.64,–,6.85,–,–,–,,–,–,–,–,–,–,–,–,–,1.86,0.929,
2L,2L3X2-1/2X7/16LLBB,2L3X2-1/2X7/16LLBB,0.438,15.2,4.44,3.00,–,–,–,–,–,–,–,–,–,–,–,–,–,–,–,–,–,–,–,6.85,–,–,3.74,1.84,0.917,–,3.32,0.463,4.62,1.85,1.02,–,3.21,–,–,–,,–,–,–,–,–,–,–,–,–,1.57,0.769,
2L,2L3X2-1/2X7/16X3/8LLBB,2L3X2-1/2X7/16X3/8LLBB,0.438,15.2,4.44,3.00,–,–,–,–,–,–,–,–,–,–,–,–,–,–,–,–,–,–,–,6.85,–,–,3.74,1.84,0.917,–,3.32,0.463,5.97,2.22,1.16,–,4.05,–,–,–,,–,–,–,–,–,–,–,–,–,1.66,0.795,
2L,2L3X2-1/2X7/16X3/4LLBB,2L3X2-1/2X7/16X3/4LLBB,0.438,15.2,4.44,3.00,–,–,–,–,–,–,–,–,–,–,–,–,–,–,–,–,–,–,–,6.85,–,–,3.74,1.84,0.917,–,3.32,0.463,7.74,2.69,1.32,–,4.88,–,–,–,,–,–,–,–,–,–,–,–,–,1.77,0.819,
2L,2L3X2-1/2X7/16SLBB,2L3X2-1/2X7/16SLBB,0.438,15.2,4.44,2.50,–,–,–,–,–,–,–,–,–,–,–,–,–,–,–,–,–,–,–,6.85,–,–,2.33,1.31,0.724,–,2.38,0.370,7.97,2.66,1.34,–,4.32,–,–,–,,–,–,–,–,–,–,–,–,–,1.60,0.901,
2L,2L3X2-1/2X7/16X3/8SLBB,2L3X2-1/2X7/16X3/8SLBB,0.438,15.2,4.44,2.50,–,–,–,–,–,–,–,–,–,–,–,–,–,–,–,–,–,–,–,6.85,–,–,2.33,1.31,0.724,–,2.38,0.370,9.73,3.05,1.48,–,5.15,–,–,–,,–,–,–,–,–,–,–,–,–,1.72,0.914,
2L,2L3X2-1/2X7/16X3/4SLBB,2L3X2-1/2X7/16X3/4SLBB,0.438,15.2,4.44,2.50,–,–,–,–,–,–,–,–,–,–,–,–,–,–,–,–,–,–,–,6.85,–,–,2.33,1.31,0.724,–,2.38,0.370,11.8,3.50,1.63,–,5.98,–,–,–,,–,–,–,–,–,–,–,–,–,1.85,0.926,
2L,2L3X2-1/2X3/8LLBB,2L3X2-1/2X3/8LLBB,0.375,13.2,3.86,3.00,–,–,–,–,–,–,–,–,–,–,–,–,–,–,–,–,–,–,–,8.00,–,–,3.30,1.61,0.924,–,2.90,0.427,3.94,1.58,1.01,–,2.71,–,–,–,,–,–,–,–,–,–,–,–,–,1.57,0.764,
2L,2L3X2-1/2X3/8X3/8LLBB,2L3X2-1/2X3/8X3/8LLBB,0.375,13.2,3.86,3.00,–,–,–,–,–,–,–,–,–,–,–,–,–,–,–,–,–,–,–,8.00,–,–,3.30,1.61,0.924,–,2.90,0.427,5.10,1.90,1.15,–,3.43,–,–,–,,–,–,–,–,–,–,–,–,–,1.66,0.790,
2L,2L3X2-1/2X3/8X3/4LLBB,2L3X2-1/2X3/8X3/4LLBB,0.375,13.2,3.86,3.00,–,–,–,–,–,–,–,–,–,–,–,–,–,–,–,–,–,–,–,8.00,–,–,3.30,1.61,0.924,–,2.90,0.427,6.52,2.27,1.30,–,4.15,–,–,–,,–,–,–,–,–,–,–,–,–,1.77,0.815,
2L,2L3X2-1/2X3/8SLBB,2L3X2-1/2X3/8SLBB,0.375,13.2,3.86,2.50,–,–,–,–,–,–,–,–,–,–,–,–,–,–,–,–,–,–,–,8.00,–,–,2.06,1.15,0.731,–,2.07,0.322,6.73,2.24,1.32,–,3.66,–,–,–,,–,–,–,–,–,–,–,–,–,1.60,0.897,
2L,2L3X2-1/2X3/8X3/8SLBB,2L3X2-1/2X3/8X3/8SLBB,0.375,13.2,3.86,2.50,–,–,–,–,–,–,–,–,–,–,–,–,–,–,–,–,–,–,–,8.00,–,–,2.06,1.15,0.731,–,2.07,0.322,8.23,2.58,1.46,–,4.39,–,–,–,,–,–,–,–,–,–,–,–,–,1.72,0.911,
2L,2L3X2-1/2X3/8X3/4SLBB,2L3X2-1/2X3/8X3/4SLBB,0.375,13.2,3.86,2.50,–,–,–,–,–,–,–,–,–,–,–,–,–,–,–,–,–,–,–,8.00,–,–,2.06,1.15,0.731,–,2.07,0.322,10.0,2.96,1.61,–,5.11,–,–,–,,–,–,–,–,–,–,–,–,–,1.85,0.923,
2L,2L3X2-1/2X5/16LLBB,2L3X2-1/2X5/16LLBB,0.313,11.2,3.26,3.00,–,–,–,–,–,–,–,–,–,–,–,–,–,–,–,–,–,–,–,9.58,–,–,2.82,1.36,0.932,–,2.46,0.392,3.26,1.30,1.00,–,2.21,–,–,–,,–,–,–,–,–,–,–,–,–,1.57,0.760,
2L,2L3X2-1/2X5/16X3/8LLBB,2L3X2-1/2X5/16X3/8LLBB,0.313,11.2,3.26,3.00,–,–,–,–,–,–,–,–,–,–,–,–,–,–,–,–,–,–,–,9.58,–,–,2.82,1.36,0.932,–,2.46,0.392,4.24,1.58,1.14,–,2.82,–,–,–,,–,–,–,–,–,–,–,–,–,1.66,0.785,
2L,2L3X2-1/2X5/16X3/4LLBB,2L3X2-1/2X5/16X3/4LLBB,0.313,11.2,3.26,3.00,–,–,–,–,–,–,–,–,–,–,–,–,–,–,–,–,–,–,–,9.58,–,–,2.82,1.36,0.932,–,2.46,0.392,5.42,1.89,1.29,–,3.43,–,–,–,,–,–,–,–,–,–,–,–,–,1.76,0.810,
2L,2L3X2-1/2X5/16SLBB,2L3X2-1/2X5/16SLBB,0.313,11.2,3.26,2.50,–,–,–,–,–,–,–,–,–,–,–,–,–,–,–,–,–,–,–,9.58,–,–,1.78,0.974,0.739,–,1.75,0.272,5.59,1.86,1.31,–,3.02,–,–,–,,–,–,–,–,–,–,–,–,–,1.59,0.893,
2L,2L3X2-1/2X5/16X3/8SLBB,2L3X2-1/2X5/16X3/8SLBB,0.313,11.2,3.26,2.50,–,–,–,–,–,–,–,–,–,–,–,–,–,–,–,–,–,–,–,9.58,–,–,1.78,0.974,0.739,–,1.75,0.272,6.85,2.15,1.45,–,3.63,–,–,–,,–,–,–,–,–,–,–,–,–,1.71,0.907,
2L,2L3X2-1/2X5/16X3/4SLBB,2L3X2-1/2X5/16X3/4SLBB,0.313,11.2,3.26,2.50,–,–,–,–,–,–,–,–,–,–,–,–,–,–,–,–,–,–,–,9.58,–,–,1.78,0.974,0.739,–,1.75,0.272,8.35,2.47,1.60,–,4.24,–,–,–,,–,–,–,–,–,–,–,–,–,1.84,0.920,
2L,2L3X2-1/2X1/4LLBB,2L3X2-1/2X1/4LLBB,0.250,9.00,2.64,3.00,–,–,–,–,–,–,–,–,–,–,–,–,–,–,–,–,–,–,–,12.0,–,–,2.32,1.11,0.940,–,2.00,0.360,2.59,1.04,0.991,–,1.72,–,–,–,,–,–,–,–,–,–,–,–,–,1.57,0.756,
2L,2L3X2-1/2X1/4X3/8LLBB,2L3X2-1/2X1/4X3/8LLBB,0.250,9.00,2.64,3.00,–,–,–,–,–,–,–,–,–,–,–,–,–,–,–,–,–,–,–,12.0,–,–,2.32,1.11,0.940,–,2.00,0.360,3.31,1.23,1.12,–,2.22,–,–,–,,–,–,–,–,–,–,–,–,–,1.66,0.781,
2L,2L3X2-1/2X1/4X3/4LLBB,2L3X2-1/2X1/4X3/4LLBB,0.250,9.00,2.64,3.00,–,–,–,–,–,–,–,–,–,–,–,–,–,–,–,–,–,–,–,12.0,–,–,2.32,1.11,0.940,–,2.00,0.360,4.26,1.48,1.27,–,2.71,–,–,–,,–,–,–,–,–,–,–,–,–,1.76,0.806,
2L,2L3X2-1/2X1/4SLBB,2L3X2-1/2X1/4SLBB,0.250,9.00,2.64,2.50,–,–,–,–,–,–,–,–,–,–,–,–,–,–,–,–,–,–,–,12.0,–,–,1.47,0.794,0.746,–,1.41,0.220,4.46,1.49,1.30,–,2.38,–,–,–,,–,–,–,–,–,–,–,–,–,1.59,0.890,
2L,2L3X2-1/2X1/4X3/8SLBB,2L3X2-1/2X1/4X3/8SLBB,0.250,9.00,2.64,2.50,–,–,–,–,–,–,–,–,–,–,–,–,–,–,–,–,–,–,–,12.0,–,–,1.47,0.794,0.746,–,1.41,0.220,5.47,1.72,1.44,–,2.87,–,–,–,,–,–,–,–,–,–,–,–,–,1.70,0.904,
2L,2L3X2-1/2X1/4X3/4SLBB,2L3X2-1/2X1/4X3/4SLBB,0.250,9.00,2.64,2.50,–,–,–,–,–,–,–,–,–,–,–,–,–,–,–,–,–,–,–,12.0,–,–,1.47,0.794,0.746,–,1.41,0.220,6.59,1.95,1.58,–,3.37,–,–,–,,–,–,–,–,–,–,–,–,–,1.83,0.917,
2L,2L3X2-1/2X3/16LLBB,2L3X2-1/2X3/16LLBB,0.188,6.78,2.00,3.00,–,–,–,–,–,–,–,–,–,–,–,–,–,–,–,–,–,–,–,16.0,–,–,1.80,0.846,0.947,–,1.52,0.333,1.92,0.768,0.980,–,1.25,–,–,–,,–,–,–,–,–,–,–,–,–,1.57,0.753,
2L,2L3X2-1/2X3/16X3/8LLBB,2L3X2-1/2X3/16X3/8LLBB,0.188,6.78,2.00,3.00,–,–,–,–,–,–,–,–,–,–,–,–,–,–,–,–,–,–,–,16.0,–,–,1.80,0.846,0.947,–,1.52,0.333,2.46,0.915,1.11,–,1.63,–,–,–,,–,–,–,–,–,–,–,–,–,1.65,0.778,
2L,2L3X2-1/2X3/16X3/4LLBB,2L3X2-1/2X3/16X3/4LLBB,0.188,6.78,2.00,3.00,–,–,–,–,–,–,–,–,–,–,–,–,–,–,–,–,–,–,–,16.0,–,–,1.80,0.846,0.947,–,1.52,0.333,3.13,1.09,1.25,–,2.00,–,–,–,,–,–,–,–,–,–,–,–,–,1.75,0.802,
2L,2L3X2-1/2X3/16SLBB,2L3X2-1/2X3/16SLBB,0.188,6.78,2.00,2.50,–,–,–,–,–,–,–,–,–,–,–,–,–,–,–,–,–,–,–,16.0,–,–,1.14,0.606,0.753,–,1.07,0.167,3.33,1.11,1.29,–,1.75,–,–,–,,–,–,–,–,–,–,–,–,–,1.58,0.887,
2L,2L3X2-1/2X3/16X3/8SLBB,2L3X2-1/2X3/16X3/8SLBB,0.188,6.78,2.00,2.50,–,–,–,–,–,–,–,–,–,–,–,–,–,–,–,–,–,–,–,16.0,–,–,1.14,0.606,0.753,–,1.07,0.167,4.03,1.26,1.42,–,2.12,–,–,–,,–,–,–,–,–,–,–,–,–,1.70,0.901,
2L,2L3X2-1/2X3/16X3/4SLBB,2L3X2-1/2X3/16X3/4SLBB,0.188,6.78,2.00,2.50,–,–,–,–,–,–,–,–,–,–,–,–,–,–,–,–,–,–,–,16.0,–,–,1.14,0.606,0.753,–,1.07,0.167,4.93,1.46,1.57,–,2.50,–,–,–,,–,–,–,–,–,–,–,–,–,1.82,0.914,
,,,,,,,,,,,,,,,,,,,,,,,,,,,,,,,,,,,,,,,,,,,,,,,,,,,,,,,
2L,2L3X2X1/2LLBB,2L3X2X1/2LLBB,0.500,15.4,4.52,3.00,–,–,–,–,–,–,–,–,–,–,–,–,–,–,–,–,–,–,–,6.00,–,–,3.84,2.00,0.922,–,3.56,0.740,2.86,1.43,0.795,–,2.62,–,–,–,,–,–,–,–,–,–,–,–,–,1.47,0.684,
2L,2L3X2X1/2X3/8LLBB,2L3X2X1/2X3/8LLBB,0.500,15.4,4.52,3.00,–,–,–,–,–,–,–,–,–,–,–,–,–,–,–,–,–,–,–,6.00,–,–,3.84,2.00,0.922,–,3.56,0.740,3.99,1.82,0.940,–,3.47,–,–,–,,–,–,–,–,–,–,–,–,–,1.55,0.717,
2L,2L3X2X1/2X3/4LLBB,2L3X2X1/2X3/4LLBB,0.500,15.4,4.52,3.00,–,–,–,–,–,–,–,–,–,–,–,–,–,–,–,–,–,–,–,6.00,–,–,3.84,2.00,0.922,–,3.56,0.740,5.47,2.30,1.10,–,4.32,–,–,–,,–,–,–,–,–,–,–,–,–,1.66,0.751,
2L,2L3X2X1/2SLBB,2L3X2X1/2SLBB,0.500,15.4,4.52,2.00,–,–,–,–,–,–,–,–,–,–,–,–,–,–,–,–,–,–,–,6.00,–,–,1.33,0.940,0.543,–,1.77,0.377,9.11,3.04,1.42,–,4.88,–,–,–,,–,–,–,–,–,–,–,–,–,1.55,0.955,
2L,2L3X2X1/2X3/8SLBB,2L3X2X1/2X3/8SLBB,0.500,15.4,4.52,2.00,–,–,–,–,–,–,–,–,–,–,–,–,–,–,–,–,–,–,–,6.00,–,–,1.33,0.940,0.543,–,1.77,0.377,11.0,3.45,1.56,–,5.73,–,–,–,,–,–,–,–,–,–,–,–,–,1.69,0.962,
2L,2L3X2X1/2X3/4SLBB,2L3X2X1/2X3/4SLBB,0.500,15.4,4.52,2.00,–,–,–,–,–,–,–,–,–,–,–,–,–,–,–,–,–,–,–,6.00,–,–,1.33,0.940,0.543,–,1.77,0.377,13.4,3.97,1.72,–,6.58,–,–,–,,–,–,–,–,–,–,–,–,–,1.83,0.968,
2L,2L3X2X3/8LLBB,2L3X2X3/8LLBB,0.375,11.8,3.50,3.00,–,–,–,–,–,–,–,–,–,–,–,–,–,–,–,–,–,–,–,8.00,–,–,3.08,1.56,0.937,–,2.78,0.667,2.08,1.04,0.771,–,1.87,–,–,–,,–,–,–,–,–,–,–,–,–,1.48,0.675,
2L,2L3X2X3/8X3/8LLBB,2L3X2X3/8X3/8LLBB,0.375,11.8,3.50,3.00,–,–,–,–,–,–,–,–,–,–,–,–,–,–,–,–,–,–,–,8.00,–,–,3.08,1.56,0.937,–,2.78,0.667,2.90,1.33,0.911,–,2.53,–,–,–,,–,–,–,–,–,–,–,–,–,1.55,0.707,
2L,2L3X2X3/8X3/4LLBB,2L3X2X3/8X3/4LLBB,0.375,11.8,3.50,3.00,–,–,–,–,–,–,–,–,–,–,–,–,–,–,–,–,–,–,–,8.00,–,–,3.08,1.56,0.937,–,2.78,0.667,4.01,1.69,1.07,–,3.18,–,–,–,,–,–,–,–,–,–,–,–,–,1.65,0.739,
2L,2L3X2X3/8SLBB,2L3X2X3/8SLBB,0.375,11.8,3.50,2.00,–,–,–,–,–,–,–,–,–,–,–,–,–,–,–,–,–,–,–,8.00,–,–,1.08,0.736,0.555,–,1.36,0.292,6.76,2.25,1.39,–,3.60,–,–,–,,–,–,–,–,–,–,–,–,–,1.54,0.949,
2L,2L3X2X3/8X3/8SLBB,2L3X2X3/8X3/8SLBB,0.375,11.8,3.50,2.00,–,–,–,–,–,–,–,–,–,–,–,–,–,–,–,–,–,–,–,8.00,–,–,1.08,0.736,0.555,–,1.36,0.292,8.30,2.60,1.54,–,4.26,–,–,–,,–,–,–,–,–,–,–,–,–,1.67,0.957,
2L,2L3X2X3/8X3/4SLBB,2L3X2X3/8X3/4SLBB,0.375,11.8,3.50,2.00,–,–,–,–,–,–,–,–,–,–,–,–,–,–,–,–,–,–,–,8.00,–,–,1.08,0.736,0.555,–,1.36,0.292,10.0,2.96,1.69,–,4.92,–,–,–,,–,–,–,–,–,–,–,–,–,1.81,0.963,
2L,2L3X2X5/16LLBB,2L3X2X5/16LLBB,0.313,10.0,2.96,3.00,–,–,–,–,–,–,–,–,–,–,–,–,–,–,–,–,–,–,–,9.58,–,–,2.64,1.32,0.945,–,2.38,0.632,1.71,0.855,0.760,–,1.51,–,–,–,,–,–,–,–,–,–,–,–,–,1.48,0.671,
2L,2L3X2X5/16X3/8LLBB,2L3X2X5/16X3/8LLBB,0.313,10.0,2.96,3.00,–,–,–,–,–,–,–,–,–,–,–,–,–,–,–,–,–,–,–,9.58,–,–,2.64,1.32,0.945,–,2.38,0.632,2.38,1.09,0.897,–,2.07,–,–,–,,–,–,–,–,–,–,–,–,–,1.56,0.702,
2L,2L3X2X5/16X3/4LLBB,2L3X2X5/16X3/4LLBB,0.313,10.0,2.96,3.00,–,–,–,–,–,–,–,–,–,–,–,–,–,–,–,–,–,–,–,9.58,–,–,2.64,1.32,0.945,–,2.38,0.632,3.26,1.37,1.05,–,2.62,–,–,–,,–,–,–,–,–,–,–,–,–,1.65,0.734,
2L,2L3X2X5/16SLBB,2L3X2X5/16SLBB,0.313,10.0,2.96,2.00,–,–,–,–,–,–,–,–,–,–,–,–,–,–,–,–,–,–,–,9.58,–,–,0.935,0.628,0.562,–,1.14,0.247,5.64,1.88,1.38,–,2.99,–,–,–,,–,–,–,–,–,–,–,–,–,1.53,0.946,
2L,2L3X2X5/16X3/8SLBB,2L3X2X5/16X3/8SLBB,0.313,10.0,2.96,2.00,–,–,–,–,–,–,–,–,–,–,–,–,–,–,–,–,–,–,–,9.58,–,–,0.935,0.628,0.562,–,1.14,0.247,6.84,2.15,1.52,–,3.54,–,–,–,,–,–,–,–,–,–,–,–,–,1.66,0.954,
2L,2L3X2X5/16X3/4SLBB,2L3X2X5/16X3/4SLBB,0.313,10.0,2.96,2.00,–,–,–,–,–,–,–,–,–,–,–,–,–,–,–,–,–,–,–,9.58,–,–,0.935,0.628,0.562,–,1.14,0.247,8.26,2.45,1.67,–,4.10,–,–,–,,–,–,–,–,–,–,–,–,–,1.80,0.961,
2L,2L3X2X1/4LLBB,2L3X2X1/4LLBB,0.250,8.20,2.40,3.00,–,–,–,–,–,–,–,–,–,–,–,–,–,–,–,–,–,–,–,12.0,–,–,2.18,1.08,0.953,–,1.94,0.600,1.35,0.675,0.749,–,1.17,–,–,–,,–,–,–,–,–,–,–,–,–,1.48,0.668,
2L,2L3X2X1/4X3/8LLBB,2L3X2X1/4X3/8LLBB,0.250,8.20,2.40,3.00,–,–,–,–,–,–,–,–,–,–,–,–,–,–,–,–,–,–,–,12.0,–,–,2.18,1.08,0.953,–,1.94,0.600,1.87,0.855,0.883,–,1.62,–,–,–,,–,–,–,–,–,–,–,–,–,1.56,0.698,
2L,2L3X2X1/4X3/4LLBB,2L3X2X1/4X3/4LLBB,0.250,8.20,2.40,3.00,–,–,–,–,–,–,–,–,–,–,–,–,–,–,–,–,–,–,–,12.0,–,–,2.18,1.08,0.953,–,1.94,0.600,2.55,1.07,1.03,–,2.07,–,–,–,,–,–,–,–,–,–,–,–,–,1.65,0.730,
,,,,,,,,,,,,,,,,,,,,,,,,,,,,,,,,,,,,,,,,,,,,,,,,,,,,,,,
2L,2L3X2X1/4SLBB,2L3X2X1/4SLBB,0.250,8.20,2.40,2.00,–,–,–,–,–,–,–,–,–,–,–,–,–,–,–,–,–,–,–,12.0,–,–,0.779,0.515,0.569,–,0.926,0.200,4.50,1.50,1.37,–,2.35,–,–,–,,–,–,–,–,–,–,–,–,–,1.52,0.944,
2L,2L3X2X1/4X3/8SLBB,2L3X2X1/4X3/8SLBB,0.250,8.20,2.40,2.00,–,–,–,–,–,–,–,–,–,–,–,–,–,–,–,–,–,–,–,12.0,–,–,0.779,0.515,0.569,–,0.926,0.200,5.47,1.72,1.51,–,2.80,–,–,–,,–,–,–,–,–,–,–,–,–,1.65,0.952,
2L,2L3X2X1/4X3/4SLBB,2L3X2X1/4X3/4SLBB,0.250,8.20,2.40,2.00,–,–,–,–,–,–,–,–,–,–,–,–,–,–,–,–,–,–,–,12.0,–,–,0.779,0.515,0.569,–,0.926,0.200,6.61,1.96,1.66,–,3.25,–,–,–,,–,–,–,–,–,–,–,–,–,1.79,0.959,
2L,2L3X2X3/16LLBB,2L3X2X3/16LLBB,0.188,6.14,1.83,3.00,–,–,–,–,–,–,–,–,–,–,–,–,–,–,–,–,–,–,–,16.0,–,–,1.69,0.828,0.961,–,1.49,0.555,0.999,0.500,0.739,–,0.847,–,–,–,,–,–,–,–,–,–,–,–,–,1.49,0.666,
2L,2L3X2X3/16X3/8LLBB,2L3X2X3/16X3/8LLBB,0.188,6.14,1.83,3.00,–,–,–,–,–,–,–,–,–,–,–,–,–,–,–,–,–,–,–,16.0,–,–,1.69,0.828,0.961,–,1.49,0.555,1.38,0.631,0.869,–,1.19,–,–,–,,–,–,–,–,–,–,–,–,–,1.55,0.695,
2L,2L3X2X3/16X3/4LLBB,2L3X2X3/16X3/4LLBB,0.188,6.14,1.83,3.00,–,–,–,–,–,–,–,–,–,–,–,–,–,–,–,–,–,–,–,16.0,–,–,1.69,0.828,0.961,–,1.49,0.555,1.90,0.800,1.02,–,1.54,–,–,–,,–,–,–,–,–,–,–,–,–,1.64,0.726,
2L,2L3X2X3/16SLBB,2L3X2X3/16SLBB,0.188,6.14,1.83,2.00,–,–,–,–,–,–,–,–,–,–,–,–,–,–,–,–,–,–,–,16.0,–,–,0.610,0.396,0.577,–,0.703,0.153,3.34,1.11,1.35,–,1.75,–,–,–,,–,–,–,–,–,–,–,–,–,1.52,0.941,
2L,2L3X2X3/16X3/8SLBB,2L3X2X3/16X3/8SLBB,0.188,6.14,1.83,2.00,–,–,–,–,–,–,–,–,–,–,–,–,–,–,–,–,–,–,–,16.0,–,–,0.610,0.396,0.577,–,0.703,0.153,4.06,1.27,1.49,–,2.09,–,–,–,,–,–,–,–,–,–,–,–,–,1.64,0.950,
2L,2L3X2X3/16X3/4SLBB,2L3X2X3/16X3/4SLBB,0.188,6.14,1.83,2.00,–,–,–,–,–,–,–,–,–,–,–,–,–,–,–,–,–,–,–,16.0,–,–,0.610,0.396,0.577,–,0.703,0.153,4.92,1.46,1.64,–,2.43,–,–,–,,–,–,–,–,–,–,–,–,–,1.78,0.957,
,,,,,,,,,,,,,,,,,,,,,,,,,,,,,,,,,,,,,,,,,,,,,,,,,,,,,,,
2L,2L2-1/2X2-1/2X1/2,2L2-1/2X2-1/2X1/2,0.500,15.4,4.52,2.50,–,–,–,–,–,–,–,–,–,–,–,–,–,–,–,–,–,–,–,5.00,–,–,2.44,1.43,0.735,–,2.58,0.452,5.37,2.15,1.09,–,3.63,–,–,–,,–,–,–,–,–,–,–,–,–,1.43,0.850,
2L,2L2-1/2X2-1/2X1/2X3/8,2L2-1/2X2-1/2X1/2X3/8,0.500,15.4,4.52,2.50,–,–,–,–,–,–,–,–,–,–,–,–,–,–,–,–,–,–,–,5.00,–,–,2.44,1.43,0.735,–,2.58,0.452,6.84,2.55,1.23,–,4.48,–,–,–,,–,–,–,–,–,–,–,–,–,1.54,0.871,
2L,2L2-1/2X2-1/2X1/2X3/4,2L2-1/2X2-1/2X1/2X3/4,0.500,15.4,4.52,2.50,–,–,–,–,–,–,–,–,–,–,–,–,–,–,–,–,–,–,–,5.00,–,–,2.44,1.43,0.735,–,2.58,0.452,8.73,3.04,1.39,–,5.32,–,–,–,,–,–,–,–,–,–,–,–,–,1.67,0.890,
2L,2L2-1/2X2-1/2X3/8,2L2-1/2X2-1/2X3/8,0.375,11.8,3.46,2.50,–,–,–,–,–,–,–,–,–,–,–,–,–,–,–,–,–,–,–,6.67,–,–,1.94,1.12,0.749,–,2.02,0.346,3.96,1.58,1.07,–,2.62,–,–,–,,–,–,–,–,–,–,–,–,–,1.42,0.839,
2L,2L2-1/2X2-1/2X3/8X3/8,2L2-1/2X2-1/2X3/8X3/8,0.375,11.8,3.46,2.50,–,–,–,–,–,–,–,–,–,–,–,–,–,–,–,–,–,–,–,6.67,–,–,1.94,1.12,0.749,–,2.02,0.346,5.07,1.89,1.21,–,3.27,–,–,–,,–,–,–,–,–,–,–,–,–,1.53,0.861,
2L,2L2-1/2X2-1/2X3/8X3/4,2L2-1/2X2-1/2X3/8X3/4,0.375,11.8,3.46,2.50,–,–,–,–,–,–,–,–,–,–,–,–,–,–,–,–,–,–,–,6.67,–,–,1.94,1.12,0.749,–,2.02,0.346,6.40,2.23,1.36,–,3.92,–,–,–,,–,–,–,–,–,–,–,–,–,1.65,0.881,
2L,2L2-1/2X2-1/2X5/16,2L2-1/2X2-1/2X5/16,0.313,10.0,2.92,2.50,–,–,–,–,–,–,–,–,–,–,–,–,–,–,–,–,–,–,–,7.99,–,–,1.67,0.948,0.756,–,1.71,0.292,3.22,1.29,1.05,–,2.15,–,–,–,,–,–,–,–,–,–,–,–,–,1.42,0.834,
2L,2L2-1/2X2-1/2X5/16X3/8,2L2-1/2X2-1/2X5/16X3/8,0.313,10.0,2.92,2.50,–,–,–,–,–,–,–,–,–,–,–,–,–,–,–,–,–,–,–,7.99,–,–,1.67,0.948,0.756,–,1.71,0.292,4.14,1.54,1.19,–,2.69,–,–,–,,–,–,–,–,–,–,–,–,–,1.53,0.856,
2L,2L2-1/2X2-1/2X5/16X3/4,2L2-1/2X2-1/2X5/16X3/4,0.313,10.0,2.92,2.50,–,–,–,–,–,–,–,–,–,–,–,–,–,–,–,–,–,–,–,7.99,–,–,1.67,0.948,0.756,–,1.71,0.292,5.24,1.82,1.34,–,3.24,–,–,–,,–,–,–,–,–,–,–,–,–,1.65,0.876,
2L,2L2-1/2X2-1/2X1/4,2L2-1/2X2-1/2X1/4,0.250,8.20,2.38,2.50,–,–,–,–,–,–,–,–,–,–,–,–,–,–,–,–,–,–,–,10.0,–,–,1.38,0.774,0.764,–,1.39,0.238,2.57,1.03,1.04,–,1.69,–,–,–,,–,–,–,–,–,–,–,–,–,1.42,0.829,
2L,2L2-1/2X2-1/2X1/4X3/8,2L2-1/2X2-1/2X1/4X3/8,0.250,8.20,2.38,2.50,–,–,–,–,–,–,–,–,–,–,–,–,–,–,–,–,–,–,–,10.0,–,–,1.38,0.774,0.764,–,1.39,0.238,3.31,1.23,1.18,–,2.14,–,–,–,,–,–,–,–,–,–,–,–,–,1.52,0.852,
2L,2L2-1/2X2-1/2X1/4X3/4,2L2-1/2X2-1/2X1/4X3/4,0.250,8.20,2.38,2.50,–,–,–,–,–,–,–,–,–,–,–,–,–,–,–,–,–,–,–,10.0,–,–,1.38,0.774,0.764,–,1.39,0.238,4.21,1.46,1.33,–,2.58,–,–,–,,–,–,–,–,–,–,–,–,–,1.64,0.872,
2L,2L2-1/2X2-1/2X3/16,2L2-1/2X2-1/2X3/16,0.188,6.14,1.80,2.50,–,–,–,–,–,–,–,–,–,–,–,–,–,–,–,–,–,–,–,13.3,–,–,1.07,0.590,0.771,–,1.06,0.180,1.91,0.764,1.03,–,1.24,–,–,–,,–,–,–,–,–,–,–,–,–,1.42,0.825,
2L,2L2-1/2X2-1/2X3/16X3/8,2L2-1/2X2-1/2X3/16X3/8,0.188,6.14,1.80,2.50,–,–,–,–,–,–,–,–,–,–,–,–,–,–,–,–,–,–,–,13.3,–,–,1.07,0.590,0.771,–,1.06,0.180,2.46,0.915,1.17,–,1.58,–,–,–,,–,–,–,–,–,–,–,–,–,1.52,0.847,
2L,2L2-1/2X2-1/2X3/16X3/4,2L2-1/2X2-1/2X3/16X3/4,0.188,6.14,1.80,2.50,–,–,–,–,–,–,–,–,–,–,–,–,–,–,–,–,–,–,–,13.3,–,–,1.07,0.590,0.771,–,1.06,0.180,3.09,1.07,1.31,–,1.91,–,–,–,,–,–,–,–,–,–,–,–,–,1.63,0.868,
,,,,,,,,,,,,,,,,,,,,,,,,,,,,,,,,,,,,,,,,,,,,,,,,,,,,,,,
2L,2L2-1/2X2X3/8LLBB,2L2-1/2X2X3/8LLBB,0.375,10.6,3.10,2.50,–,–,–,–,–,–,–,–,–,–,–,–,–,–,–,–,–,–,–,6.67,–,–,1.83,1.09,0.766,–,1.96,0.433,2.06,1.03,0.815,–,1.79,–,–,–,,–,–,–,–,–,–,–,–,–,1.29,0.754,
2L,2L2-1/2X2X3/8X3/8LLBB,2L2-1/2X2X3/8X3/8LLBB,0.375,10.6,3.10,2.50,–,–,–,–,–,–,–,–,–,–,–,–,–,–,–,–,–,–,–,6.67,–,–,1.83,1.09,0.766,–,1.96,0.433,2.84,1.30,0.957,–,2.37,–,–,–,,–,–,–,–,–,–,–,–,–,1.38,0.786,
2L,2L2-1/2X2X3/8X3/4LLBB,2L2-1/2X2X3/8X3/4LLBB,0.375,10.6,3.10,2.50,–,–,–,–,–,–,–,–,–,–,–,–,–,–,–,–,–,–,–,6.67,–,–,1.83,1.09,0.766,–,1.96,0.433,3.82,1.61,1.11,–,2.95,–,–,–,,–,–,–,–,–,–,–,–,–,1.49,0.817,
2L,2L2-1/2X2X3/8SLBB,2L2-1/2X2X3/8SLBB,0.375,10.6,3.10,2.00,–,–,–,–,–,–,–,–,–,–,–,–,–,–,–,–,–,–,–,6.67,–,–,1.03,0.722,0.574,–,1.31,0.310,3.96,1.58,1.13,–,2.56,–,–,–,,–,–,–,–,–,–,–,–,–,1.32,0.913,
2L,2L2-1/2X2X3/8X3/8SLBB,2L2-1/2X2X3/8X3/8SLBB,0.375,10.6,3.10,2.00,–,–,–,–,–,–,–,–,–,–,–,–,–,–,–,–,–,–,–,6.67,–,–,1.03,0.722,0.574,–,1.31,0.310,5.00,1.86,1.27,–,3.14,–,–,–,,–,–,–,–,–,–,–,–,–,1.45,0.927,
2L,2L2-1/2X2X3/8X3/4SLBB,2L2-1/2X2X3/8X3/4SLBB,0.375,10.6,3.10,2.00,–,–,–,–,–,–,–,–,–,–,–,–,–,–,–,–,–,–,–,6.67,–,–,1.03,0.722,0.574,–,1.31,0.310,6.25,2.17,1.42,–,3.72,–,–,–,,–,–,–,–,–,–,–,–,–,1.59,0.939,
2L,2L2-1/2X2X5/16LLBB,2L2-1/2X2X5/16LLBB,0.313,9.00,2.64,2.50,–,–,–,–,–,–,–,–,–,–,–,–,–,–,–,–,–,–,–,7.99,–,–,1.58,0.930,0.774,–,1.68,0.388,1.71,0.855,0.804,–,1.47,–,–,–,,–,–,–,–,–,–,–,–,–,1.29,0.748,
2L,2L2-1/2X2X5/16X3/8LLBB,2L2-1/2X2X5/16X3/8LLBB,0.313,9.00,2.64,2.50,–,–,–,–,–,–,–,–,–,–,–,–,–,–,–,–,–,–,–,7.99,–,–,1.58,0.930,0.774,–,1.68,0.388,2.35,1.07,0.943,–,1.96,–,–,–,,–,–,–,–,–,–,–,–,–,1.38,0.781,
2L,2L2-1/2X2X5/16X3/4LLBB,2L2-1/2X2X5/16X3/4LLBB,0.313,9.00,2.64,2.50,–,–,–,–,–,–,–,–,–,–,–,–,–,–,–,–,–,–,–,7.99,–,–,1.58,0.930,0.774,–,1.68,0.388,3.19,1.34,1.10,–,2.46,–,–,–,,–,–,–,–,–,–,–,–,–,1.49,0.812,
2L,2L2-1/2X2X5/16SLBB,2L2-1/2X2X5/16SLBB,0.313,9.00,2.64,2.00,–,–,–,–,–,–,–,–,–,–,–,–,–,–,–,–,–,–,–,7.99,–,–,0.891,0.617,0.581,–,1.11,0.264,3.31,1.32,1.12,–,2.12,–,–,–,,–,–,–,–,–,–,–,–,–,1.32,0.909,
2L,2L2-1/2X2X5/16X3/8SLBB,2L2-1/2X2X5/16X3/8SLBB,0.313,9.00,2.64,2.00,–,–,–,–,–,–,–,–,–,–,–,–,–,–,–,–,–,–,–,7.99,–,–,0.891,0.617,0.581,–,1.11,0.264,4.19,1.56,1.26,–,2.61,–,–,–,,–,–,–,–,–,–,–,–,–,1.44,0.923,
2L,2L2-1/2X2X5/16X3/4SLBB,2L2-1/2X2X5/16X3/4SLBB,0.313,9.00,2.64,2.00,–,–,–,–,–,–,–,–,–,–,–,–,–,–,–,–,–,–,–,7.99,–,–,0.891,0.617,0.581,–,1.11,0.264,5.25,1.83,1.41,–,3.11,–,–,–,,–,–,–,–,–,–,–,–,–,1.58,0.936,
2L,2L2-1/2X2X1/4LLBB,2L2-1/2X2X1/4LLBB,0.250,7.24,2.14,2.50,–,–,–,–,–,–,–,–,–,–,–,–,–,–,–,–,–,–,–,10.0,–,–,1.31,0.762,0.782,–,1.38,0.360,1.35,0.675,0.794,–,1.14,–,–,–,,–,–,–,–,–,–,–,–,–,1.29,0.744,
2L,2L2-1/2X2X1/4X3/8LLBB,2L2-1/2X2X1/4X3/8LLBB,0.250,7.24,2.14,2.50,–,–,–,–,–,–,–,–,–,–,–,–,–,–,–,–,–,–,–,10.0,–,–,1.31,0.762,0.782,–,1.38,0.360,1.85,0.846,0.930,–,1.54,–,–,–,,–,–,–,–,–,–,–,–,–,1.38,0.775,
2L,2L2-1/2X2X1/4X3/4LLBB,2L2-1/2X2X1/4X3/4LLBB,0.250,7.24,2.14,2.50,–,–,–,–,–,–,–,–,–,–,–,–,–,–,–,–,–,–,–,10.0,–,–,1.31,0.762,0.782,–,1.38,0.360,2.50,1.05,1.08,–,1.94,–,–,–,,–,–,–,–,–,–,–,–,–,1.49,0.806,
2L,2L2-1/2X2X1/4SLBB,2L2-1/2X2X1/4SLBB,0.250,7.24,2.14,2.00,–,–,–,–,–,–,–,–,–,–,–,–,–,–,–,–,–,–,–,10.0,–,–,0.744,0.507,0.589,–,0.909,0.214,2.59,1.04,1.10,–,1.67,–,–,–,,–,–,–,–,–,–,–,–,–,1.32,0.904,
2L,2L2-1/2X2X1/4X3/8SLBB,2L2-1/2X2X1/4X3/8SLBB,0.250,7.24,2.14,2.00,–,–,–,–,–,–,–,–,–,–,–,–,–,–,–,–,–,–,–,10.0,–,–,0.744,0.507,0.589,–,0.909,0.214,3.29,1.22,1.24,–,2.07,–,–,–,,–,–,–,–,–,–,–,–,–,1.43,0.920,
2L,2L2-1/2X2X1/4X3/4SLBB,2L2-1/2X2X1/4X3/4SLBB,0.250,7.24,2.14,2.00,–,–,–,–,–,–,–,–,–,–,–,–,–,–,–,–,–,–,–,10.0,–,–,0.744,0.507,0.589,–,0.909,0.214,4.13,1.44,1.39,–,2.47,–,–,–,,–,–,–,–,–,–,–,–,–,1.57,0.933,
2L,2L2-1/2X2X3/16LLBB,2L2-1/2X2X3/16LLBB,0.188,5.50,1.64,2.50,–,–,–,–,–,–,–,–,–,–,–,–,–,–,–,–,–,–,–,13.3,–,–,1.02,0.586,0.790,–,1.06,0.319,1.01,0.505,0.784,–,0.831,–,–,–,,–,–,–,–,–,–,–,–,–,1.29,0.740,
2L,2L2-1/2X2X3/16X3/8LLBB,2L2-1/2X2X3/16X3/8LLBB,0.188,5.50,1.64,2.50,–,–,–,–,–,–,–,–,–,–,–,–,–,–,–,–,–,–,–,13.3,–,–,1.02,0.586,0.790,–,1.06,0.319,1.38,0.631,0.916,–,1.14,–,–,–,,–,–,–,–,–,–,–,–,–,1.38,0.771,
2L,2L2-1/2X2X3/16X3/4LLBB,2L2-1/2X2X3/16X3/4LLBB,0.188,5.50,1.64,2.50,–,–,–,–,–,–,–,–,–,–,–,–,–,–,–,–,–,–,–,13.3,–,–,1.02,0.586,0.790,–,1.06,0.319,1.88,0.792,1.07,–,1.44,–,–,–,,–,–,–,–,–,–,–,–,–,1.48,0.801,
2L,2L2-1/2X2X3/16SLBB,2L2-1/2X2X3/16SLBB,0.188,5.50,1.64,2.00,–,–,–,–,–,–,–,–,–,–,–,–,–,–,–,–,–,–,–,13.3,–,–,0.583,0.391,0.597,–,0.695,0.164,1.95,0.780,1.09,–,1.23,–,–,–,,–,–,–,–,–,–,–,–,–,1.31,0.901,
2L,2L2-1/2X2X3/16X3/8SLBB,2L2-1/2X2X3/16X3/8SLBB,0.188,5.50,1.64,2.00,–,–,–,–,–,–,–,–,–,–,–,–,–,–,–,–,–,–,–,13.3,–,–,0.583,0.391,0.597,–,0.695,0.164,2.48,0.923,1.23,–,1.54,–,–,–,,–,–,–,–,–,–,–,–,–,1.43,0.916,
2L,2L2-1/2X2X3/16X3/4SLBB,2L2-1/2X2X3/16X3/4SLBB,0.188,5.50,1.64,2.00,–,–,–,–,–,–,–,–,–,–,–,–,–,–,–,–,–,–,–,13.3,–,–,0.583,0.391,0.597,–,0.695,0.164,3.12,1.09,1.38,–,1.85,–,–,–,,–,–,–,–,–,–,–,–,–,1.56,0.929,
2L,2L2-1/2X1-1/2X1/4LLBB,2L2-1/2X1-1/2X1/4LLBB,0.250,6.38,1.89,2.50,–,–,–,–,–,–,–,–,–,–,–,–,–,–,–,–,–,–,–,10.0,–,–,1.19,0.728,0.790,–,1.29,0.606,0.574,0.383,0.551,–,0.705,–,–,–,,–,–,–,–,–,–,–,–,–,1.21,0.629,
2L,2L2-1/2X1-1/2X1/4X3/8LLBB,2L2-1/2X1-1/2X1/4X3/8LLBB,0.250,6.38,1.89,2.50,–,–,–,–,–,–,–,–,–,–,–,–,–,–,–,–,–,–,–,10.0,–,–,1.19,0.728,0.790,–,1.29,0.606,0.902,0.535,0.691,–,1.06,–,–,–,,–,–,–,–,–,–,–,–,–,1.28,0.668,
2L,2L2-1/2X1-1/2X1/4X3/4LLBB,2L2-1/2X1-1/2X1/4X3/4LLBB,0.250,6.38,1.89,2.50,–,–,–,–,–,–,–,–,–,–,–,–,–,–,–,–,–,–,–,10.0,–,–,1.19,0.728,0.790,–,1.29,0.606,1.37,0.731,0.850,–,1.41,–,–,–,,–,–,–,–,–,–,–,–,–,1.38,0.711,
2L,2L2-1/2X1-1/2X1/4SLBB,2L2-1/2X1-1/2X1/4SLBB,0.250,6.38,1.89,1.50,–,–,–,–,–,–,–,–,–,–,–,–,–,–,–,–,–,–,–,10.0,–,–,0.316,0.280,0.409,–,0.522,0.189,2.59,1.04,1.17,–,1.64,–,–,–,,–,–,–,–,–,–,–,–,–,1.26,0.962,
2L,2L2-1/2X1-1/2X1/4X3/8SLBB,2L2-1/2X1-1/2X1/4X3/8SLBB,0.250,6.38,1.89,1.50,–,–,–,–,–,–,–,–,–,–,–,–,–,–,–,–,–,–,–,10.0,–,–,0.316,0.280,0.409,–,0.522,0.189,3.29,1.22,1.32,–,2.00,–,–,–,,–,–,–,–,–,–,–,–,–,1.40,0.969,
2L,2L2-1/2X1-1/2X1/4X3/4SLBB,2L2-1/2X1-1/2X1/4X3/4SLBB,0.250,6.38,1.89,1.50,–,–,–,–,–,–,–,–,–,–,–,–,–,–,–,–,–,–,–,10.0,–,–,0.316,0.280,0.409,–,0.522,0.189,4.08,1.42,1.47,–,2.35,–,–,–,,–,–,–,–,–,–,–,–,–,1.55,0.975,
2L,2L2-1/2X1-1/2X3/16LLBB,2L2-1/2X1-1/2X3/16LLBB,0.188,4.88,1.45,2.50,–,–,–,–,–,–,–,–,–,–,–,–,–,–,–,–,–,–,–,13.3,–,–,0.928,0.560,0.800,–,0.994,0.569,0.424,0.283,0.541,–,0.502,–,–,–,,–,–,–,–,–,–,–,–,–,1.22,0.625,
2L,2L2-1/2X1-1/2X3/16X3/8LLBB,2L2-1/2X1-1/2X3/16X3/8LLBB,0.188,4.88,1.45,2.50,–,–,–,–,–,–,–,–,–,–,–,–,–,–,–,–,–,–,–,13.3,–,–,0.928,0.560,0.800,–,0.994,0.569,0.665,0.394,0.677,–,0.774,–,–,–,,–,–,–,–,–,–,–,–,–,1.29,0.662,
2L,2L2-1/2X1-1/2X3/16X3/4LLBB,2L2-1/2X1-1/2X3/16X3/4LLBB,0.188,4.88,1.45,2.50,–,–,–,–,–,–,–,–,–,–,–,–,–,–,–,–,–,–,–,13.3,–,–,0.928,0.560,0.800,–,0.994,0.569,1.01,0.539,0.833,–,1.05,–,–,–,,–,–,–,–,–,–,–,–,–,1.38,0.704,
2L,2L2-1/2X1-1/2X3/16SLBB,2L2-1/2X1-1/2X3/16SLBB,0.188,4.88,1.45,1.50,–,–,–,–,–,–,–,–,–,–,–,–,–,–,–,–,–,–,–,13.3,–,–,0.249,0.216,0.416,–,0.396,0.145,1.95,0.780,1.16,–,1.21,–,–,–,,–,–,–,–,–,–,–,–,–,1.26,0.959,
2L,2L2-1/2X1-1/2X3/16X3/8SLBB,2L2-1/2X1-1/2X3/16X3/8SLBB,0.188,4.88,1.45,1.50,–,–,–,–,–,–,–,–,–,–,–,–,–,–,–,–,–,–,–,13.3,–,–,0.249,0.216,0.416,–,0.396,0.145,2.45,0.912,1.30,–,1.49,–,–,–,,–,–,–,–,–,–,–,–,–,1.39,0.967,
2L,2L2-1/2X1-1/2X3/16X3/4SLBB,2L2-1/2X1-1/2X3/16X3/4SLBB,0.188,4.88,1.45,1.50,–,–,–,–,–,–,–,–,–,–,–,–,–,–,–,–,–,–,–,13.3,–,–,0.249,0.216,0.416,–,0.396,0.145,3.09,1.07,1.46,–,1.76,–,–,–,,–,–,–,–,–,–,–,–,–,1.53,0.973,
,,,,,,,,,,,,,,,,,,,,,,,,,,,,,,,,,,,,,,,,,,,,,,,,,,,,,,,
2L,2L2X2X3/8,2L2X2X3/8,0.375,9.40,2.74,2.00,–,–,–,–,–,–,–,–,–,–,–,–,–,–,–,–,–,–,–,5.33,–,–,0.952,0.696,0.591,–,1.26,0.343,2.05,1.02,0.865,–,1.73,–,–,–,,–,–,–,–,–,–,–,–,–,1.14,0.847,
2L,2L2X2X3/8X3/8,2L2X2X3/8X3/8,0.375,9.40,2.74,2.00,–,–,–,–,–,–,–,–,–,–,–,–,–,–,–,–,–,–,–,5.33,–,–,0.952,0.696,0.591,–,1.26,0.343,2.80,1.28,1.01,–,2.25,–,–,–,,–,–,–,–,–,–,–,–,–,1.25,0.874,
2L,2L2X2X3/8X3/4,2L2X2X3/8X3/4,0.375,9.40,2.74,2.00,–,–,–,–,–,–,–,–,–,–,–,–,–,–,–,–,–,–,–,5.33,–,–,0.952,0.696,0.591,–,1.26,0.343,3.75,1.58,1.17,–,2.76,–,–,–,,–,–,–,–,–,–,–,–,–,1.38,0.897,
2L,2L2X2X5/16,2L2X2X5/16,0.313,7.84,2.32,2.00,–,–,–,–,–,–,–,–,–,–,–,–,–,–,–,–,–,–,–,6.39,–,–,0.828,0.596,0.598,–,1.07,0.290,1.69,0.845,0.853,–,1.41,–,–,–,,–,–,–,–,–,–,–,–,–,1.14,0.841,
2L,2L2X2X5/16X3/8,2L2X2X5/16X3/8,0.313,7.84,2.32,2.00,–,–,–,–,–,–,–,–,–,–,–,–,–,–,–,–,–,–,–,6.39,–,–,0.828,0.596,0.598,–,1.07,0.290,2.30,1.05,0.996,–,1.85,–,–,–,,–,–,–,–,–,–,–,–,–,1.25,0.868,
2L,2L2X2X5/16X3/4,2L2X2X5/16X3/4,0.313,7.84,2.32,2.00,–,–,–,–,–,–,–,–,–,–,–,–,–,–,–,–,–,–,–,6.39,–,–,0.828,0.596,0.598,–,1.07,0.290,3.07,1.29,1.15,–,2.28,–,–,–,,–,–,–,–,–,–,–,–,–,1.37,0.891,
2L,2L2X2X1/4,2L2X2X1/4,0.250,6.38,1.89,2.00,–,–,–,–,–,–,–,–,–,–,–,–,–,–,–,–,–,–,–,8.00,–,–,0.692,0.488,0.605,–,0.880,0.236,1.34,0.670,0.842,–,1.11,–,–,–,,–,–,–,–,–,–,–,–,–,1.13,0.835,
2L,2L2X2X1/4X3/8,2L2X2X1/4X3/8,0.250,6.38,1.89,2.00,–,–,–,–,–,–,–,–,–,–,–,–,–,–,–,–,–,–,–,8.00,–,–,0.692,0.488,0.605,–,0.880,0.236,1.82,0.832,0.982,–,1.46,–,–,–,,–,–,–,–,–,–,–,–,–,1.24,0.862,
2L,2L2X2X1/4X3/4,2L2X2X1/4X3/4,0.250,6.38,1.89,2.00,–,–,–,–,–,–,–,–,–,–,–,–,–,–,–,–,–,–,–,8.00,–,–,0.692,0.488,0.605,–,0.880,0.236,2.46,1.04,1.14,–,1.81,–,–,–,,–,–,–,–,–,–,–,–,–,1.37,0.886,
2L,2L2X2X3/16,2L2X2X3/16,0.188,4.88,1.44,2.00,–,–,–,–,–,–,–,–,–,–,–,–,–,–,–,–,–,–,–,10.6,–,–,0.542,0.376,0.612,–,0.676,0.181,0.994,0.497,0.831,–,0.810,–,–,–,,–,–,–,–,–,–,–,–,–,1.13,0.830,
2L,2L2X2X3/16X3/8,2L2X2X3/16X3/8,0.188,4.88,1.44,2.00,–,–,–,–,–,–,–,–,–,–,–,–,–,–,–,–,–,–,–,10.6,–,–,0.542,0.376,0.612,–,0.676,0.181,1.35,0.617,0.967,–,1.08,–,–,–,,–,–,–,–,–,–,–,–,–,1.24,0.857,
2L,2L2X2X3/16X3/4,2L2X2X3/16X3/4,0.188,4.88,1.44,2.00,–,–,–,–,–,–,–,–,–,–,–,–,–,–,–,–,–,–,–,10.6,–,–,0.542,0.376,0.612,–,0.676,0.181,1.81,0.762,1.12,–,1.35,–,–,–,,–,–,–,–,–,–,–,–,–,1.36,0.882,
2L,2L2X2X1/8,2L2X2X1/8,0.125,3.30,0.982,2.00,–,–,–,–,–,–,–,–,–,–,–,–,–,–,–,–,–,–,–,16.0,–,–,0.378,0.258,0.620,–,0.460,0.123,0.657,0.328,0.818,–,0.524,–,–,–,,–,–,–,–,–,–,–,–,–,1.13,0.826,
2L,2L2X2X1/8X3/8,2L2X2X1/8X3/8,0.125,3.30,0.982,2.00,–,–,–,–,–,–,–,–,–,–,–,–,–,–,–,–,–,–,–,16.0,–,–,0.378,0.258,0.620,–,0.460,0.123,0.888,0.406,0.951,–,0.709,–,–,–,,–,–,–,–,–,–,–,–,–,1.23,0.853,
2L,2L2X2X1/8X3/4,2L2X2X1/8X3/4,0.125,3.30,0.982,2.00,–,–,–,–,–,–,–,–,–,–,–,–,–,–,–,–,–,–,–,16.0,–,–,0.378,0.258,0.620,–,0.460,0.123,1.19,0.501,1.10,–,0.893,–,–,–,,–,–,–,–,–,–,–,–,–,1.35,0.877,
