,,,,,,,,,,7500.00,,,,,,,,,,,,,,,,,,,,,,,,,,,,7500.00,,,,,,,,,,,,,,,,,,,,,7500.00,,,,,,,,,,,,,
,,,,,,,,,,,,,,,,,,,,,,,,,,,,,,,,,,,,,,,,,,,,,,,,,,,,,,,,,,,,,,,,,,,,,,,,
REF,EDI_Std_Nomenclature,AISC_Manual_Label,T_F,W,A,d,lamda p,lamda r,compaction,Mu,EQ 1,EQ 2,tw,EQ 3,REMARKS,Vu,PHI,GAMMA,CV,Mu Ref,Vu Ref,bf/2tf,RESULT,b/tdes,h/tw,RESULT,bf/2tf,Zx,Sx,closest Mu,WEIGHT,LIGHTEST,Ix,,lamda p,lamda r,compaction,Mu,EQ 1,EQ 2,EQ 3,REMARKS,Vu,PHI,GAMMA,CV,Mu Ref,Vu Ref,weight,RESULT,LIGHTEST,ALLOWABLE,MAX,REMARKS,,lamda p,lamda r,compaction,Ma,EQ 1,EQ 2,EQ 3,REMARKS,Va,PHI,GAMMA,CV,Ma Ref,Va Ref,weight,RESULT,LIGHTEST
1,W44X408,W44X408,T,408,120,44.8,9.15161188,24.08318916,COMPACT,7500.00,53.94634371,59.23681288,1.22,73.78,1,1640,1,1.5,1,SAFE,SAFE,3.71,7500,1639.68,31.9,W24X68,3.71,2000,1730,588.75,408,68.00,38700,,9.15161188,24.08318916,COMPACT,7500.00,53.94634371,59.23681288,73.78,1,1640,1,1.5,1,SAFE,SAFE,408,W24X68,68.00,0.18333333,0.166073049,SAFE,,9.15161188,24.08318916,COMPACT,4990.02,53.94634371,59.23681288,73.78,1,1093.12,1,1.5,1,SAFE,SAFE,408,W24X62,62.00
2,W44X368,W44X368,F,368,108,44.4,9.15161188,24.08318916,COMPACT,6750.00,53.94634371,59.23681288,1.10,73.78,1,1465,1,1.5,1,SAFE,SAFE,4.06,6750,1465.2,35.4,–,4.06,1800,1560,–,368,–,34700,,9.15161188,24.08318916,COMPACT,6750.00,53.94634371,59.23681288,73.78,1,1465,1,1.5,1,SAFE,SAFE,368,–,–,,,,,9.15161188,24.08318916,COMPACT,4491.02,53.94634371,59.23681288,73.78,1,976.80,1,1.5,1,SAFE,SAFE,368,–,–
3,W44X335,W44X335,F,335,98.5,44.0,9.15161188,24.08318916,COMPACT,6075.00,53.94634371,59.23681288,1.030,73.78,1,1360,1,1.5,1,SAFE,SAFE,4.50,6075,1359.6,38.0,–,4.50,1620,1410,–,335,–,31100,,9.15161188,24.08318916,COMPACT,6075.00,53.94634371,59.23681288,73.78,1,1360,1,1.5,1,SAFE,SAFE,335,–,–,,,,,9.15161188,24.08318916,COMPACT,4041.92,53.94634371,59.23681288,73.78,1,906.40,1,1.5,1,SAFE,SAFE,335,–,–
4,W44X290,W44X290,F,290,85.4,43.6,9.15161188,24.08318916,COMPACT,5287.50,53.94634371,59.23681288,0.865,73.78,1,1131,1,1.5,1,SAFE,SAFE,5.02,5287.5,1131.42,45.0,–,5.02,1410,1240,–,290,–,27000,,9.15161188,24.08318916,COMPACT,5287.50,53.94634371,59.23681288,73.78,1,1131,1,1.5,1,SAFE,SAFE,290,–,–,,,,,9.15161188,24.08318916,COMPACT,3517.96,53.94634371,59.23681288,73.78,1,754.28,1,1.5,1,SAFE,SAFE,290,–,–
5,W44X262,W44X262,F,262,77.2,43.3,9.15161188,24.08318916,COMPACT,4762.50,53.94634371,59.23681288,0.785,73.78,1,1020,1,1.5,1,SAFE,SAFE,5.57,4762.5,1019.715,49.6,–,5.57,1270,1110,–,262,–,24100,,9.15161188,24.08318916,COMPACT,4762.50,53.94634371,59.23681288,73.78,1,1020,1,1.5,1,SAFE,SAFE,262,–,–,,,,,9.15161188,24.08318916,COMPACT,3168.66,53.94634371,59.23681288,73.78,1,679.81,1,1.5,1,SAFE,SAFE,262,–,–
6,W44X230,W44X230,F,230,67.8,42.9,9.15161188,24.08318916,COMPACT,4125.00,53.94634371,59.23681288,0.710,73.78,2,822,0.9,1.67,1,SAFE,SAFE,6.45,4125,822.393,54.8,–,6.45,1100,971,–,230,–,20800,,9.15161188,24.08318916,COMPACT,4125.00,53.94634371,59.23681288,73.78,2,822,0.9,1.67,1,SAFE,SAFE,230,–,–,,,,,9.15161188,24.08318916,COMPACT,2744.51,53.94634371,59.23681288,73.78,2,547.17,0.9,1.67,1,SAFE,SAFE,230,–,–
7,W40X655,W40X655,T,655,193,43.6,9.15161188,24.08318916,COMPACT,11550.00,53.94634371,59.23681288,1.97,73.78,1,2577,1,1.5,1,SAFE,SAFE,2.39,11550,2576.76,17.3,–,2.39,3080,2590,–,655,–,56500,,9.15161188,24.08318916,COMPACT,11550.00,53.94634371,59.23681288,73.78,1,2577,1,1.5,1,SAFE,SAFE,655,–,–,,,,,9.15161188,24.08318916,COMPACT,7684.63,53.94634371,59.23681288,73.78,1,1717.84,1,1.5,1,SAFE,SAFE,655,–,–
8,W40X593,W40X593,T,593,174,43.0,9.15161188,24.08318916,COMPACT,10350.00,53.94634371,59.23681288,1.79,73.78,1,2309,1,1.5,1,SAFE,SAFE,2.58,10350,2309.1,19.1,–,2.58,2760,2340,–,593,–,50400,,9.15161188,24.08318916,COMPACT,10350.00,53.94634371,59.23681288,73.78,1,2309,1,1.5,1,SAFE,SAFE,593,–,–,,,,,9.15161188,24.08318916,COMPACT,6886.23,53.94634371,59.23681288,73.78,1,1539.40,1,1.5,1,SAFE,SAFE,593,–,–
9,W40X503,W40X503,T,503,148,42.1,9.15161188,24.08318916,COMPACT,8700.00,53.94634371,59.23681288,1.54,73.78,1,1945,1,1.5,1,SAFE,SAFE,2.98,8700,1945.02,22.3,–,2.98,2320,1980,–,503,–,41600,,9.15161188,24.08318916,COMPACT,8700.00,53.94634371,59.23681288,73.78,1,1945,1,1.5,1,SAFE,SAFE,503,–,–,,,,,9.15161188,24.08318916,COMPACT,5788.42,53.94634371,59.23681288,73.78,1,1296.68,1,1.5,1,SAFE,SAFE,503,–,–
10,W40X431,W40X431,T,431,127,41.3,9.15161188,24.08318916,COMPACT,7350.00,53.94634371,59.23681288,1.34,73.78,1,1660,1,1.5,1,SAFE,SAFE,3.44,7350,1660.26,25.5,–,3.44,1960,1690,–,431,–,34800,,9.15161188,24.08318916,COMPACT,7350.00,53.94634371,59.23681288,73.78,1,1660,1,1.5,1,SAFE,SAFE,431,–,–,,,,,9.15161188,24.08318916,COMPACT,4890.22,53.94634371,59.23681288,73.78,1,1106.84,1,1.5,1,SAFE,SAFE,431,–,–
11,W40X397,W40X397,T,397,117,41.0,9.15161188,24.08318916,COMPACT,6750.00,53.94634371,59.23681288,1.22,73.78,1,1501,1,1.5,1,SAFE,SAFE,3.66,6750,1500.6,28.0,–,3.66,1800,1560,–,397,–,32000,,9.15161188,24.08318916,COMPACT,6750.00,53.94634371,59.23681288,73.78,1,1501,1,1.5,1,SAFE,SAFE,397,–,–,,,,,9.15161188,24.08318916,COMPACT,4491.02,53.94634371,59.23681288,73.78,1,1000.40,1,1.5,1,SAFE,SAFE,397,–,–
12,W40X372,W40X372,T,372,110,40.6,9.15161188,24.08318916,COMPACT,6300.00,53.94634371,59.23681288,1.16,73.78,1,1413,1,1.5,1,SAFE,SAFE,3.93,6300,1412.88,29.5,–,3.93,1680,1460,–,372,–,29600,,9.15161188,24.08318916,COMPACT,6300.00,53.94634371,59.23681288,73.78,1,1413,1,1.5,1,SAFE,SAFE,372,–,–,,,,,9.15161188,24.08318916,COMPACT,4191.62,53.94634371,59.23681288,73.78,1,941.92,1,1.5,1,SAFE,SAFE,372,–,–
13,W40X362,W40X362,T,362,106,40.6,9.15161188,24.08318916,COMPACT,6150.00,53.94634371,59.23681288,1.12,73.78,1,1364,1,1.5,1,SAFE,SAFE,3.99,6150,1364.16,30.5,–,3.99,1640,1420,–,362,–,28900,,9.15161188,24.08318916,COMPACT,6150.00,53.94634371,59.23681288,73.78,1,1364,1,1.5,1,SAFE,SAFE,362,–,–,,,,,9.15161188,24.08318916,COMPACT,4091.82,53.94634371,59.23681288,73.78,1,909.44,1,1.5,1,SAFE,SAFE,362,–,–
14,W40X324,W40X324,F,324,95.3,40.2,9.15161188,24.08318916,COMPACT,5475.00,53.94634371,59.23681288,1.00,73.78,1,1206,1,1.5,1,SAFE,SAFE,4.40,5475,1206,34.2,–,4.40,1460,1280,–,324,–,25600,,9.15161188,24.08318916,COMPACT,5475.00,53.94634371,59.23681288,73.78,1,1206,1,1.5,1,SAFE,SAFE,324,–,–,,,,,9.15161188,24.08318916,COMPACT,3642.71,53.94634371,59.23681288,73.78,1,804.00,1,1.5,1,SAFE,SAFE,324,–,–
15,W40X297,W40X297,F,297,87.3,39.8,9.15161188,24.08318916,COMPACT,4987.50,53.94634371,59.23681288,0.930,73.78,1,1110,1,1.5,1,SAFE,SAFE,4.80,4987.5,1110.42,36.8,–,4.80,1330,1170,–,297,–,23200,,9.15161188,24.08318916,COMPACT,4987.50,53.94634371,59.23681288,73.78,1,1110,1,1.5,1,SAFE,SAFE,297,–,–,,,,,9.15161188,24.08318916,COMPACT,3318.36,53.94634371,59.23681288,73.78,1,740.28,1,1.5,1,SAFE,SAFE,297,–,–
16,W40X277,W40X277,F,277,81.5,39.7,9.15161188,24.08318916,COMPACT,4687.50,53.94634371,59.23681288,0.830,73.78,1,989,1,1.5,1,SAFE,SAFE,5.03,4687.5,988.53,41.2,–,5.03,1250,1100,–,277,–,21900,,9.15161188,24.08318916,COMPACT,4687.50,53.94634371,59.23681288,73.78,1,989,1,1.5,1,SAFE,SAFE,277,–,–,,,,,9.15161188,24.08318916,COMPACT,3118.76,53.94634371,59.23681288,73.78,1,659.02,1,1.5,1,SAFE,SAFE,277,–,–
17,W40X249,W40X249,F,249,73.5,39.4,9.15161188,24.08318916,COMPACT,4200.00,53.94634371,59.23681288,0.750,73.78,1,887,1,1.5,1,SAFE,SAFE,5.55,4200,886.5,45.6,–,5.55,1120,993,–,249,–,19600,,9.15161188,24.08318916,COMPACT,4200.00,53.94634371,59.23681288,73.78,1,887,1,1.5,1,SAFE,SAFE,249,–,–,,,,,9.15161188,24.08318916,COMPACT,2794.41,53.94634371,59.23681288,73.78,1,591.00,1,1.5,1,SAFE,SAFE,249,–,–
18,W40X215,W40X215,F,215,63.5,39.0,9.15161188,24.08318916,COMPACT,3615.00,53.94634371,59.23681288,0.650,73.78,1,761,1,1.5,1,SAFE,SAFE,6.45,3615,760.5,52.6,–,6.45,964,859,–,215,–,16700,,9.15161188,24.08318916,COMPACT,3615.00,53.94634371,59.23681288,73.78,1,761,1,1.5,1,SAFE,SAFE,215,–,–,,,,,9.15161188,24.08318916,COMPACT,2405.19,53.94634371,59.23681288,73.78,1,507.00,1,1.5,1,SAFE,SAFE,215,–,–
19,W40X199,W40X199,F,199,58.8,38.7,9.15161188,24.08318916,COMPACT,3258.75,53.94634371,59.23681288,0.650,73.78,1,755,1,1.5,1,SAFE,SAFE,7.39,3258.75,754.65,52.6,–,7.39,869,770,–,199,–,14900,,9.15161188,24.08318916,COMPACT,3258.75,53.94634371,59.23681288,73.78,1,755,1,1.5,1,SAFE,SAFE,199,–,–,,,,,9.15161188,24.08318916,COMPACT,2168.16,53.94634371,59.23681288,73.78,1,503.10,1,1.5,1,SAFE,SAFE,199,–,–
20,W40X392,W40X392,T,392,116,41.6,9.15161188,24.08318916,COMPACT,6412.50,53.94634371,59.23681288,1.42,73.78,1,1772,1,1.5,1,SAFE,SAFE,2.45,6412.5,1772.16,24.1,–,2.45,1710,1440,–,392,–,29900,,9.15161188,24.08318916,COMPACT,6412.50,53.94634371,59.23681288,73.78,1,1772,1,1.5,1,SAFE,SAFE,392,–,–,,,,,9.15161188,24.08318916,COMPACT,4266.47,53.94634371,59.23681288,73.78,1,1181.44,1,1.5,1,SAFE,SAFE,392,–,–
21,W40X331,W40X331,T,331,97.7,40.8,9.15161188,24.08318916,COMPACT,5362.50,53.94634371,59.23681288,1.22,73.78,1,1493,1,1.5,1,SAFE,SAFE,2.86,5362.5,1493.28,28.0,–,2.86,1430,1210,–,331,–,24700,,9.15161188,24.08318916,COMPACT,5362.50,53.94634371,59.23681288,73.78,1,1493,1,1.5,1,SAFE,SAFE,331,–,–,,,,,9.15161188,24.08318916,COMPACT,3567.86,53.94634371,59.23681288,73.78,1,995.52,1,1.5,1,SAFE,SAFE,331,–,–
22,W40X327,W40X327,T,327,95.9,40.8,9.15161188,24.08318916,COMPACT,5287.50,53.94634371,59.23681288,1.18,73.78,1,1444,1,1.5,1,SAFE,SAFE,2.85,5287.5,1444.32,29.0,–,2.85,1410,1200,–,327,–,24500,,9.15161188,24.08318916,COMPACT,5287.50,53.94634371,59.23681288,73.78,1,1444,1,1.5,1,SAFE,SAFE,327,–,–,,,,,9.15161188,24.08318916,COMPACT,3517.96,53.94634371,59.23681288,73.78,1,962.88,1,1.5,1,SAFE,SAFE,327,–,–
23,W40X294,W40X294,F,294,86.2,40.4,9.15161188,24.08318916,COMPACT,4762.50,53.94634371,59.23681288,1.06,73.78,1,1285,1,1.5,1,SAFE,SAFE,3.11,4762.5,1284.72,32.2,–,3.11,1270,1080,–,294,–,21900,,9.15161188,24.08318916,COMPACT,4762.50,53.94634371,59.23681288,73.78,1,1285,1,1.5,1,SAFE,SAFE,294,–,–,,,,,9.15161188,24.08318916,COMPACT,3168.66,53.94634371,59.23681288,73.78,1,856.48,1,1.5,1,SAFE,SAFE,294,–,–
24,W40X278,W40X278,F,278,82.3,40.2,9.15161188,24.08318916,COMPACT,4462.50,53.94634371,59.23681288,1.03,73.78,1,1242,1,1.5,1,SAFE,SAFE,3.31,4462.5,1242.18,33.3,–,3.31,1190,1020,–,278,–,20500,,9.15161188,24.08318916,COMPACT,4462.50,53.94634371,59.23681288,73.78,1,1242,1,1.5,1,SAFE,SAFE,278,–,–,,,,,9.15161188,24.08318916,COMPACT,2969.06,53.94634371,59.23681288,73.78,1,828.12,1,1.5,1,SAFE,SAFE,278,–,–
25,W40X264,W40X264,F,264,77.4,40.0,9.15161188,24.08318916,COMPACT,4237.50,53.94634371,59.23681288,0.960,73.78,1,1152,1,1.5,1,SAFE,SAFE,3.45,4237.5,1152,35.6,–,3.45,1130,971,–,264,–,19400,,9.15161188,24.08318916,COMPACT,4237.50,53.94634371,59.23681288,73.78,1,1152,1,1.5,1,SAFE,SAFE,264,–,–,,,,,9.15161188,24.08318916,COMPACT,2819.36,53.94634371,59.23681288,73.78,1,768.00,1,1.5,1,SAFE,SAFE,264,–,–
26,W40X235,W40X235,F,235,69.1,39.7,9.15161188,24.08318916,COMPACT,3787.50,53.94634371,59.23681288,0.830,73.78,1,989,1,1.5,1,SAFE,SAFE,3.77,3787.5,988.53,41.2,–,3.77,1010,875,–,235,–,17400,,9.15161188,24.08318916,COMPACT,3787.50,53.94634371,59.23681288,73.78,1,989,1,1.5,1,SAFE,SAFE,235,–,–,,,,,9.15161188,24.08318916,COMPACT,2519.96,53.94634371,59.23681288,73.78,1,659.02,1,1.5,1,SAFE,SAFE,235,–,–
27,W40X211,W40X211,F,211,62.1,39.4,9.15161188,24.08318916,COMPACT,3397.50,53.94634371,59.23681288,0.750,73.78,1,887,1,1.5,1,SAFE,SAFE,4.17,3397.5,886.5,45.6,–,4.17,906,786,–,211,–,15500,,9.15161188,24.08318916,COMPACT,3397.50,53.94634371,59.23681288,73.78,1,887,1,1.5,1,SAFE,SAFE,211,–,–,,,,,9.15161188,24.08318916,COMPACT,2260.48,53.94634371,59.23681288,73.78,1,591.00,1,1.5,1,SAFE,SAFE,211,–,–
28,W40X183,W40X183,F,183,53.3,39.0,9.15161188,24.08318916,COMPACT,2902.50,53.94634371,59.23681288,0.650,73.78,1,761,1,1.5,1,SAFE,SAFE,4.92,2902.5,760.5,52.6,–,4.92,774,675,–,183,–,13200,,9.15161188,24.08318916,COMPACT,2902.50,53.94634371,59.23681288,73.78,1,761,1,1.5,1,SAFE,SAFE,183,–,–,,,,,9.15161188,24.08318916,COMPACT,1931.14,53.94634371,59.23681288,73.78,1,507.00,1,1.5,1,SAFE,SAFE,183,–,–
29,W40X167,W40X167,F,167,49.3,38.6,9.15161188,24.08318916,COMPACT,2598.75,53.94634371,59.23681288,0.650,73.78,1,753,1,1.5,1,SAFE,SAFE,5.76,2598.75,752.7,52.6,–,5.76,693,600,–,167,–,11600,,9.15161188,24.08318916,COMPACT,2598.75,53.94634371,59.23681288,73.78,1,753,1,1.5,1,SAFE,SAFE,167,–,–,,,,,9.15161188,24.08318916,COMPACT,1729.04,53.94634371,59.23681288,73.78,1,501.80,1,1.5,1,SAFE,SAFE,167,–,–
30,W40X149,W40X149,F,149,43.8,38.2,9.15161188,24.08318916,COMPACT,2242.50,53.94634371,59.23681288,0.630,73.78,2,650,0.9,1.67,1,SAFE,SAFE,7.11,2242.5,649.782,54.3,–,7.11,598,513,–,149,–,9800,,9.15161188,24.08318916,COMPACT,2242.50,53.94634371,59.23681288,73.78,2,650,0.9,1.67,1,SAFE,SAFE,149,–,–,,,,,9.15161188,24.08318916,COMPACT,1492.02,53.94634371,59.23681288,73.78,2,432.32,0.9,1.67,1,SAFE,SAFE,149,–,–
31,W36X925,W36X925,T,925,272,43.1,9.15161188,24.08318916,COMPACT,15487.50,53.94634371,59.23681288,3.02,73.78,1,3905,1,1.5,1,SAFE,SAFE,2.05,15487.5,3904.86,10.8,–,2.05,4130,3390,–,925,–,73000,,9.15161188,24.08318916,COMPACT,15487.50,53.94634371,59.23681288,73.78,1,3905,1,1.5,1,SAFE,SAFE,925,–,–,,,,,9.15161188,24.08318916,COMPACT,10304.39,53.94634371,59.23681288,73.78,1,2603.24,1,1.5,1,SAFE,SAFE,925,–,–
32,W36X853,W36X853,T,853,251,43.1,9.15161188,24.08318916,COMPACT,14700.00,53.94634371,59.23681288,2.52,73.78,1,3258,1,1.5,1,SAFE,SAFE,2.01,14700,3258.36,12.9,–,2.01,3920,3250,–,853,–,70000,,9.15161188,24.08318916,COMPACT,14700.00,53.94634371,59.23681288,73.78,1,3258,1,1.5,1,SAFE,SAFE,853,–,–,,,,,9.15161188,24.08318916,COMPACT,9780.44,53.94634371,59.23681288,73.78,1,2172.24,1,1.5,1,SAFE,SAFE,853,–,–
33,W36X802,W36X802,T,802,236,42.6,9.15161188,24.08318916,COMPACT,13725.00,53.94634371,59.23681288,2.38,73.78,1,3042,1,1.5,1,SAFE,SAFE,2.10,13725,3041.64,13.7,–,2.10,3660,3040,–,802,–,64800,,9.15161188,24.08318916,COMPACT,13725.00,53.94634371,59.23681288,73.78,1,3042,1,1.5,1,SAFE,SAFE,802,–,–,,,,,9.15161188,24.08318916,COMPACT,9131.74,53.94634371,59.23681288,73.78,1,2027.76,1,1.5,1,SAFE,SAFE,802,–,–
34,W36X723,W36X723,T,723,213,41.8,9.15161188,24.08318916,COMPACT,12262.50,53.94634371,59.23681288,2.17,73.78,1,2721,1,1.5,1,SAFE,SAFE,2.28,12262.5,2721.18,15.0,–,2.28,3270,2740,–,723,–,57300,,9.15161188,24.08318916,COMPACT,12262.50,53.94634371,59.23681288,73.78,1,2721,1,1.5,1,SAFE,SAFE,723,–,–,,,,,9.15161188,24.08318916,COMPACT,8158.68,53.94634371,59.23681288,73.78,1,1814.12,1,1.5,1,SAFE,SAFE,723,–,–
35,W36X652,W36X652,T,652,192,41.1,9.15161188,24.08318916,COMPACT,10912.50,53.94634371,59.23681288,1.97,73.78,1,2429,1,1.5,1,SAFE,SAFE,2.48,10912.5,2429.01,16.3,–,2.48,2910,2460,–,652,–,50600,,9.15161188,24.08318916,COMPACT,10912.50,53.94634371,59.23681288,73.78,1,2429,1,1.5,1,SAFE,SAFE,652,–,–,,,,,9.15161188,24.08318916,COMPACT,7260.48,53.94634371,59.23681288,73.78,1,1619.34,1,1.5,1,SAFE,SAFE,652,–,–
36,W36X529,W36X529,T,529,156,39.8,9.15161188,24.08318916,COMPACT,8737.50,53.94634371,59.23681288,1.61,73.78,1,1922,1,1.5,1,SAFE,SAFE,2.96,8737.5,1922.34,19.9,–,2.96,2330,1990,–,529,–,39600,,9.15161188,24.08318916,COMPACT,8737.50,53.94634371,59.23681288,73.78,1,1922,1,1.5,1,SAFE,SAFE,529,–,–,,,,,9.15161188,24.08318916,COMPACT,5813.37,53.94634371,59.23681288,73.78,1,1281.56,1,1.5,1,SAFE,SAFE,529,–,–
37,W36X487,W36X487,T,487,143,39.3,9.15161188,24.08318916,COMPACT,7987.50,53.94634371,59.23681288,1.50,73.78,1,1769,1,1.5,1,SAFE,SAFE,3.19,7987.5,1768.5,21.4,–,3.19,2130,1830,–,487,–,36000,,9.15161188,24.08318916,COMPACT,7987.50,53.94634371,59.23681288,73.78,1,1769,1,1.5,1,SAFE,SAFE,487,–,–,,,,,9.15161188,24.08318916,COMPACT,5314.37,53.94634371,59.23681288,73.78,1,1179.00,1,1.5,1,SAFE,SAFE,487,–,–
38,W36X441,W36X441,T,441,130,38.9,9.15161188,24.08318916,COMPACT,7162.50,53.94634371,59.23681288,1.36,73.78,1,1587,1,1.5,1,SAFE,SAFE,3.48,7162.5,1587.12,23.6,–,3.48,1910,1650,–,441,–,32100,,9.15161188,24.08318916,COMPACT,7162.50,53.94634371,59.23681288,73.78,1,1587,1,1.5,1,SAFE,SAFE,441,–,–,,,,,9.15161188,24.08318916,COMPACT,4765.47,53.94634371,59.23681288,73.78,1,1058.08,1,1.5,1,SAFE,SAFE,441,–,–
39,W36X395,W36X395,T,395,116,38.4,9.15161188,24.08318916,COMPACT,6412.50,53.94634371,59.23681288,1.22,73.78,1,1405,1,1.5,1,SAFE,SAFE,3.83,6412.5,1405.44,26.3,–,3.83,1710,1490,–,395,–,28500,,9.15161188,24.08318916,COMPACT,6412.50,53.94634371,59.23681288,73.78,1,1405,1,1.5,1,SAFE,SAFE,395,–,–,,,,,9.15161188,24.08318916,COMPACT,4266.47,53.94634371,59.23681288,73.78,1,936.96,1,1.5,1,SAFE,SAFE,395,–,–
40,W36X361,W36X361,T,361,106,38.0,9.15161188,24.08318916,COMPACT,5812.50,53.94634371,59.23681288,1.12,73.78,1,1277,1,1.5,1,SAFE,SAFE,4.16,5812.5,1276.8,28.6,–,4.16,1550,1350,–,361,–,25700,,9.15161188,24.08318916,COMPACT,5812.50,53.94634371,59.23681288,73.78,1,1277,1,1.5,1,SAFE,SAFE,361,–,–,,,,,9.15161188,24.08318916,COMPACT,3867.27,53.94634371,59.23681288,73.78,1,851.20,1,1.5,1,SAFE,SAFE,361,–,–
41,W36X330,W36X330,F,330,96.9,37.7,9.15161188,24.08318916,COMPACT,5287.50,53.94634371,59.23681288,1.02,73.78,1,1154,1,1.5,1,SAFE,SAFE,4.49,5287.5,1153.62,31.4,–,4.49,1410,1240,–,330,–,23300,,9.15161188,24.08318916,COMPACT,5287.50,53.94634371,59.23681288,73.78,1,1154,1,1.5,1,SAFE,SAFE,330,–,–,,,,,9.15161188,24.08318916,COMPACT,3517.96,53.94634371,59.23681288,73.78,1,769.08,1,1.5,1,SAFE,SAFE,330,–,–
42,W36X302,W36X302,F,302,89.0,37.3,9.15161188,24.08318916,COMPACT,4800.00,53.94634371,59.23681288,0.945,73.78,1,1057,1,1.5,1,SAFE,SAFE,4.96,4800,1057.455,33.9,–,4.96,1280,1130,–,302,–,21100,,9.15161188,24.08318916,COMPACT,4800.00,53.94634371,59.23681288,73.78,1,1057,1,1.5,1,SAFE,SAFE,302,–,–,,,,,9.15161188,24.08318916,COMPACT,3193.61,53.94634371,59.23681288,73.78,1,704.97,1,1.5,1,SAFE,SAFE,302,–,–
43,W36X282,W36X282,F,282,82.9,37.1,9.15161188,24.08318916,COMPACT,4462.50,53.94634371,59.23681288,0.885,73.78,1,985,1,1.5,1,SAFE,SAFE,5.29,4462.5,985.005,36.2,–,5.29,1190,1050,–,282,–,19600,,9.15161188,24.08318916,COMPACT,4462.50,53.94634371,59.23681288,73.78,1,985,1,1.5,1,SAFE,SAFE,282,–,–,,,,,9.15161188,24.08318916,COMPACT,2969.06,53.94634371,59.23681288,73.78,1,656.67,1,1.5,1,SAFE,SAFE,282,–,–
44,W36X262,W36X262,F,262,77.2,36.9,9.15161188,24.08318916,COMPACT,4125.00,53.94634371,59.23681288,0.840,73.78,1,930,1,1.5,1,SAFE,SAFE,5.75,4125,929.88,38.2,–,5.75,1100,972,–,262,–,17900,,9.15161188,24.08318916,COMPACT,4125.00,53.94634371,59.23681288,73.78,1,930,1,1.5,1,SAFE,SAFE,262,–,–,,,,,9.15161188,24.08318916,COMPACT,2744.51,53.94634371,59.23681288,73.78,1,619.92,1,1.5,1,SAFE,SAFE,262,–,–
45,W36X247,W36X247,F,247,72.5,36.7,9.15161188,24.08318916,COMPACT,3862.50,53.94634371,59.23681288,0.800,73.78,1,881,1,1.5,1,SAFE,SAFE,6.11,3862.5,880.8,40.1,–,6.11,1030,913,–,247,–,16700,,9.15161188,24.08318916,COMPACT,3862.50,53.94634371,59.23681288,73.78,1,881,1,1.5,1,SAFE,SAFE,247,–,–,,,,,9.15161188,24.08318916,COMPACT,2569.86,53.94634371,59.23681288,73.78,1,587.20,1,1.5,1,SAFE,SAFE,247,–,–
46,W36X231,W36X231,F,231,68.2,36.5,9.15161188,24.08318916,COMPACT,3611.25,53.94634371,59.23681288,0.760,73.78,1,832,1,1.5,1,SAFE,SAFE,6.54,3611.25,832.2,42.2,–,6.54,963,854,–,231,–,15600,,9.15161188,24.08318916,COMPACT,3611.25,53.94634371,59.23681288,73.78,1,832,1,1.5,1,SAFE,SAFE,231,–,–,,,,,9.15161188,24.08318916,COMPACT,2402.69,53.94634371,59.23681288,73.78,1,554.80,1,1.5,1,SAFE,SAFE,231,–,–
47,W36X387,W36X387,T,387,114,39.1,9.15161188,24.08318916,COMPACT,6037.50,53.94634371,59.23681288,1.42,73.78,1,1666,1,1.5,1,SAFE,SAFE,2.48,6037.5,1665.66,22.9,–,2.48,1610,1360,–,387,–,26500,,9.15161188,24.08318916,COMPACT,6037.50,53.94634371,59.23681288,73.78,1,1666,1,1.5,1,SAFE,SAFE,387,–,–,,,,,9.15161188,24.08318916,COMPACT,4016.97,53.94634371,59.23681288,73.78,1,1110.44,1,1.5,1,SAFE,SAFE,387,–,–
48,W36X350,W36X350,T,350,103,38.6,9.15161188,24.08318916,COMPACT,5400.00,53.94634371,59.23681288,1.30,73.78,1,1505,1,1.5,1,SAFE,SAFE,2.72,5400,1505.4,25.0,–,2.72,1440,1220,–,350,–,23600,,9.15161188,24.08318916,COMPACT,5400.00,53.94634371,59.23681288,73.78,1,1505,1,1.5,1,SAFE,SAFE,350,–,–,,,,,9.15161188,24.08318916,COMPACT,3592.81,53.94634371,59.23681288,73.78,1,1003.60,1,1.5,1,SAFE,SAFE,350,–,–
49,W36X318,W36X318,T,318,93.4,38.2,9.15161188,24.08318916,COMPACT,4875.00,53.94634371,59.23681288,1.18,73.78,1,1352,1,1.5,1,SAFE,SAFE,2.91,4875,1352.28,27.5,–,2.91,1300,1110,–,318,–,21200,,9.15161188,24.08318916,COMPACT,4875.00,53.94634371,59.23681288,73.78,1,1352,1,1.5,1,SAFE,SAFE,318,–,–,,,,,9.15161188,24.08318916,COMPACT,3243.51,53.94634371,59.23681288,73.78,1,901.52,1,1.5,1,SAFE,SAFE,318,–,–
50,W36X286,W36X286,F,286,83.9,37.8,9.15161188,24.08318916,COMPACT,4350.00,53.94634371,59.23681288,1.06,73.78,1,1202,1,1.5,1,SAFE,SAFE,3.19,4350,1202.04,30.6,–,3.19,1160,1000,–,286,–,18900,,9.15161188,24.08318916,COMPACT,4350.00,53.94634371,59.23681288,73.78,1,1202,1,1.5,1,SAFE,SAFE,286,–,–,,,,,9.15161188,24.08318916,COMPACT,2894.21,53.94634371,59.23681288,73.78,1,801.36,1,1.5,1,SAFE,SAFE,286,–,–
51,W36X256,W36X256,F,256,75.3,37.4,9.15161188,24.08318916,COMPACT,3900.00,53.94634371,59.23681288,0.960,73.78,1,1077,1,1.5,1,SAFE,SAFE,3.53,3900,1077.12,33.8,–,3.53,1040,895,–,256,–,16800,,9.15161188,24.08318916,COMPACT,3900.00,53.94634371,59.23681288,73.78,1,1077,1,1.5,1,SAFE,SAFE,256,–,–,,,,,9.15161188,24.08318916,COMPACT,2594.81,53.94634371,59.23681288,73.78,1,718.08,1,1.5,1,SAFE,SAFE,256,–,–
52,W36X232,W36X232,F,232,68.0,37.1,9.15161188,24.08318916,COMPACT,3510.00,53.94634371,59.23681288,0.870,73.78,1,968,1,1.5,1,SAFE,SAFE,3.86,3510,968.31,37.3,–,3.86,936,809,–,232,–,15000,,9.15161188,24.08318916,COMPACT,3510.00,53.94634371,59.23681288,73.78,1,968,1,1.5,1,SAFE,SAFE,232,–,–,,,,,9.15161188,24.08318916,COMPACT,2335.33,53.94634371,59.23681288,73.78,1,645.54,1,1.5,1,SAFE,SAFE,232,–,–
53,W36X210,W36X210,F,210,61.9,36.7,9.15161188,24.08318916,COMPACT,3123.75,53.94634371,59.23681288,0.830,73.78,1,914,1,1.5,1,SAFE,SAFE,4.48,3123.75,913.83,39.1,–,4.48,833,719,–,210,–,13200,,9.15161188,24.08318916,COMPACT,3123.75,53.94634371,59.23681288,73.78,1,914,1,1.5,1,SAFE,SAFE,210,–,–,,,,,9.15161188,24.08318916,COMPACT,2078.34,53.94634371,59.23681288,73.78,1,609.22,1,1.5,1,SAFE,SAFE,210,–,–
54,W36X194,W36X194,F,194,57.0,36.5,9.15161188,24.08318916,COMPACT,2876.25,53.94634371,59.23681288,0.765,73.78,1,838,1,1.5,1,SAFE,SAFE,4.81,2876.25,837.675,42.4,–,4.81,767,664,–,194,–,12100,,9.15161188,24.08318916,COMPACT,2876.25,53.94634371,59.23681288,73.78,1,838,1,1.5,1,SAFE,SAFE,194,–,–,,,,,9.15161188,24.08318916,COMPACT,1913.67,53.94634371,59.23681288,73.78,1,558.45,1,1.5,1,SAFE,SAFE,194,–,–
55,W36X182,W36X182,F,182,53.6,36.3,9.15161188,24.08318916,COMPACT,2692.50,53.94634371,59.23681288,0.725,73.78,1,790,1,1.5,1,SAFE,SAFE,5.12,2692.5,789.525,44.8,–,5.12,718,623,–,182,–,11300,,9.15161188,24.08318916,COMPACT,2692.50,53.94634371,59.23681288,73.78,1,790,1,1.5,1,SAFE,SAFE,182,–,–,,,,,9.15161188,24.08318916,COMPACT,1791.42,53.94634371,59.23681288,73.78,1,526.35,1,1.5,1,SAFE,SAFE,182,–,–
56,W36X170,W36X170,F,170,50.0,36.2,9.15161188,24.08318916,COMPACT,2505.00,53.94634371,59.23681288,0.680,73.78,1,738,1,1.5,1,SAFE,SAFE,5.47,2505,738.48,47.7,–,5.47,668,581,–,170,–,10500,,9.15161188,24.08318916,COMPACT,2505.00,53.94634371,59.23681288,73.78,1,738,1,1.5,1,SAFE,SAFE,170,–,–,,,,,9.15161188,24.08318916,COMPACT,1666.67,53.94634371,59.23681288,73.78,1,492.32,1,1.5,1,SAFE,SAFE,170,–,–
57,W36X160,W36X160,F,160,47.0,36.0,9.15161188,24.08318916,COMPACT,2340.00,53.94634371,59.23681288,0.650,73.78,1,702,1,1.5,1,SAFE,SAFE,5.88,2340,702,49.9,–,5.88,624,542,–,160,–,9760,,9.15161188,24.08318916,COMPACT,2340.00,53.94634371,59.23681288,73.78,1,702,1,1.5,1,SAFE,SAFE,160,–,–,,,,,9.15161188,24.08318916,COMPACT,1556.89,53.94634371,59.23681288,73.78,1,468.00,1,1.5,1,SAFE,SAFE,160,–,–
58,W36X150,W36X150,F,150,44.3,35.9,9.15161188,24.08318916,COMPACT,2178.75,53.94634371,59.23681288,0.625,73.78,1,673,1,1.5,1,SAFE,SAFE,6.37,2178.75,673.125,51.9,–,6.37,581,504,–,150,–,9040,,9.15161188,24.08318916,COMPACT,2178.75,53.94634371,59.23681288,73.78,1,673,1,1.5,1,SAFE,SAFE,150,–,–,,,,,9.15161188,24.08318916,COMPACT,1449.60,53.94634371,59.23681288,73.78,1,448.75,1,1.5,1,SAFE,SAFE,150,–,–
59,W36X135,W36X135,F,135,39.9,35.6,9.15161188,24.08318916,COMPACT,1908.75,53.94634371,59.23681288,0.600,73.78,2,577,0.9,1.67,1,SAFE,SAFE,7.56,1908.75,576.72,54.1,–,7.56,509,439,–,135,–,7800,,9.15161188,24.08318916,COMPACT,1908.75,53.94634371,59.23681288,73.78,2,577,0.9,1.67,1,SAFE,SAFE,135,–,–,,,,,9.15161188,24.08318916,COMPACT,1269.96,53.94634371,59.23681288,73.78,2,383.71,0.9,1.67,1,SAFE,SAFE,135,–,–
60,W33X387,W33X387,T,387,114,36.0,9.15161188,24.08318916,COMPACT,5850.00,53.94634371,59.23681288,1.26,73.78,1,1361,1,1.5,1,SAFE,SAFE,3.55,5850,1360.8,23.7,–,3.55,1560,1350,–,387,–,24300,,9.15161188,24.08318916,COMPACT,5850.00,53.94634371,59.23681288,73.78,1,1361,1,1.5,1,SAFE,SAFE,387,–,–,,,,,9.15161188,24.08318916,COMPACT,3892.22,53.94634371,59.23681288,73.78,1,907.20,1,1.5,1,SAFE,SAFE,387,–,–
61,W33X354,W33X354,T,354,104,35.6,9.15161188,24.08318916,COMPACT,5325.00,53.94634371,59.23681288,1.16,73.78,1,1239,1,1.5,1,SAFE,SAFE,3.85,5325,1238.88,25.7,–,3.85,1420,1240,–,354,–,22000,,9.15161188,24.08318916,COMPACT,5325.00,53.94634371,59.23681288,73.78,1,1239,1,1.5,1,SAFE,SAFE,354,–,–,,,,,9.15161188,24.08318916,COMPACT,3542.91,53.94634371,59.23681288,73.78,1,825.92,1,1.5,1,SAFE,SAFE,354,–,–
62,W33X318,W33X318,F,318,93.7,35.2,9.15161188,24.08318916,COMPACT,4762.50,53.94634371,59.23681288,1.04,73.78,1,1098,1,1.5,1,SAFE,SAFE,4.23,4762.5,1098.24,28.7,–,4.23,1270,1110,–,318,–,19500,,9.15161188,24.08318916,COMPACT,4762.50,53.94634371,59.23681288,73.78,1,1098,1,1.5,1,SAFE,SAFE,318,–,–,,,,,9.15161188,24.08318916,COMPACT,3168.66,53.94634371,59.23681288,73.78,1,732.16,1,1.5,1,SAFE,SAFE,318,–,–
63,W33X291,W33X291,F,291,85.6,34.8,9.15161188,24.08318916,COMPACT,4350.00,53.94634371,59.23681288,0.960,73.78,1,1002,1,1.5,1,SAFE,SAFE,4.60,4350,1002.24,31.0,–,4.60,1160,1020,–,291,–,17700,,9.15161188,24.08318916,COMPACT,4350.00,53.94634371,59.23681288,73.78,1,1002,1,1.5,1,SAFE,SAFE,291,–,–,,,,,9.15161188,24.08318916,COMPACT,2894.21,53.94634371,59.23681288,73.78,1,668.16,1,1.5,1,SAFE,SAFE,291,–,–
64,W33X263,W33X263,F,263,77.4,34.5,9.15161188,24.08318916,COMPACT,3900.00,53.94634371,59.23681288,0.870,73.78,1,900,1,1.5,1,SAFE,SAFE,5.03,3900,900.45,34.3,–,5.03,1040,919,–,263,–,15900,,9.15161188,24.08318916,COMPACT,3900.00,53.94634371,59.23681288,73.78,1,900,1,1.5,1,SAFE,SAFE,263,–,–,,,,,9.15161188,24.08318916,COMPACT,2594.81,53.94634371,59.23681288,73.78,1,600.30,1,1.5,1,SAFE,SAFE,263,–,–
65,W33X241,W33X241,F,241,71.1,34.2,9.15161188,24.08318916,COMPACT,3525.00,53.94634371,59.23681288,0.830,73.78,1,852,1,1.5,1,SAFE,SAFE,5.66,3525,851.58,35.9,–,5.66,940,831,–,241,–,14200,,9.15161188,24.08318916,COMPACT,3525.00,53.94634371,59.23681288,73.78,1,852,1,1.5,1,SAFE,SAFE,241,–,–,,,,,9.15161188,24.08318916,COMPACT,2345.31,53.94634371,59.23681288,73.78,1,567.72,1,1.5,1,SAFE,SAFE,241,–,–
66,W33X221,W33X221,F,221,65.3,33.9,9.15161188,24.08318916,COMPACT,3213.75,53.94634371,59.23681288,0.775,73.78,1,788,1,1.5,1,SAFE,SAFE,6.20,3213.75,788.175,38.5,–,6.20,857,759,–,221,–,12900,,9.15161188,24.08318916,COMPACT,3213.75,53.94634371,59.23681288,73.78,1,788,1,1.5,1,SAFE,SAFE,221,–,–,,,,,9.15161188,24.08318916,COMPACT,2138.22,53.94634371,59.23681288,73.78,1,525.45,1,1.5,1,SAFE,SAFE,221,–,–
67,W33X201,W33X201,F,201,59.1,33.7,9.15161188,24.08318916,COMPACT,2898.75,53.94634371,59.23681288,0.715,73.78,1,723,1,1.5,1,SAFE,SAFE,6.85,2898.75,722.865,41.7,–,6.85,773,686,–,201,–,11600,,9.15161188,24.08318916,COMPACT,2898.75,53.94634371,59.23681288,73.78,1,723,1,1.5,1,SAFE,SAFE,201,–,–,,,,,9.15161188,24.08318916,COMPACT,1928.64,53.94634371,59.23681288,73.78,1,481.91,1,1.5,1,SAFE,SAFE,201,–,–
68,W33X169,W33X169,F,169,49.5,33.8,9.15161188,24.08318916,COMPACT,2358.75,53.94634371,59.23681288,0.670,73.78,1,679,1,1.5,1,SAFE,SAFE,4.71,2358.75,679.38,44.7,–,4.71,629,549,–,169,–,9290,,9.15161188,24.08318916,COMPACT,2358.75,53.94634371,59.23681288,73.78,1,679,1,1.5,1,SAFE,SAFE,169,–,–,,,,,9.15161188,24.08318916,COMPACT,1569.36,53.94634371,59.23681288,73.78,1,452.92,1,1.5,1,SAFE,SAFE,169,–,–
69,W33X152,W33X152,F,152,44.9,33.5,9.15161188,24.08318916,COMPACT,2096.25,53.94634371,59.23681288,0.635,73.78,1,638,1,1.5,1,SAFE,SAFE,5.48,2096.25,638.175,47.2,–,5.48,559,487,–,152,–,8160,,9.15161188,24.08318916,COMPACT,2096.25,53.94634371,59.23681288,73.78,1,638,1,1.5,1,SAFE,SAFE,152,–,–,,,,,9.15161188,24.08318916,COMPACT,1394.71,53.94634371,59.23681288,73.78,1,425.45,1,1.5,1,SAFE,SAFE,152,–,–
70,W33X141,W33X141,F,141,41.5,33.3,9.15161188,24.08318916,COMPACT,1927.50,53.94634371,59.23681288,0.605,73.78,1,604,1,1.5,1,SAFE,SAFE,6.01,1927.5,604.395,49.6,–,6.01,514,448,–,141,–,7450,,9.15161188,24.08318916,COMPACT,1927.50,53.94634371,59.23681288,73.78,1,604,1,1.5,1,SAFE,SAFE,141,–,–,,,,,9.15161188,24.08318916,COMPACT,1282.44,53.94634371,59.23681288,73.78,1,402.93,1,1.5,1,SAFE,SAFE,141,–,–
71,W33X130,W33X130,F,130,38.3,33.1,9.15161188,24.08318916,COMPACT,1751.25,53.94634371,59.23681288,0.580,73.78,1,576,1,1.5,1,SAFE,SAFE,6.73,1751.25,575.94,51.7,–,6.73,467,406,–,130,–,6710,,9.15161188,24.08318916,COMPACT,1751.25,53.94634371,59.23681288,73.78,1,576,1,1.5,1,SAFE,SAFE,130,–,–,,,,,9.15161188,24.08318916,COMPACT,1165.17,53.94634371,59.23681288,73.78,1,383.96,1,1.5,1,SAFE,SAFE,130,–,–
72,W33X118,W33X118,F,118,34.7,32.9,9.15161188,24.08318916,COMPACT,1556.25,53.94634371,59.23681288,0.550,73.78,2,489,0.9,1.67,1,SAFE,SAFE,7.76,1556.25,488.565,54.5,–,7.76,415,359,–,118,–,5900,,9.15161188,24.08318916,COMPACT,1556.25,53.94634371,59.23681288,73.78,2,489,0.9,1.67,1,SAFE,SAFE,118,–,–,,,,,9.15161188,24.08318916,COMPACT,1035.43,53.94634371,59.23681288,73.78,2,325.06,0.9,1.67,1,SAFE,SAFE,118,–,–
73,W30X391,W30X391,T,391,115,33.2,9.15161188,24.08318916,COMPACT,5437.50,53.94634371,59.23681288,1.36,73.78,1,1355,1,1.5,1,SAFE,SAFE,3.19,5437.5,1354.56,19.7,–,3.19,1450,1250,–,391,–,20700,,9.15161188,24.08318916,COMPACT,5437.50,53.94634371,59.23681288,73.78,1,1355,1,1.5,1,SAFE,SAFE,391,–,–,,,,,9.15161188,24.08318916,COMPACT,3617.76,53.94634371,59.23681288,73.78,1,903.04,1,1.5,1,SAFE,SAFE,391,–,–
74,W30X357,W30X357,T,357,105,32.8,9.15161188,24.08318916,COMPACT,4950.00,53.94634371,59.23681288,1.24,73.78,1,1220,1,1.5,1,SAFE,SAFE,3.45,4950,1220.16,21.6,–,3.45,1320,1140,–,357,–,18700,,9.15161188,24.08318916,COMPACT,4950.00,53.94634371,59.23681288,73.78,1,1220,1,1.5,1,SAFE,SAFE,357,–,–,,,,,9.15161188,24.08318916,COMPACT,3293.41,53.94634371,59.23681288,73.78,1,813.44,1,1.5,1,SAFE,SAFE,357,–,–
75,W30X326,W30X326,T,326,95.9,32.4,9.15161188,24.08318916,COMPACT,4462.50,53.94634371,59.23681288,1.14,73.78,1,1108,1,1.5,1,SAFE,SAFE,3.75,4462.5,1108.08,23.4,–,3.75,1190,1040,–,326,–,16800,,9.15161188,24.08318916,COMPACT,4462.50,53.94634371,59.23681288,73.78,1,1108,1,1.5,1,SAFE,SAFE,326,–,–,,,,,9.15161188,24.08318916,COMPACT,2969.06,53.94634371,59.23681288,73.78,1,738.72,1,1.5,1,SAFE,SAFE,326,–,–
76,W30X292,W30X292,F,292,86.0,32.0,9.15161188,24.08318916,COMPACT,3975.00,53.94634371,59.23681288,1.02,73.78,1,979,1,1.5,1,SAFE,SAFE,4.12,3975,979.2,26.2,–,4.12,1060,930,–,292,–,14900,,9.15161188,24.08318916,COMPACT,3975.00,53.94634371,59.23681288,73.78,1,979,1,1.5,1,SAFE,SAFE,292,–,–,,,,,9.15161188,24.08318916,COMPACT,2644.71,53.94634371,59.23681288,73.78,1,652.80,1,1.5,1,SAFE,SAFE,292,–,–
77,W30X261,W30X261,F,261,77.0,31.6,9.15161188,24.08318916,COMPACT,3536.25,53.94634371,59.23681288,0.930,73.78,1,882,1,1.5,1,SAFE,SAFE,4.59,3536.25,881.64,28.7,–,4.59,943,829,–,261,–,13100,,9.15161188,24.08318916,COMPACT,3536.25,53.94634371,59.23681288,73.78,1,882,1,1.5,1,SAFE,SAFE,261,–,–,,,,,9.15161188,24.08318916,COMPACT,2352.79,53.94634371,59.23681288,73.78,1,587.76,1,1.5,1,SAFE,SAFE,261,–,–
78,W30X235,W30X235,F,235,69.3,31.3,9.15161188,24.08318916,COMPACT,3176.25,53.94634371,59.23681288,0.830,73.78,1,779,1,1.5,1,SAFE,SAFE,5.02,3176.25,779.37,32.2,–,5.02,847,748,–,235,–,11700,,9.15161188,24.08318916,COMPACT,3176.25,53.94634371,59.23681288,73.78,1,779,1,1.5,1,SAFE,SAFE,235,–,–,,,,,9.15161188,24.08318916,COMPACT,2113.27,53.94634371,59.23681288,73.78,1,519.58,1,1.5,1,SAFE,SAFE,235,–,–
79,W30X211,W30X211,F,211,62.3,30.9,9.15161188,24.08318916,COMPACT,2816.25,53.94634371,59.23681288,0.775,73.78,1,718,1,1.5,1,SAFE,SAFE,5.74,2816.25,718.425,34.5,–,5.74,751,665,–,211,–,10300,,9.15161188,24.08318916,COMPACT,2816.25,53.94634371,59.23681288,73.78,1,718,1,1.5,1,SAFE,SAFE,211,–,–,,,,,9.15161188,24.08318916,COMPACT,1873.75,53.94634371,59.23681288,73.78,1,478.95,1,1.5,1,SAFE,SAFE,211,–,–
80,W30X191,W30X191,F,191,56.1,30.7,9.15161188,24.08318916,COMPACT,2531.25,53.94634371,59.23681288,0.710,73.78,1,654,1,1.5,1,SAFE,SAFE,6.35,2531.25,653.91,37.7,–,6.35,675,600,–,191,–,9200,,9.15161188,24.08318916,COMPACT,2531.25,53.94634371,59.23681288,73.78,1,654,1,1.5,1,SAFE,SAFE,191,–,–,,,,,9.15161188,24.08318916,COMPACT,1684.13,53.94634371,59.23681288,73.78,1,435.94,1,1.5,1,SAFE,SAFE,191,–,–
81,W30X173,W30X173,F,173,50.9,30.4,9.15161188,24.08318916,COMPACT,2276.25,53.94634371,59.23681288,0.655,73.78,1,597,1,1.5,1,SAFE,SAFE,7.04,2276.25,597.36,40.8,–,7.04,607,541,–,173,–,8230,,9.15161188,24.08318916,COMPACT,2276.25,53.94634371,59.23681288,73.78,1,597,1,1.5,1,SAFE,SAFE,173,–,–,,,,,9.15161188,24.08318916,COMPACT,1514.47,53.94634371,59.23681288,73.78,1,398.24,1,1.5,1,SAFE,SAFE,173,–,–
82,W30X148,W30X148,F,148,43.6,30.7,9.15161188,24.08318916,COMPACT,1875.00,53.94634371,59.23681288,0.650,73.78,1,599,1,1.5,1,SAFE,SAFE,4.44,1875,598.65,41.6,–,4.44,500,436,–,148,–,6680,,9.15161188,24.08318916,COMPACT,1875.00,53.94634371,59.23681288,73.78,1,599,1,1.5,1,SAFE,SAFE,148,–,–,,,,,9.15161188,24.08318916,COMPACT,1247.50,53.94634371,59.23681288,73.78,1,399.10,1,1.5,1,SAFE,SAFE,148,–,–
83,W30X132,W30X132,F,132,38.8,30.3,9.15161188,24.08318916,COMPACT,1638.75,53.94634371,59.23681288,0.615,73.78,1,559,1,1.5,1,SAFE,SAFE,5.27,1638.75,559.035,43.9,–,5.27,437,380,–,132,–,5770,,9.15161188,24.08318916,COMPACT,1638.75,53.94634371,59.23681288,73.78,1,559,1,1.5,1,SAFE,SAFE,132,–,–,,,,,9.15161188,24.08318916,COMPACT,1090.32,53.94634371,59.23681288,73.78,1,372.69,1,1.5,1,SAFE,SAFE,132,–,–
84,W30X124,W30X124,F,124,36.5,30.2,9.15161188,24.08318916,COMPACT,1530.00,53.94634371,59.23681288,0.585,73.78,1,530,1,1.5,1,SAFE,SAFE,5.65,1530,530.01,46.2,–,5.65,408,355,–,124,–,5360,,9.15161188,24.08318916,COMPACT,1530.00,53.94634371,59.23681288,73.78,1,530,1,1.5,1,SAFE,SAFE,124,–,–,,,,,9.15161188,24.08318916,COMPACT,1017.96,53.94634371,59.23681288,73.78,1,353.34,1,1.5,1,SAFE,SAFE,124,–,–
85,W30X116,W30X116,F,116,34.2,30.0,9.15161188,24.08318916,COMPACT,1417.50,53.94634371,59.23681288,0.565,73.78,1,509,1,1.5,1,SAFE,SAFE,6.17,1417.5,508.5,47.8,–,6.17,378,329,–,116,–,4930,,9.15161188,24.08318916,COMPACT,1417.50,53.94634371,59.23681288,73.78,1,509,1,1.5,1,SAFE,SAFE,116,–,–,,,,,9.15161188,24.08318916,COMPACT,943.11,53.94634371,59.23681288,73.78,1,339.00,1,1.5,1,SAFE,SAFE,116,–,–
86,W30X108,W30X108,F,108,31.7,29.8,9.15161188,24.08318916,COMPACT,1297.50,53.94634371,59.23681288,0.545,73.78,1,487,1,1.5,1,SAFE,SAFE,6.89,1297.5,487.23,49.6,–,6.89,346,299,–,108,–,4470,,9.15161188,24.08318916,COMPACT,1297.50,53.94634371,59.23681288,73.78,1,487,1,1.5,1,SAFE,SAFE,108,–,–,,,,,9.15161188,24.08318916,COMPACT,863.27,53.94634371,59.23681288,73.78,1,324.82,1,1.5,1,SAFE,SAFE,108,–,–
87,W30X99,W30X99,F,99.0,29.0,29.7,9.15161188,24.08318916,COMPACT,1170.00,53.94634371,59.23681288,0.520,73.78,1,463,1,1.5,1,SAFE,SAFE,7.80,1170,463.32,51.9,–,7.80,312,269,–,99,–,3990,,9.15161188,24.08318916,COMPACT,1170.00,53.94634371,59.23681288,73.78,1,463,1,1.5,1,SAFE,SAFE,99,–,–,,,,,9.15161188,24.08318916,COMPACT,778.44,53.94634371,59.23681288,73.78,1,308.88,1,1.5,1,SAFE,SAFE,99,–,–
88,W30X90,W30X90,F,90.0,26.3,29.5,9.15161188,24.08318916,COMPACT,1061.25,53.94634371,59.23681288,0.470,73.78,2,374,0.9,1.67,1,SAFE,SAFE,8.52,1061.25,374.355,57.5,–,8.52,283,245,–,90,–,3610,,9.15161188,24.08318916,COMPACT,1061.25,53.94634371,59.23681288,73.78,2,374,0.9,1.67,1,SAFE,SAFE,90,–,–,,,,,9.15161188,24.08318916,COMPACT,706.09,53.94634371,59.23681288,73.78,2,249.07,0.9,1.67,1,SAFE,SAFE,90,–,–
89,W27X539,W27X539,T,539,159,32.5,9.15161188,24.08318916,COMPACT,7087.50,53.94634371,59.23681288,1.97,73.78,1,1921,1,1.5,1,SAFE,SAFE,2.15,7087.5,1920.75,12.1,–,2.15,1890,1570,–,539,–,25600,,9.15161188,24.08318916,COMPACT,7087.50,53.94634371,59.23681288,73.78,1,1921,1,1.5,1,SAFE,SAFE,539,–,–,,,,,9.15161188,24.08318916,COMPACT,4715.57,53.94634371,59.23681288,73.78,1,1280.50,1,1.5,1,SAFE,SAFE,539,–,–
90,W27X368,W27X368,T,368,109,30.4,9.15161188,24.08318916,COMPACT,4650.00,53.94634371,59.23681288,1.38,73.78,1,1259,1,1.5,1,SAFE,SAFE,2.96,4650,1258.56,17.3,–,2.96,1240,1060,–,368,–,16200,,9.15161188,24.08318916,COMPACT,4650.00,53.94634371,59.23681288,73.78,1,1259,1,1.5,1,SAFE,SAFE,368,–,–,,,,,9.15161188,24.08318916,COMPACT,3093.81,53.94634371,59.23681288,73.78,1,839.04,1,1.5,1,SAFE,SAFE,368,–,–
91,W27X336,W27X336,T,336,99.2,30.0,9.15161188,24.08318916,COMPACT,4237.50,53.94634371,59.23681288,1.26,73.78,1,1134,1,1.5,1,SAFE,SAFE,3.19,4237.5,1134,18.9,–,3.19,1130,972,–,336,–,14600,,9.15161188,24.08318916,COMPACT,4237.50,53.94634371,59.23681288,73.78,1,1134,1,1.5,1,SAFE,SAFE,336,–,–,,,,,9.15161188,24.08318916,COMPACT,2819.36,53.94634371,59.23681288,73.78,1,756.00,1,1.5,1,SAFE,SAFE,336,–,–
92,W27X307,W27X307,T,307,90.2,29.6,9.15161188,24.08318916,COMPACT,3862.50,53.94634371,59.23681288,1.16,73.78,1,1030,1,1.5,1,SAFE,SAFE,3.46,3862.5,1030.08,20.6,–,3.46,1030,887,–,307,–,13100,,9.15161188,24.08318916,COMPACT,3862.50,53.94634371,59.23681288,73.78,1,1030,1,1.5,1,SAFE,SAFE,307,–,–,,,,,9.15161188,24.08318916,COMPACT,2569.86,53.94634371,59.23681288,73.78,1,686.72,1,1.5,1,SAFE,SAFE,307,–,–
93,W27X281,W27X281,F,281,83.1,29.3,9.15161188,24.08318916,COMPACT,3510.00,53.94634371,59.23681288,1.06,73.78,1,932,1,1.5,1,SAFE,SAFE,3.72,3510,931.74,22.5,–,3.72,936,814,–,281,–,11900,,9.15161188,24.08318916,COMPACT,3510.00,53.94634371,59.23681288,73.78,1,932,1,1.5,1,SAFE,SAFE,281,–,–,,,,,9.15161188,24.08318916,COMPACT,2335.33,53.94634371,59.23681288,73.78,1,621.16,1,1.5,1,SAFE,SAFE,281,–,–
94,W27X258,W27X258,F,258,76.1,29.0,9.15161188,24.08318916,COMPACT,3195.00,53.94634371,59.23681288,0.980,73.78,1,853,1,1.5,1,SAFE,SAFE,4.03,3195,852.6,24.4,–,4.03,852,745,–,258,–,10800,,9.15161188,24.08318916,COMPACT,3195.00,53.94634371,59.23681288,73.78,1,853,1,1.5,1,SAFE,SAFE,258,–,–,,,,,9.15161188,24.08318916,COMPACT,2125.75,53.94634371,59.23681288,73.78,1,568.40,1,1.5,1,SAFE,SAFE,258,–,–
95,W27X235,W27X235,F,235,69.4,28.7,9.15161188,24.08318916,COMPACT,2895.00,53.94634371,59.23681288,0.910,73.78,1,784,1,1.5,1,SAFE,SAFE,4.41,2895,783.51,26.2,–,4.41,772,677,–,235,–,9700,,9.15161188,24.08318916,COMPACT,2895.00,53.94634371,59.23681288,73.78,1,784,1,1.5,1,SAFE,SAFE,235,–,–,,,,,9.15161188,24.08318916,COMPACT,1926.15,53.94634371,59.23681288,73.78,1,522.34,1,1.5,1,SAFE,SAFE,235,–,–
96,W27X217,W27X217,F,217,63.9,28.4,9.15161188,24.08318916,COMPACT,2666.25,53.94634371,59.23681288,0.830,73.78,1,707,1,1.5,1,SAFE,SAFE,4.71,2666.25,707.16,28.7,–,4.71,711,627,–,217,–,8910,,9.15161188,24.08318916,COMPACT,2666.25,53.94634371,59.23681288,73.78,1,707,1,1.5,1,SAFE,SAFE,217,–,–,,,,,9.15161188,24.08318916,COMPACT,1773.95,53.94634371,59.23681288,73.78,1,471.44,1,1.5,1,SAFE,SAFE,217,–,–
97,W27X194,W27X194,F,194,57.1,28.1,9.15161188,24.08318916,COMPACT,2366.25,53.94634371,59.23681288,0.750,73.78,1,632,1,1.5,1,SAFE,SAFE,5.24,2366.25,632.25,31.8,–,5.24,631,559,–,194,–,7860,,9.15161188,24.08318916,COMPACT,2366.25,53.94634371,59.23681288,73.78,1,632,1,1.5,1,SAFE,SAFE,194,–,–,,,,,9.15161188,24.08318916,COMPACT,1574.35,53.94634371,59.23681288,73.78,1,421.50,1,1.5,1,SAFE,SAFE,194,–,–
98,W27X178,W27X178,F,178,52.5,27.8,9.15161188,24.08318916,COMPACT,2137.50,53.94634371,59.23681288,0.725,73.78,1,605,1,1.5,1,SAFE,SAFE,5.92,2137.5,604.65,32.9,–,5.92,570,505,–,178,–,7020,,9.15161188,24.08318916,COMPACT,2137.50,53.94634371,59.23681288,73.78,1,605,1,1.5,1,SAFE,SAFE,178,–,–,,,,,9.15161188,24.08318916,COMPACT,1422.16,53.94634371,59.23681288,73.78,1,403.10,1,1.5,1,SAFE,SAFE,178,–,–
99,W27X161,W27X161,F,161,47.6,27.6,9.15161188,24.08318916,COMPACT,1931.25,53.94634371,59.23681288,0.660,73.78,1,546,1,1.5,1,SAFE,SAFE,6.49,1931.25,546.48,36.1,–,6.49,515,458,–,161,–,6310,,9.15161188,24.08318916,COMPACT,1931.25,53.94634371,59.23681288,73.78,1,546,1,1.5,1,SAFE,SAFE,161,–,–,,,,,9.15161188,24.08318916,COMPACT,1284.93,53.94634371,59.23681288,73.78,1,364.32,1,1.5,1,SAFE,SAFE,161,–,–
100,W27X146,W27X146,F,146,43.2,27.4,9.15161188,24.08318916,COMPACT,1740.00,53.94634371,59.23681288,0.605,73.78,1,497,1,1.5,1,SAFE,SAFE,7.16,1740,497.31,39.4,–,7.16,464,414,–,146,–,5660,,9.15161188,24.08318916,COMPACT,1740.00,53.94634371,59.23681288,73.78,1,497,1,1.5,1,SAFE,SAFE,146,–,–,,,,,9.15161188,24.08318916,COMPACT,1157.68,53.94634371,59.23681288,73.78,1,331.54,1,1.5,1,SAFE,SAFE,146,–,–
101,W27X129,W27X129,F,129,37.8,27.6,9.15161188,24.08318916,COMPACT,1481.25,53.94634371,59.23681288,0.610,73.78,1,505,1,1.5,1,SAFE,SAFE,4.55,1481.25,505.08,39.7,–,4.55,395,345,–,129,–,4760,,9.15161188,24.08318916,COMPACT,1481.25,53.94634371,59.23681288,73.78,1,505,1,1.5,1,SAFE,SAFE,129,–,–,,,,,9.15161188,24.08318916,COMPACT,985.53,53.94634371,59.23681288,73.78,1,336.72,1,1.5,1,SAFE,SAFE,129,–,–
102,W27X114,W27X114,F,114,33.6,27.3,9.15161188,24.08318916,COMPACT,1286.25,53.94634371,59.23681288,0.570,73.78,1,467,1,1.5,1,SAFE,SAFE,5.41,1286.25,466.83,42.5,–,5.41,343,299,–,114,–,4080,,9.15161188,24.08318916,COMPACT,1286.25,53.94634371,59.23681288,73.78,1,467,1,1.5,1,SAFE,SAFE,114,–,–,,,,,9.15161188,24.08318916,COMPACT,855.79,53.94634371,59.23681288,73.78,1,311.22,1,1.5,1,SAFE,SAFE,114,–,–
103,W27X102,W27X102,F,102,30.0,27.1,9.15161188,24.08318916,COMPACT,1143.75,53.94634371,59.23681288,0.515,73.78,1,419,1,1.5,1,SAFE,SAFE,6.03,1143.75,418.695,47.1,–,6.03,305,267,–,102,–,3620,,9.15161188,24.08318916,COMPACT,1143.75,53.94634371,59.23681288,73.78,1,419,1,1.5,1,SAFE,SAFE,102,–,–,,,,,9.15161188,24.08318916,COMPACT,760.98,53.94634371,59.23681288,73.78,1,279.13,1,1.5,1,SAFE,SAFE,102,–,–
104,W27X94,W27X94,F,94.0,27.6,26.9,9.15161188,24.08318916,COMPACT,1042.50,53.94634371,59.23681288,0.490,73.78,1,395,1,1.5,1,SAFE,SAFE,6.70,1042.5,395.43,49.5,–,6.70,278,243,–,94,–,3270,,9.15161188,24.08318916,COMPACT,1042.50,53.94634371,59.23681288,73.78,1,395,1,1.5,1,SAFE,SAFE,94,–,–,,,,,9.15161188,24.08318916,COMPACT,693.61,53.94634371,59.23681288,73.78,1,263.62,1,1.5,1,SAFE,SAFE,94,–,–
105,W27X84,W27X84,F,84.0,24.7,26.7,9.15161188,24.08318916,COMPACT,915.00,53.94634371,59.23681288,0.460,73.78,1,368,1,1.5,1,SAFE,SAFE,7.78,915,368.46,52.7,–,7.78,244,213,–,84,–,2850,,9.15161188,24.08318916,COMPACT,915.00,53.94634371,59.23681288,73.78,1,368,1,1.5,1,SAFE,SAFE,84,–,–,,,,,9.15161188,24.08318916,COMPACT,608.78,53.94634371,59.23681288,73.78,1,245.64,1,1.5,1,SAFE,SAFE,84,–,–
106,W24X370,W24X370,T,370,109,28.0,9.15161188,24.08318916,COMPACT,4237.50,53.94634371,59.23681288,1.52,73.78,1,1277,1,1.5,1,SAFE,SAFE,2.51,4237.5,1276.8,14.2,–,2.51,1130,957,–,370,–,13400,,9.15161188,24.08318916,COMPACT,4237.50,53.94634371,59.23681288,73.78,1,1277,1,1.5,1,SAFE,SAFE,370,–,–,,,,,9.15161188,24.08318916,COMPACT,2819.36,53.94634371,59.23681288,73.78,1,851.20,1,1.5,1,SAFE,SAFE,370,–,–
107,W24X335,W24X335,T,335,98.3,27.5,9.15161188,24.08318916,COMPACT,3825.00,53.94634371,59.23681288,1.38,73.78,1,1139,1,1.5,1,SAFE,SAFE,2.73,3825,1138.5,15.6,–,2.73,1020,864,–,335,–,11900,,9.15161188,24.08318916,COMPACT,3825.00,53.94634371,59.23681288,73.78,1,1139,1,1.5,1,SAFE,SAFE,335,–,–,,,,,9.15161188,24.08318916,COMPACT,2544.91,53.94634371,59.23681288,73.78,1,759.00,1,1.5,1,SAFE,SAFE,335,–,–
108,W24X306,W24X306,T,306,89.7,27.1,9.15161188,24.08318916,COMPACT,3457.50,53.94634371,59.23681288,1.26,73.78,1,1024,1,1.5,1,SAFE,SAFE,2.94,3457.5,1024.38,17.1,–,2.94,922,789,–,306,–,10700,,9.15161188,24.08318916,COMPACT,3457.50,53.94634371,59.23681288,73.78,1,1024,1,1.5,1,SAFE,SAFE,306,–,–,,,,,9.15161188,24.08318916,COMPACT,2300.40,53.94634371,59.23681288,73.78,1,682.92,1,1.5,1,SAFE,SAFE,306,–,–
109,W24X279,W24X279,T,279,81.9,26.7,9.15161188,24.08318916,COMPACT,3131.25,53.94634371,59.23681288,1.16,73.78,1,929,1,1.5,1,SAFE,SAFE,3.18,3131.25,929.16,18.6,–,3.18,835,718,–,279,–,9600,,9.15161188,24.08318916,COMPACT,3131.25,53.94634371,59.23681288,73.78,1,929,1,1.5,1,SAFE,SAFE,279,–,–,,,,,9.15161188,24.08318916,COMPACT,2083.33,53.94634371,59.23681288,73.78,1,619.44,1,1.5,1,SAFE,SAFE,279,–,–
110,W24X250,W24X250,F,250,73.5,26.3,9.15161188,24.08318916,COMPACT,2790.00,53.94634371,59.23681288,1.04,73.78,1,821,1,1.5,1,SAFE,SAFE,3.49,2790,820.56,20.7,–,3.49,744,644,–,250,–,8490,,9.15161188,24.08318916,COMPACT,2790.00,53.94634371,59.23681288,73.78,1,821,1,1.5,1,SAFE,SAFE,250,–,–,,,,,9.15161188,24.08318916,COMPACT,1856.29,53.94634371,59.23681288,73.78,1,547.04,1,1.5,1,SAFE,SAFE,250,–,–
111,W24X229,W24X229,F,229,67.2,26.0,9.15161188,24.08318916,COMPACT,2531.25,53.94634371,59.23681288,0.960,73.78,1,749,1,1.5,1,SAFE,SAFE,3.79,2531.25,748.8,22.5,–,3.79,675,588,–,229,–,7650,,9.15161188,24.08318916,COMPACT,2531.25,53.94634371,59.23681288,73.78,1,749,1,1.5,1,SAFE,SAFE,229,–,–,,,,,9.15161188,24.08318916,COMPACT,1684.13,53.94634371,59.23681288,73.78,1,499.20,1,1.5,1,SAFE,SAFE,229,–,–
112,W24X207,W24X207,F,207,60.7,25.7,9.15161188,24.08318916,COMPACT,2272.50,53.94634371,59.23681288,0.870,73.78,1,671,1,1.5,1,SAFE,SAFE,4.14,2272.5,670.77,24.8,–,4.14,606,531,–,207,–,6820,,9.15161188,24.08318916,COMPACT,2272.50,53.94634371,59.23681288,73.78,1,671,1,1.5,1,SAFE,SAFE,207,–,–,,,,,9.15161188,24.08318916,COMPACT,1511.98,53.94634371,59.23681288,73.78,1,447.18,1,1.5,1,SAFE,SAFE,207,–,–
113,W24X192,W24X192,F,192,56.5,25.5,9.15161188,24.08318916,COMPACT,2096.25,53.94634371,59.23681288,0.810,73.78,1,620,1,1.5,1,SAFE,SAFE,4.43,2096.25,619.65,26.6,–,4.43,559,491,–,192,–,6260,,9.15161188,24.08318916,COMPACT,2096.25,53.94634371,59.23681288,73.78,1,620,1,1.5,1,SAFE,SAFE,192,–,–,,,,,9.15161188,24.08318916,COMPACT,1394.71,53.94634371,59.23681288,73.78,1,413.10,1,1.5,1,SAFE,SAFE,192,–,–
114,W24X176,W24X176,F,176,51.7,25.2,9.15161188,24.08318916,COMPACT,1916.25,53.94634371,59.23681288,0.750,73.78,1,567,1,1.5,1,SAFE,SAFE,4.81,1916.25,567,28.7,–,4.81,511,450,–,176,–,5680,,9.15161188,24.08318916,COMPACT,1916.25,53.94634371,59.23681288,73.78,1,567,1,1.5,1,SAFE,SAFE,176,–,–,,,,,9.15161188,24.08318916,COMPACT,1274.95,53.94634371,59.23681288,73.78,1,378.00,1,1.5,1,SAFE,SAFE,176,–,–
115,W24X162,W24X162,F,162,47.8,25.0,9.15161188,24.08318916,COMPACT,1755.00,53.94634371,59.23681288,0.705,73.78,1,529,1,1.5,1,SAFE,SAFE,5.31,1755,528.75,30.6,–,5.31,468,414,–,162,–,5170,,9.15161188,24.08318916,COMPACT,1755.00,53.94634371,59.23681288,73.78,1,529,1,1.5,1,SAFE,SAFE,162,–,–,,,,,9.15161188,24.08318916,COMPACT,1167.66,53.94634371,59.23681288,73.78,1,352.50,1,1.5,1,SAFE,SAFE,162,–,–
116,W24X146,W24X146,F,146,43.0,24.7,9.15161188,24.08318916,COMPACT,1567.50,53.94634371,59.23681288,0.650,73.78,1,482,1,1.5,1,SAFE,SAFE,5.92,1567.5,481.65,33.2,–,5.92,418,371,–,146,–,4580,,9.15161188,24.08318916,COMPACT,1567.50,53.94634371,59.23681288,73.78,1,482,1,1.5,1,SAFE,SAFE,146,–,–,,,,,9.15161188,24.08318916,COMPACT,1042.91,53.94634371,59.23681288,73.78,1,321.10,1,1.5,1,SAFE,SAFE,146,–,–
117,W24X131,W24X131,F,131,38.6,24.5,9.15161188,24.08318916,COMPACT,1387.50,53.94634371,59.23681288,0.605,73.78,1,445,1,1.5,1,SAFE,SAFE,6.70,1387.5,444.675,35.6,–,6.70,370,329,–,131,–,4020,,9.15161188,24.08318916,COMPACT,1387.50,53.94634371,59.23681288,73.78,1,445,1,1.5,1,SAFE,SAFE,131,–,–,,,,,9.15161188,24.08318916,COMPACT,923.15,53.94634371,59.23681288,73.78,1,296.45,1,1.5,1,SAFE,SAFE,131,–,–
118,W24X117,W24X117,F,117,34.4,24.3,9.15161188,24.08318916,COMPACT,1226.25,53.94634371,59.23681288,0.550,73.78,1,401,1,1.5,1,SAFE,SAFE,7.53,1226.25,400.95,39.2,–,7.53,327,291,–,117,–,3540,,9.15161188,24.08318916,COMPACT,1226.25,53.94634371,59.23681288,73.78,1,401,1,1.5,1,SAFE,SAFE,117,–,–,,,,,9.15161188,24.08318916,COMPACT,815.87,53.94634371,59.23681288,73.78,1,267.30,1,1.5,1,SAFE,SAFE,117,–,–
119,W24X104,W24X104,F,104,30.7,24.1,9.15161188,24.08318916,COMPACT,1083.75,53.94634371,59.23681288,0.500,73.78,1,362,1,1.5,1,SAFE,SAFE,8.50,1083.75,361.5,43.1,–,8.50,289,258,–,104,–,3100,,9.15161188,24.08318916,COMPACT,1083.75,53.94634371,59.23681288,73.78,1,362,1,1.5,1,SAFE,SAFE,104,–,–,,,,,9.15161188,24.08318916,COMPACT,721.06,53.94634371,59.23681288,73.78,1,241.00,1,1.5,1,SAFE,SAFE,104,–,–
120,W24X103,W24X103,F,103,30.3,24.5,9.15161188,24.08318916,COMPACT,1050.00,53.94634371,59.23681288,0.550,73.78,1,404,1,1.5,1,SAFE,SAFE,4.59,1050,404.25,39.2,–,4.59,280,245,–,103,–,3000,,9.15161188,24.08318916,COMPACT,1050.00,53.94634371,59.23681288,73.78,1,404,1,1.5,1,SAFE,SAFE,103,–,–,,,,,9.15161188,24.08318916,COMPACT,698.60,53.94634371,59.23681288,73.78,1,269.50,1,1.5,1,SAFE,SAFE,103,–,–
121,W24X94,W24X94,F,94.0,27.7,24.3,9.15161188,24.08318916,COMPACT,952.50,53.94634371,59.23681288,0.515,73.78,1,375,1,1.5,1,SAFE,SAFE,5.18,952.5,375.435,41.9,–,5.18,254,222,–,94,–,2700,,9.15161188,24.08318916,COMPACT,952.50,53.94634371,59.23681288,73.78,1,375,1,1.5,1,SAFE,SAFE,94,–,–,,,,,9.15161188,24.08318916,COMPACT,633.73,53.94634371,59.23681288,73.78,1,250.29,1,1.5,1,SAFE,SAFE,94,–,–
122,W24X84,W24X84,F,84.0,24.7,24.1,9.15161188,24.08318916,COMPACT,840.00,53.94634371,59.23681288,0.470,73.78,1,340,1,1.5,1,SAFE,SAFE,5.86,840,339.81,45.9,–,5.86,224,196,–,84,–,2370,,9.15161188,24.08318916,COMPACT,840.00,53.94634371,59.23681288,73.78,1,340,1,1.5,1,SAFE,SAFE,84,–,–,,,,,9.15161188,24.08318916,COMPACT,558.88,53.94634371,59.23681288,73.78,1,226.54,1,1.5,1,SAFE,SAFE,84,–,–
123,W24X76,W24X76,F,76.0,22.4,23.9,9.15161188,24.08318916,COMPACT,750.00,53.94634371,59.23681288,0.440,73.78,1,315,1,1.5,1,SAFE,SAFE,6.61,750,315.48,49.0,–,6.61,200,176,–,76,–,2100,,9.15161188,24.08318916,COMPACT,750.00,53.94634371,59.23681288,73.78,1,315,1,1.5,1,SAFE,SAFE,76,–,–,,,,,9.15161188,24.08318916,COMPACT,499.00,53.94634371,59.23681288,73.78,1,210.32,1,1.5,1,SAFE,SAFE,76,–,–
124,W24X68,W24X68,F,68.0,20.1,23.7,9.15161188,24.08318916,COMPACT,663.75,53.94634371,59.23681288,0.415,73.78,1,295,1,1.5,1,SAFE,SAFE,7.66,663.75,295.065,52.0,–,7.66,177,154,–,68,–,1830,,9.15161188,24.08318916,COMPACT,663.75,53.94634371,59.23681288,73.78,1,295,1,1.5,1,SAFE,SAFE,68,–,–,,,,,9.15161188,24.08318916,COMPACT,441.62,53.94634371,59.23681288,73.78,1,196.71,1,1.5,1,SAFE,SAFE,68,–,–
125,W24X62,W24X62,F,62.0,18.2,23.7,9.15161188,24.08318916,COMPACT,573.75,53.94634371,59.23681288,0.430,73.78,1,306,1,1.5,1,NO,SAFE,5.97,10000,10000,50.1,–,5.97,153,131,–,10000,–,1550,,9.15161188,24.08318916,COMPACT,573.75,53.94634371,59.23681288,73.78,1,306,1,1.5,1,NO,SAFE,10000,–,–,,,,,9.15161188,24.08318916,COMPACT,381.74,53.94634371,59.23681288,73.78,1,203.82,1,1.5,1,SAFE,SAFE,62,–,–
126,W24X55,W24X55,F,55.0,16.2,23.6,9.15161188,24.08318916,COMPACT,502.50,53.94634371,59.23681288,0.395,73.78,2,252,0.9,1.67,1,NO,SAFE,6.94,10000,10000,54.6,–,6.94,134,114,–,10000,–,1350,,9.15161188,24.08318916,COMPACT,502.50,53.94634371,59.23681288,73.78,2,252,0.9,1.67,1,NO,SAFE,10000,–,–,,,,,9.15161188,24.08318916,COMPACT,334.33,53.94634371,59.23681288,73.78,2,167.46,0.9,1.67,1,NO,SAFE,10000,–,–
127,W21X275,W21X275,T,275,81.8,24.1,9.15161188,24.08318916,COMPACT,2808.75,53.94634371,59.23681288,1.22,73.78,1,882,1,1.5,1,SAFE,SAFE,2.95,2808.75,882.06,14.2,–,2.95,749,638,–,275,–,7690,,9.15161188,24.08318916,COMPACT,2808.75,53.94634371,59.23681288,73.78,1,882,1,1.5,1,SAFE,SAFE,275,–,–,,,,,9.15161188,24.08318916,COMPACT,1868.76,53.94634371,59.23681288,73.78,1,588.04,1,1.5,1,SAFE,SAFE,275,–,–
128,W21X248,W21X248,F,248,73.8,23.7,9.15161188,24.08318916,COMPACT,2516.25,53.94634371,59.23681288,1.10,73.78,1,782,1,1.5,1,SAFE,SAFE,3.22,2516.25,782.1,15.8,–,3.22,671,576,–,248,–,6830,,9.15161188,24.08318916,COMPACT,2516.25,53.94634371,59.23681288,73.78,1,782,1,1.5,1,SAFE,SAFE,248,–,–,,,,,9.15161188,24.08318916,COMPACT,1674.15,53.94634371,59.23681288,73.78,1,521.40,1,1.5,1,SAFE,SAFE,248,–,–
129,W21X223,W21X223,F,223,66.5,23.4,9.15161188,24.08318916,COMPACT,2253.75,53.94634371,59.23681288,1.00,73.78,1,702,1,1.5,1,SAFE,SAFE,3.55,2253.75,702,17.5,–,3.55,601,520,–,223,–,6080,,9.15161188,24.08318916,COMPACT,2253.75,53.94634371,59.23681288,73.78,1,702,1,1.5,1,SAFE,SAFE,223,–,–,,,,,9.15161188,24.08318916,COMPACT,1499.50,53.94634371,59.23681288,73.78,1,468.00,1,1.5,1,SAFE,SAFE,223,–,–
130,W21X201,W21X201,F,201,59.3,23.0,9.15161188,24.08318916,COMPACT,1987.50,53.94634371,59.23681288,0.910,73.78,1,628,1,1.5,1,SAFE,SAFE,3.86,1987.5,627.9,20.6,–,3.86,530,461,–,201,–,5310,,9.15161188,24.08318916,COMPACT,1987.50,53.94634371,59.23681288,73.78,1,628,1,1.5,1,SAFE,SAFE,201,–,–,,,,,9.15161188,24.08318916,COMPACT,1322.36,53.94634371,59.23681288,73.78,1,418.60,1,1.5,1,SAFE,SAFE,201,–,–
131,W21X182,W21X182,F,182,53.6,22.7,9.15161188,24.08318916,COMPACT,1785.00,53.94634371,59.23681288,0.830,73.78,1,565,1,1.5,1,SAFE,SAFE,4.22,1785,565.23,22.6,–,4.22,476,417,–,182,–,4730,,9.15161188,24.08318916,COMPACT,1785.00,53.94634371,59.23681288,73.78,1,565,1,1.5,1,SAFE,SAFE,182,–,–,,,,,9.15161188,24.08318916,COMPACT,1187.62,53.94634371,59.23681288,73.78,1,376.82,1,1.5,1,SAFE,SAFE,182,–,–
132,W21X166,W21X166,F,166,48.8,22.5,9.15161188,24.08318916,COMPACT,1620.00,53.94634371,59.23681288,0.750,73.78,1,506,1,1.5,1,SAFE,SAFE,4.57,1620,506.25,25.0,–,4.57,432,380,–,166,–,4280,,9.15161188,24.08318916,COMPACT,1620.00,53.94634371,59.23681288,73.78,1,506,1,1.5,1,SAFE,SAFE,166,–,–,,,,,9.15161188,24.08318916,COMPACT,1077.84,53.94634371,59.23681288,73.78,1,337.50,1,1.5,1,SAFE,SAFE,166,–,–
133,W21X147,W21X147,F,147,43.2,22.1,9.15161188,24.08318916,COMPACT,1398.75,53.94634371,59.23681288,0.720,73.78,1,477,1,1.5,1,SAFE,SAFE,5.44,1398.75,477.36,26.1,–,5.44,373,329,–,147,–,3630,,9.15161188,24.08318916,COMPACT,1398.75,53.94634371,59.23681288,73.78,1,477,1,1.5,1,SAFE,SAFE,147,–,–,,,,,9.15161188,24.08318916,COMPACT,930.64,53.94634371,59.23681288,73.78,1,318.24,1,1.5,1,SAFE,SAFE,147,–,–
134,W21X132,W21X132,F,132,38.8,21.8,9.15161188,24.08318916,COMPACT,1248.75,53.94634371,59.23681288,0.650,73.78,1,425,1,1.5,1,SAFE,SAFE,6.01,1248.75,425.1,28.9,–,6.01,333,295,–,132,–,3220,,9.15161188,24.08318916,COMPACT,1248.75,53.94634371,59.23681288,73.78,1,425,1,1.5,1,SAFE,SAFE,132,–,–,,,,,9.15161188,24.08318916,COMPACT,830.84,53.94634371,59.23681288,73.78,1,283.40,1,1.5,1,SAFE,SAFE,132,–,–
135,W21X122,W21X122,F,122,35.9,21.7,9.15161188,24.08318916,COMPACT,1151.25,53.94634371,59.23681288,0.600,73.78,1,391,1,1.5,1,SAFE,SAFE,6.45,1151.25,390.6,31.3,–,6.45,307,273,–,122,–,2960,,9.15161188,24.08318916,COMPACT,1151.25,53.94634371,59.23681288,73.78,1,391,1,1.5,1,SAFE,SAFE,122,–,–,,,,,9.15161188,24.08318916,COMPACT,765.97,53.94634371,59.23681288,73.78,1,260.40,1,1.5,1,SAFE,SAFE,122,–,–
136,W21X111,W21X111,F,111,32.6,21.5,9.15161188,24.08318916,COMPACT,1046.25,53.94634371,59.23681288,0.550,73.78,1,355,1,1.5,1,SAFE,SAFE,7.05,1046.25,354.75,34.1,–,7.05,279,249,–,111,–,2670,,9.15161188,24.08318916,COMPACT,1046.25,53.94634371,59.23681288,73.78,1,355,1,1.5,1,SAFE,SAFE,111,–,–,,,,,9.15161188,24.08318916,COMPACT,696.11,53.94634371,59.23681288,73.78,1,236.50,1,1.5,1,SAFE,SAFE,111,–,–
137,W21X101,W21X101,F,101,29.8,21.4,9.15161188,24.08318916,COMPACT,948.75,53.94634371,59.23681288,0.500,73.78,1,321,1,1.5,1,SAFE,SAFE,7.68,948.75,321,37.5,–,7.68,253,227,–,101,–,2420,,9.15161188,24.08318916,COMPACT,948.75,53.94634371,59.23681288,73.78,1,321,1,1.5,1,SAFE,SAFE,101,–,–,,,,,9.15161188,24.08318916,COMPACT,631.24,53.94634371,59.23681288,73.78,1,214.00,1,1.5,1,SAFE,SAFE,101,–,–
138,W21X93,W21X93,F,93.0,27.3,21.6,9.15161188,24.08318916,COMPACT,828.75,53.94634371,59.23681288,0.580,73.78,1,376,1,1.5,1,SAFE,SAFE,4.53,828.75,375.84,32.3,–,4.53,221,192,–,93,–,2070,,9.15161188,24.08318916,COMPACT,828.75,53.94634371,59.23681288,73.78,1,376,1,1.5,1,SAFE,SAFE,93,–,–,,,,,9.15161188,24.08318916,COMPACT,551.40,53.94634371,59.23681288,73.78,1,250.56,1,1.5,1,SAFE,SAFE,93,–,–
139,W21X83,W21X83,F,83.0,24.4,21.4,9.15161188,24.08318916,COMPACT,735.00,53.94634371,59.23681288,0.515,73.78,1,331,1,1.5,1,SAFE,SAFE,5.00,735,330.63,36.4,–,5.00,196,171,–,83,–,1830,,9.15161188,24.08318916,COMPACT,735.00,53.94634371,59.23681288,73.78,1,331,1,1.5,1,SAFE,SAFE,83,–,–,,,,,9.15161188,24.08318916,COMPACT,489.02,53.94634371,59.23681288,73.78,1,220.42,1,1.5,1,SAFE,SAFE,83,–,–
140,W21X73,W21X73,F,73.0,21.5,21.2,9.15161188,24.08318916,COMPACT,645.00,53.94634371,59.23681288,0.455,73.78,1,289,1,1.5,1,SAFE,SAFE,5.60,645,289.38,41.2,–,5.60,172,151,–,73,–,1600,,9.15161188,24.08318916,COMPACT,645.00,53.94634371,59.23681288,73.78,1,289,1,1.5,1,SAFE,SAFE,73,–,–,,,,,9.15161188,24.08318916,COMPACT,429.14,53.94634371,59.23681288,73.78,1,192.92,1,1.5,1,SAFE,SAFE,73,–,–
141,W21X68,W21X68,F,68.0,20.0,21.1,9.15161188,24.08318916,COMPACT,600.00,53.94634371,59.23681288,0.430,73.78,1,272,1,1.5,1,SAFE,SAFE,6.04,600,272.19,43.6,–,6.04,160,140,–,68,–,1480,,9.15161188,24.08318916,COMPACT,600.00,53.94634371,59.23681288,73.78,1,272,1,1.5,1,SAFE,SAFE,68,–,–,,,,,9.15161188,24.08318916,COMPACT,399.20,53.94634371,59.23681288,73.78,1,181.46,1,1.5,1,SAFE,SAFE,68,–,–
142,W21X62,W21X62,F,62.0,18.3,21.0,9.15161188,24.08318916,COMPACT,540.00,53.94634371,59.23681288,0.400,73.78,1,252,1,1.5,1,NO,SAFE,6.70,10000,10000,46.9,–,6.70,144,127,–,10000,–,1330,,9.15161188,24.08318916,COMPACT,540.00,53.94634371,59.23681288,73.78,1,252,1,1.5,1,NO,SAFE,10000,–,–,,,,,9.15161188,24.08318916,COMPACT,359.28,53.94634371,59.23681288,73.78,1,168.00,1,1.5,1,NO,SAFE,10000,–,–
143,W21X55,W21X55,F,55.0,16.2,20.8,9.15161188,24.08318916,COMPACT,472.50,53.94634371,59.23681288,0.375,73.78,1,234,1,1.5,1,NO,SAFE,7.87,10000,10000,50.0,–,7.87,126,110,–,10000,–,1140,,9.15161188,24.08318916,COMPACT,472.50,53.94634371,59.23681288,73.78,1,234,1,1.5,1,NO,SAFE,10000,–,–,,,,,9.15161188,24.08318916,COMPACT,314.37,53.94634371,59.23681288,73.78,1,156.00,1,1.5,1,NO,SAFE,10000,–,–
144,W21X48,W21X48,F,48.0,14.1,20.6,9.15161188,24.08318916,COMPACT,401.25,53.94634371,59.23681288,0.350,73.78,1,216,1,1.5,1,NO,SAFE,9.47,10000,10000,53.6,–,9.47,107,93.0,–,10000,–,959,,9.15161188,24.08318916,COMPACT,401.25,53.94634371,59.23681288,73.78,1,216,1,1.5,1,NO,SAFE,10000,–,–,,,,,9.15161188,24.08318916,COMPACT,266.97,53.94634371,59.23681288,73.78,1,144.20,1,1.5,1,NO,SAFE,10000,–,–
145,W21X57,W21X57,F,57.0,16.7,21.1,9.15161188,24.08318916,COMPACT,483.75,53.94634371,59.23681288,0.405,73.78,1,256,1,1.5,1,NO,SAFE,5.04,10000,10000,46.3,–,5.04,129,111,–,10000,–,1170,,9.15161188,24.08318916,COMPACT,483.75,53.94634371,59.23681288,73.78,1,256,1,1.5,1,NO,SAFE,10000,–,–,,,,,9.15161188,24.08318916,COMPACT,321.86,53.94634371,59.23681288,73.78,1,170.91,1,1.5,1,NO,SAFE,10000,–,–
146,W21X50,W21X50,F,50.0,14.7,20.8,9.15161188,24.08318916,COMPACT,412.50,53.94634371,59.23681288,0.380,73.78,1,237,1,1.5,1,NO,SAFE,6.10,10000,10000,49.4,–,6.10,110,94.5,–,10000,–,984,,9.15161188,24.08318916,COMPACT,412.50,53.94634371,59.23681288,73.78,1,237,1,1.5,1,NO,SAFE,10000,–,–,,,,,9.15161188,24.08318916,COMPACT,274.45,53.94634371,59.23681288,73.78,1,158.08,1,1.5,1,NO,SAFE,10000,–,–
147,W21X44,W21X44,F,44.0,13.0,20.7,9.15161188,24.08318916,COMPACT,357.75,53.94634371,59.23681288,0.350,73.78,1,217,1,1.5,1,NO,SAFE,7.22,10000,10000,53.6,–,7.22,95.4,81.6,–,10000,–,843,,9.15161188,24.08318916,COMPACT,357.75,53.94634371,59.23681288,73.78,1,217,1,1.5,1,NO,SAFE,10000,–,–,,,,,9.15161188,24.08318916,COMPACT,238.02,53.94634371,59.23681288,73.78,1,144.90,1,1.5,1,NO,SAFE,10000,–,–
148,W18X311,W18X311,T,311,91.6,22.3,9.15161188,24.08318916,COMPACT,2827.50,53.94634371,59.23681288,1.52,73.78,1,1017,1,1.5,1,SAFE,SAFE,2.19,2827.5,1016.88,10.4,–,2.19,754,624,–,311,–,6970,,9.15161188,24.08318916,COMPACT,2827.50,53.94634371,59.23681288,73.78,1,1017,1,1.5,1,SAFE,SAFE,311,–,–,,,,,9.15161188,24.08318916,COMPACT,1881.24,53.94634371,59.23681288,73.78,1,677.92,1,1.5,1,SAFE,SAFE,311,–,–
149,W18X283,W18X283,T,283,83.3,21.9,9.15161188,24.08318916,COMPACT,2535.00,53.94634371,59.23681288,1.40,73.78,1,920,1,1.5,1,SAFE,SAFE,2.38,2535,919.8,11.3,–,2.38,676,565,–,283,–,6170,,9.15161188,24.08318916,COMPACT,2535.00,53.94634371,59.23681288,73.78,1,920,1,1.5,1,SAFE,SAFE,283,–,–,,,,,9.15161188,24.08318916,COMPACT,1686.63,53.94634371,59.23681288,73.78,1,613.20,1,1.5,1,SAFE,SAFE,283,–,–
150,W18X258,W18X258,T,258,76.0,21.5,9.15161188,24.08318916,COMPACT,2291.25,53.94634371,59.23681288,1.28,73.78,1,826,1,1.5,1,SAFE,SAFE,2.56,2291.25,825.6,12.5,–,2.56,611,514,–,258,–,5510,,9.15161188,24.08318916,COMPACT,2291.25,53.94634371,59.23681288,73.78,1,826,1,1.5,1,SAFE,SAFE,258,–,–,,,,,9.15161188,24.08318916,COMPACT,1524.45,53.94634371,59.23681288,73.78,1,550.40,1,1.5,1,SAFE,SAFE,258,–,–
151,W18X234,W18X234,T,234,68.6,21.1,9.15161188,24.08318916,COMPACT,2058.75,53.94634371,59.23681288,1.16,73.78,1,734,1,1.5,1,SAFE,SAFE,2.76,2058.75,734.28,13.8,–,2.76,549,466,–,234,–,4900,,9.15161188,24.08318916,COMPACT,2058.75,53.94634371,59.23681288,73.78,1,734,1,1.5,1,SAFE,SAFE,234,–,–,,,,,9.15161188,24.08318916,COMPACT,1369.76,53.94634371,59.23681288,73.78,1,489.52,1,1.5,1,SAFE,SAFE,234,–,–
152,W18X211,W18X211,F,211,62.3,20.7,9.15161188,24.08318916,COMPACT,1837.50,53.94634371,59.23681288,1.06,73.78,1,658,1,1.5,1,SAFE,SAFE,3.02,1837.5,658.26,15.1,–,3.02,490,419,–,211,–,4330,,9.15161188,24.08318916,COMPACT,1837.50,53.94634371,59.23681288,73.78,1,658,1,1.5,1,SAFE,SAFE,211,–,–,,,,,9.15161188,24.08318916,COMPACT,1222.55,53.94634371,59.23681288,73.78,1,438.84,1,1.5,1,SAFE,SAFE,211,–,–
153,W18X192,W18X192,F,192,56.2,20.4,9.15161188,24.08318916,COMPACT,1657.50,53.94634371,59.23681288,0.960,73.78,1,588,1,1.5,1,SAFE,SAFE,3.27,1657.5,587.52,16.7,–,3.27,442,380,–,192,–,3870,,9.15161188,24.08318916,COMPACT,1657.50,53.94634371,59.23681288,73.78,1,588,1,1.5,1,SAFE,SAFE,192,–,–,,,,,9.15161188,24.08318916,COMPACT,1102.79,53.94634371,59.23681288,73.78,1,391.68,1,1.5,1,SAFE,SAFE,192,–,–
154,W18X175,W18X175,F,175,51.4,20.0,9.15161188,24.08318916,COMPACT,1492.50,53.94634371,59.23681288,0.890,73.78,1,534,1,1.5,1,SAFE,SAFE,3.58,1492.5,534,18.0,–,3.58,398,344,–,175,–,3450,,9.15161188,24.08318916,COMPACT,1492.50,53.94634371,59.23681288,73.78,1,534,1,1.5,1,SAFE,SAFE,175,–,–,,,,,9.15161188,24.08318916,COMPACT,993.01,53.94634371,59.23681288,73.78,1,356.00,1,1.5,1,SAFE,SAFE,175,–,–
155,W18X158,W18X158,F,158,46.3,19.7,9.15161188,24.08318916,COMPACT,1335.00,53.94634371,59.23681288,0.810,73.78,1,479,1,1.5,1,SAFE,SAFE,3.92,1335,478.71,19.8,–,3.92,356,310,–,158,–,3060,,9.15161188,24.08318916,COMPACT,1335.00,53.94634371,59.23681288,73.78,1,479,1,1.5,1,SAFE,SAFE,158,–,–,,,,,9.15161188,24.08318916,COMPACT,888.22,53.94634371,59.23681288,73.78,1,319.14,1,1.5,1,SAFE,SAFE,158,–,–
156,W18X143,W18X143,F,143,42.0,19.5,9.15161188,24.08318916,COMPACT,1207.50,53.94634371,59.23681288,0.730,73.78,1,427,1,1.5,1,SAFE,SAFE,4.25,1207.5,427.05,22.0,–,4.25,322,282,–,143,–,2750,,9.15161188,24.08318916,COMPACT,1207.50,53.94634371,59.23681288,73.78,1,427,1,1.5,1,SAFE,SAFE,143,–,–,,,,,9.15161188,24.08318916,COMPACT,803.39,53.94634371,59.23681288,73.78,1,284.70,1,1.5,1,SAFE,SAFE,143,–,–
157,W18X130,W18X130,F,130,38.3,19.3,9.15161188,24.08318916,COMPACT,1087.50,53.94634371,59.23681288,0.670,73.78,1,388,1,1.5,1,SAFE,SAFE,4.65,1087.5,387.93,23.9,–,4.65,290,256,–,130,–,2460,,9.15161188,24.08318916,COMPACT,1087.50,53.94634371,59.23681288,73.78,1,388,1,1.5,1,SAFE,SAFE,130,–,–,,,,,9.15161188,24.08318916,COMPACT,723.55,53.94634371,59.23681288,73.78,1,258.62,1,1.5,1,SAFE,SAFE,130,–,–
158,W18X119,W18X119,F,119,35.1,19.0,9.15161188,24.08318916,COMPACT,982.50,53.94634371,59.23681288,0.655,73.78,1,373,1,1.5,1,SAFE,SAFE,5.31,982.5,373.35,24.5,–,5.31,262,231,–,119,–,2190,,9.15161188,24.08318916,COMPACT,982.50,53.94634371,59.23681288,73.78,1,373,1,1.5,1,SAFE,SAFE,119,–,–,,,,,9.15161188,24.08318916,COMPACT,653.69,53.94634371,59.23681288,73.78,1,248.90,1,1.5,1,SAFE,SAFE,119,–,–
159,W18X106,W18X106,F,106,31.1,18.7,9.15161188,24.08318916,COMPACT,862.50,53.94634371,59.23681288,0.590,73.78,1,331,1,1.5,1,SAFE,SAFE,5.96,862.5,330.99,27.2,–,5.96,230,204,–,106,–,1910,,9.15161188,24.08318916,COMPACT,862.50,53.94634371,59.23681288,73.78,1,331,1,1.5,1,SAFE,SAFE,106,–,–,,,,,9.15161188,24.08318916,COMPACT,573.85,53.94634371,59.23681288,73.78,1,220.66,1,1.5,1,SAFE,SAFE,106,–,–
160,W18X97,W18X97,F,97.0,28.5,18.6,9.15161188,24.08318916,COMPACT,791.25,53.94634371,59.23681288,0.535,73.78,1,299,1,1.5,1,SAFE,SAFE,6.41,791.25,298.53,30.0,–,6.41,211,188,–,97,–,1750,,9.15161188,24.08318916,COMPACT,791.25,53.94634371,59.23681288,73.78,1,299,1,1.5,1,SAFE,SAFE,97,–,–,,,,,9.15161188,24.08318916,COMPACT,526.45,53.94634371,59.23681288,73.78,1,199.02,1,1.5,1,SAFE,SAFE,97,–,–
161,W18X86,W18X86,F,86.0,25.3,18.4,9.15161188,24.08318916,COMPACT,697.50,53.94634371,59.23681288,0.480,73.78,1,265,1,1.5,1,SAFE,SAFE,7.20,697.5,264.96,33.4,–,7.20,186,166,–,86,–,1530,,9.15161188,24.08318916,COMPACT,697.50,53.94634371,59.23681288,73.78,1,265,1,1.5,1,SAFE,SAFE,86,–,–,,,,,9.15161188,24.08318916,COMPACT,464.07,53.94634371,59.23681288,73.78,1,176.64,1,1.5,1,SAFE,SAFE,86,–,–
162,W18X76,W18X76,F,76.0,22.3,18.2,9.15161188,24.08318916,COMPACT,611.25,53.94634371,59.23681288,0.425,73.78,1,232,1,1.5,1,SAFE,SAFE,8.11,611.25,232.05,37.8,–,8.11,163,146,–,76,–,1330,,9.15161188,24.08318916,COMPACT,611.25,53.94634371,59.23681288,73.78,1,232,1,1.5,1,SAFE,SAFE,76,–,–,,,,,9.15161188,24.08318916,COMPACT,406.69,53.94634371,59.23681288,73.78,1,154.70,1,1.5,1,SAFE,SAFE,76,–,–
163,W18X71,W18X71,F,71.0,20.9,18.5,9.15161188,24.08318916,COMPACT,547.50,53.94634371,59.23681288,0.495,73.78,1,275,1,1.5,1,NO,SAFE,4.71,10000,10000,32.4,–,4.71,146,127,–,10000,–,1170,,9.15161188,24.08318916,COMPACT,547.50,53.94634371,59.23681288,73.78,1,275,1,1.5,1,NO,SAFE,10000,–,–,,,,,9.15161188,24.08318916,COMPACT,364.27,53.94634371,59.23681288,73.78,1,183.15,1,1.5,1,NO,SAFE,10000,–,–
164,W18X65,W18X65,F,65.0,19.1,18.4,9.15161188,24.08318916,COMPACT,498.75,53.94634371,59.23681288,0.450,73.78,1,248,1,1.5,1,NO,SAFE,5.06,10000,10000,35.7,–,5.06,133,117,–,10000,–,1070,,9.15161188,24.08318916,COMPACT,498.75,53.94634371,59.23681288,73.78,1,248,1,1.5,1,NO,SAFE,10000,–,–,,,,,9.15161188,24.08318916,COMPACT,331.84,53.94634371,59.23681288,73.78,1,165.60,1,1.5,1,NO,SAFE,10000,–,–
165,W18X60,W18X60,F,60.0,17.6,18.2,9.15161188,24.08318916,COMPACT,461.25,53.94634371,59.23681288,0.415,73.78,1,227,1,1.5,1,NO,SAFE,5.44,10000,10000,38.7,–,5.44,123,108,–,10000,–,984,,9.15161188,24.08318916,COMPACT,461.25,53.94634371,59.23681288,73.78,1,227,1,1.5,1,NO,SAFE,10000,–,–,,,,,9.15161188,24.08318916,COMPACT,306.89,53.94634371,59.23681288,73.78,1,151.06,1,1.5,1,NO,SAFE,10000,–,–
166,W18X55,W18X55,F,55.0,16.2,18.1,9.15161188,24.08318916,COMPACT,420.00,53.94634371,59.23681288,0.390,73.78,1,212,1,1.5,1,NO,SAFE,5.98,10000,10000,41.1,–,5.98,112,98.3,–,10000,–,890,,9.15161188,24.08318916,COMPACT,420.00,53.94634371,59.23681288,73.78,1,212,1,1.5,1,NO,SAFE,10000,–,–,,,,,9.15161188,24.08318916,COMPACT,279.44,53.94634371,59.23681288,73.78,1,141.18,1,1.5,1,NO,SAFE,10000,–,–
167,W18X50,W18X50,F,50.0,14.7,18.0,9.15161188,24.08318916,COMPACT,378.75,53.94634371,59.23681288,0.355,73.78,1,192,1,1.5,1,NO,SAFE,6.57,10000,10000,45.2,–,6.57,101,88.9,–,10000,–,800,,9.15161188,24.08318916,COMPACT,378.75,53.94634371,59.23681288,73.78,1,192,1,1.5,1,NO,SAFE,10000,–,–,,,,,9.15161188,24.08318916,COMPACT,252.00,53.94634371,59.23681288,73.78,1,127.80,1,1.5,1,NO,SAFE,10000,–,–
168,W18X46,W18X46,F,46.0,13.5,18.1,9.15161188,24.08318916,COMPACT,340.13,53.94634371,59.23681288,0.360,73.78,1,195,1,1.5,1,NO,SAFE,5.01,10000,10000,44.6,–,5.01,90.7,78.8,–,10000,–,712,,9.15161188,24.08318916,COMPACT,340.13,53.94634371,59.23681288,73.78,1,195,1,1.5,1,NO,SAFE,10000,–,–,,,,,9.15161188,24.08318916,COMPACT,226.30,53.94634371,59.23681288,73.78,1,130.32,1,1.5,1,NO,SAFE,10000,–,–
169,W18X40,W18X40,F,40.0,11.8,17.9,9.15161188,24.08318916,COMPACT,294.00,53.94634371,59.23681288,0.315,73.78,1,169,1,1.5,1,NO,SAFE,5.73,10000,10000,50.9,–,5.73,78.4,68.4,–,10000,–,612,,9.15161188,24.08318916,COMPACT,294.00,53.94634371,59.23681288,73.78,1,169,1,1.5,1,NO,SAFE,10000,–,–,,,,,9.15161188,24.08318916,COMPACT,195.61,53.94634371,59.23681288,73.78,1,112.77,1,1.5,1,NO,SAFE,10000,–,–
170,W18X35,W18X35,F,35.0,10.3,17.7,9.15161188,24.08318916,COMPACT,249.38,53.94634371,59.23681288,0.300,73.78,1,159,1,1.5,1,NO,SAFE,7.06,10000,10000,53.5,–,7.06,66.5,57.6,–,10000,–,510,,9.15161188,24.08318916,COMPACT,249.38,53.94634371,59.23681288,73.78,1,159,1,1.5,1,NO,SAFE,10000,–,–,,,,,9.15161188,24.08318916,COMPACT,165.92,53.94634371,59.23681288,73.78,1,106.20,1,1.5,1,NO,SAFE,10000,–,–
171,W16X100,W16X100,F,100,29.4,17.0,9.15161188,24.08318916,COMPACT,742.50,53.94634371,59.23681288,0.585,73.78,1,298,1,1.5,1,SAFE,SAFE,5.29,742.5,298.35,24.3,–,5.29,198,175,–,100,–,1490,,9.15161188,24.08318916,COMPACT,742.50,53.94634371,59.23681288,73.78,1,298,1,1.5,1,SAFE,SAFE,100,–,–,,,,,9.15161188,24.08318916,COMPACT,494.01,53.94634371,59.23681288,73.78,1,198.90,1,1.5,1,SAFE,SAFE,100,–,–
172,W16X89,W16X89,F,89.0,26.2,16.8,9.15161188,24.08318916,COMPACT,656.25,53.94634371,59.23681288,0.525,73.78,1,265,1,1.5,1,SAFE,SAFE,5.92,656.25,264.6,27.0,–,5.92,175,155,–,89,–,1300,,9.15161188,24.08318916,COMPACT,656.25,53.94634371,59.23681288,73.78,1,265,1,1.5,1,SAFE,SAFE,89,–,–,,,,,9.15161188,24.08318916,COMPACT,436.63,53.94634371,59.23681288,73.78,1,176.40,1,1.5,1,SAFE,SAFE,89,–,–
173,W16X77,W16X77,F,77.0,22.6,16.5,9.15161188,24.08318916,COMPACT,562.50,53.94634371,59.23681288,0.455,73.78,1,225,1,1.5,1,NO,SAFE,6.77,10000,10000,31.2,–,6.77,150,134,–,10000,–,1110,,9.15161188,24.08318916,COMPACT,562.50,53.94634371,59.23681288,73.78,1,225,1,1.5,1,NO,SAFE,10000,–,–,,,,,9.15161188,24.08318916,COMPACT,374.25,53.94634371,59.23681288,73.78,1,150.15,1,1.5,1,NO,SAFE,10000,–,–
174,W16X67,W16X67,F,67.0,19.6,16.3,9.15161188,24.08318916,COMPACT,487.50,53.94634371,59.23681288,0.395,73.78,1,193,1,1.5,1,NO,SAFE,7.70,10000,10000,35.9,–,7.70,130,117,–,10000,–,954,,9.15161188,24.08318916,COMPACT,487.50,53.94634371,59.23681288,73.78,1,193,1,1.5,1,NO,SAFE,10000,–,–,,,,,9.15161188,24.08318916,COMPACT,324.35,53.94634371,59.23681288,73.78,1,128.77,1,1.5,1,NO,SAFE,10000,–,–
175,W16X57,W16X57,F,57.0,16.8,16.4,9.15161188,24.08318916,COMPACT,393.75,53.94634371,59.23681288,0.430,73.78,1,212,1,1.5,1,NO,SAFE,4.98,10000,10000,33.0,–,4.98,105,92.2,–,10000,–,758,,9.15161188,24.08318916,COMPACT,393.75,53.94634371,59.23681288,73.78,1,212,1,1.5,1,NO,SAFE,10000,–,–,,,,,9.15161188,24.08318916,COMPACT,261.98,53.94634371,59.23681288,73.78,1,141.04,1,1.5,1,NO,SAFE,10000,–,–
176,W16X50,W16X50,F,50.0,14.7,16.3,9.15161188,24.08318916,COMPACT,345.00,53.94634371,59.23681288,0.380,73.78,1,186,1,1.5,1,NO,SAFE,5.61,10000,10000,37.4,–,5.61,92.0,81.0,–,10000,–,659,,9.15161188,24.08318916,COMPACT,345.00,53.94634371,59.23681288,73.78,1,186,1,1.5,1,NO,SAFE,10000,–,–,,,,,9.15161188,24.08318916,COMPACT,229.54,53.94634371,59.23681288,73.78,1,123.88,1,1.5,1,NO,SAFE,10000,–,–
177,W16X45,W16X45,F,45.0,13.3,16.1,9.15161188,24.08318916,COMPACT,308.63,53.94634371,59.23681288,0.345,73.78,1,167,1,1.5,1,NO,SAFE,6.23,10000,10000,41.1,–,6.23,82.3,72.7,–,10000,–,586,,9.15161188,24.08318916,COMPACT,308.63,53.94634371,59.23681288,73.78,1,167,1,1.5,1,NO,SAFE,10000,–,–,,,,,9.15161188,24.08318916,COMPACT,205.34,53.94634371,59.23681288,73.78,1,111.09,1,1.5,1,NO,SAFE,10000,–,–
178,W16X40,W16X40,F,40.0,11.8,16.0,9.15161188,24.08318916,COMPACT,273.75,53.94634371,59.23681288,0.305,73.78,1,146,1,1.5,1,NO,SAFE,6.93,10000,10000,46.5,–,6.93,73.0,64.7,–,10000,–,518,,9.15161188,24.08318916,COMPACT,273.75,53.94634371,59.23681288,73.78,1,146,1,1.5,1,NO,SAFE,10000,–,–,,,,,9.15161188,24.08318916,COMPACT,182.14,53.94634371,59.23681288,73.78,1,97.60,1,1.5,1,NO,SAFE,10000,–,–
179,W16X36,W16X36,F,36.0,10.6,15.9,9.15161188,24.08318916,COMPACT,240.00,53.94634371,59.23681288,0.295,73.78,1,141,1,1.5,1,NO,SAFE,8.12,10000,10000,48.1,–,8.12,64.0,56.5,–,10000,–,448,,9.15161188,24.08318916,COMPACT,240.00,53.94634371,59.23681288,73.78,1,141,1,1.5,1,NO,SAFE,10000,–,–,,,,,9.15161188,24.08318916,COMPACT,159.68,53.94634371,59.23681288,73.78,1,93.81,1,1.5,1,NO,SAFE,10000,–,–
180,W16X31,W16X31,F,31.0,9.13,15.9,9.15161188,24.08318916,COMPACT,202.50,53.94634371,59.23681288,0.275,73.78,1,131,1,1.5,1,NO,SAFE,6.28,10000,10000,51.6,–,6.28,54.0,47.2,–,10000,–,375,,9.15161188,24.08318916,COMPACT,202.50,53.94634371,59.23681288,73.78,1,131,1,1.5,1,NO,SAFE,10000,–,–,,,,,9.15161188,24.08318916,COMPACT,134.73,53.94634371,59.23681288,73.78,1,87.45,1,1.5,1,NO,SAFE,10000,–,–
181,W16X26,W16X26,F,26.0,7.68,15.7,9.15161188,24.08318916,COMPACT,165.75,53.94634371,59.23681288,0.250,73.78,2,106,0.9,1.67,1,NO,SAFE,7.97,10000,10000,56.8,–,7.97,44.2,38.4,–,10000,–,301,,9.15161188,24.08318916,COMPACT,165.75,53.94634371,59.23681288,73.78,2,106,0.9,1.67,1,NO,SAFE,10000,–,–,,,,,9.15161188,24.08318916,COMPACT,110.28,53.94634371,59.23681288,73.78,2,70.51,0.9,1.67,1,NO,SAFE,10000,–,–
182,W14X873,W14X873,T,873,257,23.6,9.15161188,24.08318916,COMPACT,7612.50,53.94634371,59.23681288,3.94,73.78,1,2790,1,1.5,1,SAFE,SAFE,1.71,7612.5,2789.52,2.89,–,1.71,2030,1530,–,873,–,18100,,9.15161188,24.08318916,COMPACT,7612.50,53.94634371,59.23681288,73.78,1,2790,1,1.5,1,SAFE,SAFE,873,–,–,,,,,9.15161188,24.08318916,COMPACT,5064.87,53.94634371,59.23681288,73.78,1,1859.68,1,1.5,1,SAFE,SAFE,873,–,–
183,W14X808,W14X808,T,808,238,22.8,9.15161188,24.08318916,COMPACT,6862.50,53.94634371,59.23681288,3.74,73.78,1,2558,1,1.5,1,SAFE,SAFE,1.82,6862.5,2558.16,3.04,–,1.82,1830,1390,–,808,–,15900,,9.15161188,24.08318916,COMPACT,6862.50,53.94634371,59.23681288,73.78,1,2558,1,1.5,1,SAFE,SAFE,808,–,–,,,,,9.15161188,24.08318916,COMPACT,4565.87,53.94634371,59.23681288,73.78,1,1705.44,1,1.5,1,SAFE,SAFE,808,–,–
184,W14X730,W14X730,T,730,215,22.4,9.15161188,24.08318916,COMPACT,6225.00,53.94634371,59.23681288,3.07,73.78,1,2063,1,1.5,1,SAFE,SAFE,1.82,6225,2063.04,3.71,–,1.82,1660,1280,–,730,–,14300,,9.15161188,24.08318916,COMPACT,6225.00,53.94634371,59.23681288,73.78,1,2063,1,1.5,1,SAFE,SAFE,730,–,–,,,,,9.15161188,24.08318916,COMPACT,4141.72,53.94634371,59.23681288,73.78,1,1375.36,1,1.5,1,SAFE,SAFE,730,–,–
185,W14X665,W14X665,T,665,196,21.6,9.15161188,24.08318916,COMPACT,5550.00,53.94634371,59.23681288,2.83,73.78,1,1834,1,1.5,1,SAFE,SAFE,1.95,5550,1833.84,4.03,–,1.95,1480,1150,–,665,–,12400,,9.15161188,24.08318916,COMPACT,5550.00,53.94634371,59.23681288,73.78,1,1834,1,1.5,1,SAFE,SAFE,665,–,–,,,,,9.15161188,24.08318916,COMPACT,3692.61,53.94634371,59.23681288,73.78,1,1222.56,1,1.5,1,SAFE,SAFE,665,–,–
186,W14X605,W14X605,T,605,178,20.9,9.15161188,24.08318916,COMPACT,4950.00,53.94634371,59.23681288,2.60,73.78,1,1630,1,1.5,1,SAFE,SAFE,2.09,4950,1630.2,4.39,–,2.09,1320,1040,–,605,–,10800,,9.15161188,24.08318916,COMPACT,4950.00,53.94634371,59.23681288,73.78,1,1630,1,1.5,1,SAFE,SAFE,605,–,–,,,,,9.15161188,24.08318916,COMPACT,3293.41,53.94634371,59.23681288,73.78,1,1086.80,1,1.5,1,SAFE,SAFE,605,–,–
187,W14X550,W14X550,T,550,162,20.2,9.15161188,24.08318916,COMPACT,4425.00,53.94634371,59.23681288,2.38,73.78,1,1442,1,1.5,1,SAFE,SAFE,2.25,4425,1442.28,4.79,–,2.25,1180,931,–,550,–,9430,,9.15161188,24.08318916,COMPACT,4425.00,53.94634371,59.23681288,73.78,1,1442,1,1.5,1,SAFE,SAFE,550,–,–,,,,,9.15161188,24.08318916,COMPACT,2944.11,53.94634371,59.23681288,73.78,1,961.52,1,1.5,1,SAFE,SAFE,550,–,–
188,W14X500,W14X500,T,500,147,19.6,9.15161188,24.08318916,COMPACT,3937.50,53.94634371,59.23681288,2.19,73.78,1,1288,1,1.5,1,SAFE,SAFE,2.43,3937.5,1287.72,5.21,–,2.43,1050,838,–,500,–,8210,,9.15161188,24.08318916,COMPACT,3937.50,53.94634371,59.23681288,73.78,1,1288,1,1.5,1,SAFE,SAFE,500,–,–,,,,,9.15161188,24.08318916,COMPACT,2619.76,53.94634371,59.23681288,73.78,1,858.48,1,1.5,1,SAFE,SAFE,500,–,–
189,W14X455,W14X455,T,455,134,19.0,9.15161188,24.08318916,COMPACT,3510.00,53.94634371,59.23681288,2.02,73.78,1,1151,1,1.5,1,SAFE,SAFE,2.62,3510,1151.4,5.66,–,2.62,936,756,–,455,–,7190,,9.15161188,24.08318916,COMPACT,3510.00,53.94634371,59.23681288,73.78,1,1151,1,1.5,1,SAFE,SAFE,455,–,–,,,,,9.15161188,24.08318916,COMPACT,2335.33,53.94634371,59.23681288,73.78,1,767.60,1,1.5,1,SAFE,SAFE,455,–,–
190,W14X426,W14X426,T,426,125,18.7,9.15161188,24.08318916,COMPACT,3258.75,53.94634371,59.23681288,1.88,73.78,1,1055,1,1.5,1,SAFE,SAFE,2.75,3258.75,1054.68,6.08,–,2.75,869,706,–,426,–,6600,,9.15161188,24.08318916,COMPACT,3258.75,53.94634371,59.23681288,73.78,1,1055,1,1.5,1,SAFE,SAFE,426,–,–,,,,,9.15161188,24.08318916,COMPACT,2168.16,53.94634371,59.23681288,73.78,1,703.12,1,1.5,1,SAFE,SAFE,426,–,–
191,W14X398,W14X398,T,398,117,18.3,9.15161188,24.08318916,COMPACT,3003.75,53.94634371,59.23681288,1.77,73.78,1,972,1,1.5,1,SAFE,SAFE,2.92,3003.75,971.73,6.44,–,2.92,801,656,–,398,–,6000,,9.15161188,24.08318916,COMPACT,3003.75,53.94634371,59.23681288,73.78,1,972,1,1.5,1,SAFE,SAFE,398,–,–,,,,,9.15161188,24.08318916,COMPACT,1998.50,53.94634371,59.23681288,73.78,1,647.82,1,1.5,1,SAFE,SAFE,398,–,–
192,W14X370,W14X370,T,370,109,17.9,9.15161188,24.08318916,COMPACT,2760.00,53.94634371,59.23681288,1.66,73.78,1,891,1,1.5,1,SAFE,SAFE,3.10,2760,891.42,6.89,–,3.10,736,607,–,370,–,5440,,9.15161188,24.08318916,COMPACT,2760.00,53.94634371,59.23681288,73.78,1,891,1,1.5,1,SAFE,SAFE,370,–,–,,,,,9.15161188,24.08318916,COMPACT,1836.33,53.94634371,59.23681288,73.78,1,594.28,1,1.5,1,SAFE,SAFE,370,–,–
193,W14X342,W14X342,T,342,101,17.5,9.15161188,24.08318916,COMPACT,2520.00,53.94634371,59.23681288,1.54,73.78,1,809,1,1.5,1,SAFE,SAFE,3.31,2520,808.5,7.41,–,3.31,672,558,–,342,–,4900,,9.15161188,24.08318916,COMPACT,2520.00,53.94634371,59.23681288,73.78,1,809,1,1.5,1,SAFE,SAFE,342,–,–,,,,,9.15161188,24.08318916,COMPACT,1676.65,53.94634371,59.23681288,73.78,1,539.00,1,1.5,1,SAFE,SAFE,342,–,–
194,W14X311,W14X311,T,311,91.4,17.1,9.15161188,24.08318916,COMPACT,2261.25,53.94634371,59.23681288,1.41,73.78,1,723,1,1.5,1,SAFE,SAFE,3.59,2261.25,723.33,8.09,–,3.59,603,506,–,311,–,4330,,9.15161188,24.08318916,COMPACT,2261.25,53.94634371,59.23681288,73.78,1,723,1,1.5,1,SAFE,SAFE,311,–,–,,,,,9.15161188,24.08318916,COMPACT,1504.49,53.94634371,59.23681288,73.78,1,482.22,1,1.5,1,SAFE,SAFE,311,–,–
195,W14X283,W14X283,T,283,83.3,16.7,9.15161188,24.08318916,COMPACT,2032.50,53.94634371,59.23681288,1.29,73.78,1,646,1,1.5,1,SAFE,SAFE,3.89,2032.5,646.29,8.84,–,3.89,542,459,–,283,–,3840,,9.15161188,24.08318916,COMPACT,2032.50,53.94634371,59.23681288,73.78,1,646,1,1.5,1,SAFE,SAFE,283,–,–,,,,,9.15161188,24.08318916,COMPACT,1352.30,53.94634371,59.23681288,73.78,1,430.86,1,1.5,1,SAFE,SAFE,283,–,–
196,W14X257,W14X257,F,257,75.6,16.4,9.15161188,24.08318916,COMPACT,1826.25,53.94634371,59.23681288,1.18,73.78,1,581,1,1.5,1,SAFE,SAFE,4.23,1826.25,580.56,9.71,–,4.23,487,415,–,257,–,3400,,9.15161188,24.08318916,COMPACT,1826.25,53.94634371,59.23681288,73.78,1,581,1,1.5,1,SAFE,SAFE,257,–,–,,,,,9.15161188,24.08318916,COMPACT,1215.07,53.94634371,59.23681288,73.78,1,387.04,1,1.5,1,SAFE,SAFE,257,–,–
197,W14X233,W14X233,F,233,68.5,16.0,9.15161188,24.08318916,COMPACT,1635.00,53.94634371,59.23681288,1.07,73.78,1,514,1,1.5,1,SAFE,SAFE,4.62,1635,513.6,10.7,–,4.62,436,375,–,233,–,3010,,9.15161188,24.08318916,COMPACT,1635.00,53.94634371,59.23681288,73.78,1,514,1,1.5,1,SAFE,SAFE,233,–,–,,,,,9.15161188,24.08318916,COMPACT,1087.82,53.94634371,59.23681288,73.78,1,342.40,1,1.5,1,SAFE,SAFE,233,–,–
198,W14X211,W14X211,F,211,62.0,15.7,9.15161188,24.08318916,COMPACT,1462.50,53.94634371,59.23681288,0.980,73.78,1,462,1,1.5,1,SAFE,SAFE,5.06,1462.5,461.58,11.6,–,5.06,390,338,–,211,–,2660,,9.15161188,24.08318916,COMPACT,1462.50,53.94634371,59.23681288,73.78,1,462,1,1.5,1,SAFE,SAFE,211,–,–,,,,,9.15161188,24.08318916,COMPACT,973.05,53.94634371,59.23681288,73.78,1,307.72,1,1.5,1,SAFE,SAFE,211,–,–
199,W14X193,W14X193,F,193,56.8,15.5,9.15161188,24.08318916,COMPACT,1331.25,53.94634371,59.23681288,0.890,73.78,1,414,1,1.5,1,SAFE,SAFE,5.45,1331.25,413.85,12.8,–,5.45,355,310,–,193,–,2400,,9.15161188,24.08318916,COMPACT,1331.25,53.94634371,59.23681288,73.78,1,414,1,1.5,1,SAFE,SAFE,193,–,–,,,,,9.15161188,24.08318916,COMPACT,885.73,53.94634371,59.23681288,73.78,1,275.90,1,1.5,1,SAFE,SAFE,193,–,–
200,W14X176,W14X176,F,176,51.8,15.2,9.15161188,24.08318916,COMPACT,1200.00,53.94634371,59.23681288,0.830,73.78,1,378,1,1.5,1,SAFE,SAFE,5.97,1200,378.48,13.7,–,5.97,320,281,–,176,–,2140,,9.15161188,24.08318916,COMPACT,1200.00,53.94634371,59.23681288,73.78,1,378,1,1.5,1,SAFE,SAFE,176,–,–,,,,,9.15161188,24.08318916,COMPACT,798.40,53.94634371,59.23681288,73.78,1,252.32,1,1.5,1,SAFE,SAFE,176,–,–
201,W14X159,W14X159,F,159,46.7,15.0,9.15161188,24.08318916,COMPACT,1076.25,53.94634371,59.23681288,0.745,73.78,1,335,1,1.5,1,SAFE,SAFE,6.54,1076.25,335.25,15.3,–,6.54,287,254,–,159,–,1900,,9.15161188,24.08318916,COMPACT,1076.25,53.94634371,59.23681288,73.78,1,335,1,1.5,1,SAFE,SAFE,159,–,–,,,,,9.15161188,24.08318916,COMPACT,716.07,53.94634371,59.23681288,73.78,1,223.50,1,1.5,1,SAFE,SAFE,159,–,–
202,W14X145,W14X145,F,145,42.7,14.8,9.15161188,24.08318916,COMPACT,975.00,53.94634371,59.23681288,0.680,73.78,1,302,1,1.5,1,SAFE,SAFE,7.11,975,301.92,16.8,–,7.11,260,232,–,145,–,1710,,9.15161188,24.08318916,COMPACT,975.00,53.94634371,59.23681288,73.78,1,302,1,1.5,1,SAFE,SAFE,145,–,–,,,,,9.15161188,24.08318916,COMPACT,648.70,53.94634371,59.23681288,73.78,1,201.28,1,1.5,1,SAFE,SAFE,145,–,–
203,W14X132,W14X132,F,132,38.8,14.7,9.15161188,24.08318916,COMPACT,877.50,53.94634371,59.23681288,0.645,73.78,1,284,1,1.5,1,SAFE,SAFE,7.15,877.5,284.445,17.7,–,7.15,234,209,–,132,–,1530,,9.15161188,24.08318916,COMPACT,877.50,53.94634371,59.23681288,73.78,1,284,1,1.5,1,SAFE,SAFE,132,–,–,,,,,9.15161188,24.08318916,COMPACT,583.83,53.94634371,59.23681288,73.78,1,189.63,1,1.5,1,SAFE,SAFE,132,–,–
204,W14X120,W14X120,F,120,35.3,14.5,9.15161188,24.08318916,COMPACT,795.00,53.94634371,59.23681288,0.590,73.78,1,257,1,1.5,1,SAFE,SAFE,7.80,795,256.65,19.3,–,7.80,212,190,–,120,–,1380,,9.15161188,24.08318916,COMPACT,795.00,53.94634371,59.23681288,73.78,1,257,1,1.5,1,SAFE,SAFE,120,–,–,,,,,9.15161188,24.08318916,COMPACT,528.94,53.94634371,59.23681288,73.78,1,171.10,1,1.5,1,SAFE,SAFE,120,–,–
205,W14X109,W14X109,F,109,32.0,14.3,9.15161188,24.08318916,COMPACT,720.00,53.94634371,59.23681288,0.525,73.78,1,225,1,1.5,1,SAFE,SAFE,8.49,720,225.225,21.7,–,8.49,192,173,–,109,–,1240,,9.15161188,24.08318916,COMPACT,720.00,53.94634371,59.23681288,73.78,1,225,1,1.5,1,SAFE,SAFE,109,–,–,,,,,9.15161188,24.08318916,COMPACT,479.04,53.94634371,59.23681288,73.78,1,150.15,1,1.5,1,SAFE,SAFE,109,–,–
206,W14X99,W14X99,F,99.0,29.1,14.2,9.15161188,24.08318916,COMPACT,648.75,53.94634371,59.23681288,0.485,73.78,1,207,1,1.5,1,SAFE,SAFE,9.34,648.75,206.61,23.5,–,9.34,173,157,–,99,–,1110,,9.15161188,24.08318916,COMPACT,648.75,53.94634371,59.23681288,73.78,1,207,1,1.5,1,SAFE,SAFE,99,–,–,,,,,9.15161188,24.08318916,COMPACT,431.64,53.94634371,59.23681288,73.78,1,137.74,1,1.5,1,SAFE,SAFE,99,–,–
207,W14X90,W14X90,F,90.0,26.5,14.0,9.15161188,24.08318916,COMPACT,588.75,53.94634371,59.23681288,0.440,73.78,1,185,1,1.5,1,SAFE,SAFE,10.2,588.75,184.8,25.9,–,10.2,157,143,–,90,–,999,,9.15161188,24.08318916,COMPACT,588.75,53.94634371,59.23681288,73.78,1,185,1,1.5,1,SAFE,SAFE,90,–,–,,,,,9.15161188,24.08318916,COMPACT,391.72,53.94634371,59.23681288,73.78,1,123.20,1,1.5,1,SAFE,SAFE,90,–,–
208,W14X82,W14X82,F,82.0,24.0,14.3,9.15161188,24.08318916,COMPACT,521.25,53.94634371,59.23681288,0.510,73.78,1,219,1,1.5,1,NO,SAFE,5.92,10000,10000,22.4,–,5.92,139,123,–,10000,–,881,,9.15161188,24.08318916,COMPACT,521.25,53.94634371,59.23681288,73.78,1,219,1,1.5,1,NO,SAFE,10000,–,–,,,,,9.15161188,24.08318916,COMPACT,346.81,53.94634371,59.23681288,73.78,1,145.86,1,1.5,1,NO,SAFE,10000,–,–
209,W14X74,W14X74,F,74.0,21.8,14.2,9.15161188,24.08318916,COMPACT,472.50,53.94634371,59.23681288,0.450,73.78,1,192,1,1.5,1,NO,SAFE,6.41,10000,10000,25.4,–,6.41,126,112,–,10000,–,795,,9.15161188,24.08318916,COMPACT,472.50,53.94634371,59.23681288,73.78,1,192,1,1.5,1,NO,SAFE,10000,–,–,,,,,9.15161188,24.08318916,COMPACT,314.37,53.94634371,59.23681288,73.78,1,127.80,1,1.5,1,NO,SAFE,10000,–,–
210,W14X68,W14X68,F,68.0,20.0,14.0,9.15161188,24.08318916,COMPACT,431.25,53.94634371,59.23681288,0.415,73.78,1,174,1,1.5,1,NO,SAFE,6.97,10000,10000,27.5,–,6.97,115,103,–,10000,–,722,,9.15161188,24.08318916,COMPACT,431.25,53.94634371,59.23681288,73.78,1,174,1,1.5,1,NO,SAFE,10000,–,–,,,,,9.15161188,24.08318916,COMPACT,286.93,53.94634371,59.23681288,73.78,1,116.20,1,1.5,1,NO,SAFE,10000,–,–
211,W14X61,W14X61,F,61.0,17.9,13.9,9.15161188,24.08318916,COMPACT,382.50,53.94634371,59.23681288,0.375,73.78,1,156,1,1.5,1,NO,SAFE,7.75,10000,10000,30.4,–,7.75,102,92.1,–,10000,–,640,,9.15161188,24.08318916,COMPACT,382.50,53.94634371,59.23681288,73.78,1,156,1,1.5,1,NO,SAFE,10000,–,–,,,,,9.15161188,24.08318916,COMPACT,254.49,53.94634371,59.23681288,73.78,1,104.25,1,1.5,1,NO,SAFE,10000,–,–
212,W14X53,W14X53,F,53.0,15.6,13.9,9.15161188,24.08318916,COMPACT,326.63,53.94634371,59.23681288,0.370,73.78,1,154,1,1.5,1,NO,SAFE,6.11,10000,10000,30.9,–,6.11,87.1,77.8,–,10000,–,541,,9.15161188,24.08318916,COMPACT,326.63,53.94634371,59.23681288,73.78,1,154,1,1.5,1,NO,SAFE,10000,–,–,,,,,9.15161188,24.08318916,COMPACT,217.32,53.94634371,59.23681288,73.78,1,102.86,1,1.5,1,NO,SAFE,10000,–,–
213,W14X48,W14X48,F,48.0,14.1,13.8,9.15161188,24.08318916,COMPACT,294.00,53.94634371,59.23681288,0.340,73.78,1,141,1,1.5,1,NO,SAFE,6.75,10000,10000,33.6,–,6.75,78.4,70.2,–,10000,–,484,,9.15161188,24.08318916,COMPACT,294.00,53.94634371,59.23681288,73.78,1,141,1,1.5,1,NO,SAFE,10000,–,–,,,,,9.15161188,24.08318916,COMPACT,195.61,53.94634371,59.23681288,73.78,1,93.84,1,1.5,1,NO,SAFE,10000,–,–
214,W14X43,W14X43,F,43.0,12.6,13.7,9.15161188,24.08318916,COMPACT,261.00,53.94634371,59.23681288,0.305,73.78,1,125,1,1.5,1,NO,SAFE,7.54,10000,10000,37.4,–,7.54,69.6,62.6,–,10000,–,428,,9.15161188,24.08318916,COMPACT,261.00,53.94634371,59.23681288,73.78,1,125,1,1.5,1,NO,SAFE,10000,–,–,,,,,9.15161188,24.08318916,COMPACT,173.65,53.94634371,59.23681288,73.78,1,83.57,1,1.5,1,NO,SAFE,10000,–,–
215,W14X38,W14X38,F,38.0,11.2,14.1,9.15161188,24.08318916,COMPACT,230.63,53.94634371,59.23681288,0.310,73.78,1,131,1,1.5,1,NO,SAFE,6.57,10000,10000,39.6,–,6.57,61.5,54.6,–,10000,–,385,,9.15161188,24.08318916,COMPACT,230.63,53.94634371,59.23681288,73.78,1,131,1,1.5,1,NO,SAFE,10000,–,–,,,,,9.15161188,24.08318916,COMPACT,153.44,53.94634371,59.23681288,73.78,1,87.42,1,1.5,1,NO,SAFE,10000,–,–
216,W14X34,W14X34,F,34.0,10.0,14.0,9.15161188,24.08318916,COMPACT,204.75,53.94634371,59.23681288,0.285,73.78,1,120,1,1.5,1,NO,SAFE,7.41,10000,10000,43.1,–,7.41,54.6,48.6,–,10000,–,340,,9.15161188,24.08318916,COMPACT,204.75,53.94634371,59.23681288,73.78,1,120,1,1.5,1,NO,SAFE,10000,–,–,,,,,9.15161188,24.08318916,COMPACT,136.23,53.94634371,59.23681288,73.78,1,79.80,1,1.5,1,NO,SAFE,10000,–,–
217,W14X30,W14X30,F,30.0,8.85,13.8,9.15161188,24.08318916,COMPACT,177.38,53.94634371,59.23681288,0.270,73.78,1,112,1,1.5,1,NO,SAFE,8.74,10000,10000,45.4,–,8.74,47.3,42.0,–,10000,–,291,,9.15161188,24.08318916,COMPACT,177.38,53.94634371,59.23681288,73.78,1,112,1,1.5,1,NO,SAFE,10000,–,–,,,,,9.15161188,24.08318916,COMPACT,118.01,53.94634371,59.23681288,73.78,1,74.52,1,1.5,1,NO,SAFE,10000,–,–
218,W14X26,W14X26,F,26.0,7.69,13.9,9.15161188,24.08318916,COMPACT,150.75,53.94634371,59.23681288,0.255,73.78,1,106,1,1.5,1,NO,SAFE,5.98,10000,10000,48.1,–,5.98,40.2,35.3,–,10000,–,245,,9.15161188,24.08318916,COMPACT,150.75,53.94634371,59.23681288,73.78,1,106,1,1.5,1,NO,SAFE,10000,–,–,,,,,9.15161188,24.08318916,COMPACT,100.30,53.94634371,59.23681288,73.78,1,70.89,1,1.5,1,NO,SAFE,10000,–,–
219,W14X22,W14X22,F,22.0,6.49,13.7,9.15161188,24.08318916,COMPACT,124.50,53.94634371,59.23681288,0.230,73.78,1,95,1,1.5,1,NO,SAFE,7.46,10000,10000,53.3,–,7.46,33.2,29.0,–,10000,–,199,,9.15161188,24.08318916,COMPACT,124.50,53.94634371,59.23681288,73.78,1,95,1,1.5,1,NO,SAFE,10000,–,–,,,,,9.15161188,24.08318916,COMPACT,82.83,53.94634371,59.23681288,73.78,1,63.02,1,1.5,1,NO,SAFE,10000,–,–
220,W12X336,W12X336,T,336,98.9,16.8,9.15161188,24.08318916,COMPACT,2261.25,53.94634371,59.23681288,1.78,73.78,1,897,1,1.5,1,SAFE,SAFE,2.26,2261.25,897.12,5.47,–,2.26,603,483,–,336,–,4060,,9.15161188,24.08318916,COMPACT,2261.25,53.94634371,59.23681288,73.78,1,897,1,1.5,1,SAFE,SAFE,336,–,–,,,,,9.15161188,24.08318916,COMPACT,1504.49,53.94634371,59.23681288,73.78,1,598.08,1,1.5,1,SAFE,SAFE,336,–,–
221,W12X305,W12X305,T,305,89.5,16.3,9.15161188,24.08318916,COMPACT,2013.75,53.94634371,59.23681288,1.63,73.78,1,797,1,1.5,1,SAFE,SAFE,2.45,2013.75,797.07,5.98,–,2.45,537,435,–,305,–,3550,,9.15161188,24.08318916,COMPACT,2013.75,53.94634371,59.23681288,73.78,1,797,1,1.5,1,SAFE,SAFE,305,–,–,,,,,9.15161188,24.08318916,COMPACT,1339.82,53.94634371,59.23681288,73.78,1,531.38,1,1.5,1,SAFE,SAFE,305,–,–
222,W12X279,W12X279,T,279,81.9,15.9,9.15161188,24.08318916,COMPACT,1803.75,53.94634371,59.23681288,1.53,73.78,1,730,1,1.5,1,SAFE,SAFE,2.66,1803.75,729.81,6.35,–,2.66,481,393,–,279,–,3110,,9.15161188,24.08318916,COMPACT,1803.75,53.94634371,59.23681288,73.78,1,730,1,1.5,1,SAFE,SAFE,279,–,–,,,,,9.15161188,24.08318916,COMPACT,1200.10,53.94634371,59.23681288,73.78,1,486.54,1,1.5,1,SAFE,SAFE,279,–,–
223,W12X252,W12X252,T,252,74.1,15.4,9.15161188,24.08318916,COMPACT,1605.00,53.94634371,59.23681288,1.40,73.78,1,647,1,1.5,1,SAFE,SAFE,2.89,1605,646.8,6.96,–,2.89,428,353,–,252,–,2720,,9.15161188,24.08318916,COMPACT,1605.00,53.94634371,59.23681288,73.78,1,647,1,1.5,1,SAFE,SAFE,252,–,–,,,,,9.15161188,24.08318916,COMPACT,1067.86,53.94634371,59.23681288,73.78,1,431.20,1,1.5,1,SAFE,SAFE,252,–,–
224,W12X230,W12X230,T,230,67.7,15.1,9.15161188,24.08318916,COMPACT,1447.50,53.94634371,59.23681288,1.29,73.78,1,584,1,1.5,1,SAFE,SAFE,3.11,1447.5,584.37,7.56,–,3.11,386,321,–,230,–,2420,,9.15161188,24.08318916,COMPACT,1447.50,53.94634371,59.23681288,73.78,1,584,1,1.5,1,SAFE,SAFE,230,–,–,,,,,9.15161188,24.08318916,COMPACT,963.07,53.94634371,59.23681288,73.78,1,389.58,1,1.5,1,SAFE,SAFE,230,–,–
225,W12X210,W12X210,F,210,61.8,14.7,9.15161188,24.08318916,COMPACT,1305.00,53.94634371,59.23681288,1.18,73.78,1,520,1,1.5,1,SAFE,SAFE,3.37,1305,520.38,8.23,–,3.37,348,292,–,210,–,2140,,9.15161188,24.08318916,COMPACT,1305.00,53.94634371,59.23681288,73.78,1,520,1,1.5,1,SAFE,SAFE,210,–,–,,,,,9.15161188,24.08318916,COMPACT,868.26,53.94634371,59.23681288,73.78,1,346.92,1,1.5,1,SAFE,SAFE,210,–,–
226,W12X190,W12X190,F,190,56.0,14.4,9.15161188,24.08318916,COMPACT,1166.25,53.94634371,59.23681288,1.06,73.78,1,458,1,1.5,1,SAFE,SAFE,3.65,1166.25,457.92,9.16,–,3.65,311,263,–,190,–,1890,,9.15161188,24.08318916,COMPACT,1166.25,53.94634371,59.23681288,73.78,1,458,1,1.5,1,SAFE,SAFE,190,–,–,,,,,9.15161188,24.08318916,COMPACT,775.95,53.94634371,59.23681288,73.78,1,305.28,1,1.5,1,SAFE,SAFE,190,–,–
227,W12X170,W12X170,F,170,50.0,14.0,9.15161188,24.08318916,COMPACT,1031.25,53.94634371,59.23681288,0.960,73.78,1,403,1,1.5,1,SAFE,SAFE,4.03,1031.25,403.2,10.1,–,4.03,275,235,–,170,–,1650,,9.15161188,24.08318916,COMPACT,1031.25,53.94634371,59.23681288,73.78,1,403,1,1.5,1,SAFE,SAFE,170,–,–,,,,,9.15161188,24.08318916,COMPACT,686.13,53.94634371,59.23681288,73.78,1,268.80,1,1.5,1,SAFE,SAFE,170,–,–
228,W12X152,W12X152,F,152,44.7,13.7,9.15161188,24.08318916,COMPACT,911.25,53.94634371,59.23681288,0.870,73.78,1,358,1,1.5,1,SAFE,SAFE,4.46,911.25,357.57,11.2,–,4.46,243,209,–,152,–,1430,,9.15161188,24.08318916,COMPACT,911.25,53.94634371,59.23681288,73.78,1,358,1,1.5,1,SAFE,SAFE,152,–,–,,,,,9.15161188,24.08318916,COMPACT,606.29,53.94634371,59.23681288,73.78,1,238.38,1,1.5,1,SAFE,SAFE,152,–,–
229,W12X136,W12X136,F,136,39.9,13.4,9.15161188,24.08318916,COMPACT,802.50,53.94634371,59.23681288,0.790,73.78,1,318,1,1.5,1,SAFE,SAFE,4.96,802.5,317.58,12.3,–,4.96,214,186,–,136,–,1240,,9.15161188,24.08318916,COMPACT,802.50,53.94634371,59.23681288,73.78,1,318,1,1.5,1,SAFE,SAFE,136,–,–,,,,,9.15161188,24.08318916,COMPACT,533.93,53.94634371,59.23681288,73.78,1,211.72,1,1.5,1,SAFE,SAFE,136,–,–
230,W12X120,W12X120,F,120,35.2,13.1,9.15161188,24.08318916,COMPACT,697.50,53.94634371,59.23681288,0.710,73.78,1,279,1,1.5,1,SAFE,SAFE,5.57,697.5,279.03,13.7,–,5.57,186,163,–,120,–,1070,,9.15161188,24.08318916,COMPACT,697.50,53.94634371,59.23681288,73.78,1,279,1,1.5,1,SAFE,SAFE,120,–,–,,,,,9.15161188,24.08318916,COMPACT,464.07,53.94634371,59.23681288,73.78,1,186.02,1,1.5,1,SAFE,SAFE,120,–,–
231,W12X106,W12X106,F,106,31.2,12.9,9.15161188,24.08318916,COMPACT,615.00,53.94634371,59.23681288,0.610,73.78,1,236,1,1.5,1,SAFE,SAFE,6.17,615,236.07,15.9,–,6.17,164,145,–,106,–,933,,9.15161188,24.08318916,COMPACT,615.00,53.94634371,59.23681288,73.78,1,236,1,1.5,1,SAFE,SAFE,106,–,–,,,,,9.15161188,24.08318916,COMPACT,409.18,53.94634371,59.23681288,73.78,1,157.38,1,1.5,1,SAFE,SAFE,106,–,–
232,W12X96,W12X96,F,96.0,28.2,12.7,9.15161188,24.08318916,COMPACT,551.25,53.94634371,59.23681288,0.550,73.78,1,210,1,1.5,1,NO,SAFE,6.76,10000,10000,17.7,–,6.76,147,131,–,10000,–,833,,9.15161188,24.08318916,COMPACT,551.25,53.94634371,59.23681288,73.78,1,210,1,1.5,1,NO,SAFE,10000,–,–,,,,,9.15161188,24.08318916,COMPACT,366.77,53.94634371,59.23681288,73.78,1,139.70,1,1.5,1,NO,SAFE,10000,–,–
233,W12X87,W12X87,F,87.0,25.6,12.5,9.15161188,24.08318916,COMPACT,495.00,53.94634371,59.23681288,0.515,73.78,1,193,1,1.5,1,NO,SAFE,7.48,10000,10000,18.9,–,7.48,132,118,–,10000,–,740,,9.15161188,24.08318916,COMPACT,495.00,53.94634371,59.23681288,73.78,1,193,1,1.5,1,NO,SAFE,10000,–,–,,,,,9.15161188,24.08318916,COMPACT,329.34,53.94634371,59.23681288,73.78,1,128.75,1,1.5,1,NO,SAFE,10000,–,–
234,W12X79,W12X79,F,79.0,23.2,12.4,9.15161188,24.08318916,COMPACT,446.25,53.94634371,59.23681288,0.470,73.78,1,175,1,1.5,1,NO,SAFE,8.22,10000,10000,20.7,–,8.22,119,107,–,10000,–,662,,9.15161188,24.08318916,COMPACT,446.25,53.94634371,59.23681288,73.78,1,175,1,1.5,1,NO,SAFE,10000,–,–,,,,,9.15161188,24.08318916,COMPACT,296.91,53.94634371,59.23681288,73.78,1,116.56,1,1.5,1,NO,SAFE,10000,–,–
235,W12X72,W12X72,F,72.0,21.1,12.3,9.15161188,24.08318916,COMPACT,405.00,53.94634371,59.23681288,0.430,73.78,1,159,1,1.5,1,NO,SAFE,8.99,10000,10000,22.6,–,8.99,108,97.4,–,10000,–,597,,9.15161188,24.08318916,COMPACT,405.00,53.94634371,59.23681288,73.78,1,159,1,1.5,1,NO,SAFE,10000,–,–,,,,,9.15161188,24.08318916,COMPACT,269.46,53.94634371,59.23681288,73.78,1,105.78,1,1.5,1,NO,SAFE,10000,–,–
236,W12X65,W12X65,F,65.0,19.1,12.1,9.15161188,24.08318916,COMPACT,363.00,53.94634371,59.23681288,0.390,73.78,1,142,1,1.5,1,NO,SAFE,9.92,10000,10000,24.9,–,9.92,96.8,87.9,–,10000,–,533,,9.15161188,24.08318916,COMPACT,363.00,53.94634371,59.23681288,73.78,1,142,1,1.5,1,NO,SAFE,10000,–,–,,,,,9.15161188,24.08318916,COMPACT,241.52,53.94634371,59.23681288,73.78,1,94.38,1,1.5,1,NO,SAFE,10000,–,–
237,W12X58,W12X58,F,58.0,17.0,12.2,9.15161188,24.08318916,COMPACT,324.00,53.94634371,59.23681288,0.360,73.78,1,132,1,1.5,1,NO,SAFE,7.82,10000,10000,27.0,–,7.82,86.4,78.0,–,10000,–,475,,9.15161188,24.08318916,COMPACT,324.00,53.94634371,59.23681288,73.78,1,132,1,1.5,1,NO,SAFE,10000,–,–,,,,,9.15161188,24.08318916,COMPACT,215.57,53.94634371,59.23681288,73.78,1,87.84,1,1.5,1,NO,SAFE,10000,–,–
238,W12X53,W12X53,F,53.0,15.6,12.1,9.15161188,24.08318916,COMPACT,292.13,53.94634371,59.23681288,0.345,73.78,1,125,1,1.5,1,NO,SAFE,8.69,10000,10000,28.1,–,8.69,77.9,70.6,–,10000,–,425,,9.15161188,24.08318916,COMPACT,292.13,53.94634371,59.23681288,73.78,1,125,1,1.5,1,NO,SAFE,10000,–,–,,,,,9.15161188,24.08318916,COMPACT,194.36,53.94634371,59.23681288,73.78,1,83.49,1,1.5,1,NO,SAFE,10000,–,–
239,W12X50,W12X50,F,50.0,14.6,12.2,9.15161188,24.08318916,COMPACT,269.63,53.94634371,59.23681288,0.370,73.78,1,135,1,1.5,1,NO,SAFE,6.31,10000,10000,26.8,–,6.31,71.9,64.2,–,10000,–,391,,9.15161188,24.08318916,COMPACT,269.63,53.94634371,59.23681288,73.78,1,135,1,1.5,1,NO,SAFE,10000,–,–,,,,,9.15161188,24.08318916,COMPACT,179.39,53.94634371,59.23681288,73.78,1,90.28,1,1.5,1,NO,SAFE,10000,–,–
240,W12X45,W12X45,F,45.0,13.1,12.1,9.15161188,24.08318916,COMPACT,240.75,53.94634371,59.23681288,0.335,73.78,1,122,1,1.5,1,NO,SAFE,7.00,10000,10000,29.6,–,7.00,64.2,57.7,–,10000,–,348,,9.15161188,24.08318916,COMPACT,240.75,53.94634371,59.23681288,73.78,1,122,1,1.5,1,NO,SAFE,10000,–,–,,,,,9.15161188,24.08318916,COMPACT,160.18,53.94634371,59.23681288,73.78,1,81.07,1,1.5,1,NO,SAFE,10000,–,–
241,W12X40,W12X40,F,40.0,11.7,11.9,9.15161188,24.08318916,COMPACT,213.75,53.94634371,59.23681288,0.295,73.78,1,105,1,1.5,1,NO,SAFE,7.77,10000,10000,33.6,–,7.77,57.0,51.5,–,10000,–,307,,9.15161188,24.08318916,COMPACT,213.75,53.94634371,59.23681288,73.78,1,105,1,1.5,1,NO,SAFE,10000,–,–,,,,,9.15161188,24.08318916,COMPACT,142.22,53.94634371,59.23681288,73.78,1,70.21,1,1.5,1,NO,SAFE,10000,–,–
242,W12X35,W12X35,F,35.0,10.3,12.5,9.15161188,24.08318916,COMPACT,192.00,53.94634371,59.23681288,0.300,73.78,1,113,1,1.5,1,NO,SAFE,6.31,10000,10000,36.2,–,6.31,51.2,45.6,–,10000,–,285,,9.15161188,24.08318916,COMPACT,192.00,53.94634371,59.23681288,73.78,1,113,1,1.5,1,NO,SAFE,10000,–,–,,,,,9.15161188,24.08318916,COMPACT,127.74,53.94634371,59.23681288,73.78,1,75.00,1,1.5,1,NO,SAFE,10000,–,–
243,W12X30,W12X30,F,30.0,8.79,12.3,9.15161188,24.08318916,COMPACT,161.63,53.94634371,59.23681288,0.260,73.78,1,96,1,1.5,1,NO,SAFE,7.41,10000,10000,41.8,–,7.41,43.1,38.6,–,10000,–,238,,9.15161188,24.08318916,COMPACT,161.63,53.94634371,59.23681288,73.78,1,96,1,1.5,1,NO,SAFE,10000,–,–,,,,,9.15161188,24.08318916,COMPACT,107.53,53.94634371,59.23681288,73.78,1,63.96,1,1.5,1,NO,SAFE,10000,–,–
244,W12X26,W12X26,F,26.0,7.65,12.2,9.15161188,24.08318916,COMPACT,139.50,53.94634371,59.23681288,0.230,73.78,1,84,1,1.5,1,NO,SAFE,8.54,10000,10000,47.2,–,8.54,37.2,33.4,–,10000,–,204,,9.15161188,24.08318916,COMPACT,139.50,53.94634371,59.23681288,73.78,1,84,1,1.5,1,NO,SAFE,10000,–,–,,,,,9.15161188,24.08318916,COMPACT,92.81,53.94634371,59.23681288,73.78,1,56.12,1,1.5,1,NO,SAFE,10000,–,–
245,W12X22,W12X22,F,22.0,6.48,12.3,9.15161188,24.08318916,COMPACT,109.88,53.94634371,59.23681288,0.260,73.78,1,96,1,1.5,1,NO,SAFE,4.74,10000,10000,41.8,–,4.74,29.3,25.4,–,10000,–,156,,9.15161188,24.08318916,COMPACT,109.88,53.94634371,59.23681288,73.78,1,96,1,1.5,1,NO,SAFE,10000,–,–,,,,,9.15161188,24.08318916,COMPACT,73.10,53.94634371,59.23681288,73.78,1,63.96,1,1.5,1,NO,SAFE,10000,–,–
246,W12X19,W12X19,F,19.0,5.57,12.2,9.15161188,24.08318916,COMPACT,92.63,53.94634371,59.23681288,0.235,73.78,1,86,1,1.5,1,NO,SAFE,5.72,10000,10000,46.2,–,5.72,24.7,21.3,–,10000,–,130,,9.15161188,24.08318916,COMPACT,92.63,53.94634371,59.23681288,73.78,1,86,1,1.5,1,NO,SAFE,10000,–,–,,,,,9.15161188,24.08318916,COMPACT,61.63,53.94634371,59.23681288,73.78,1,57.34,1,1.5,1,NO,SAFE,10000,–,–
247,W12X16,W12X16,F,16.0,4.71,12.0,9.15161188,24.08318916,COMPACT,75.38,53.94634371,59.23681288,0.220,73.78,1,79,1,1.5,1,NO,SAFE,7.53,10000,10000,49.4,–,7.53,20.1,17.1,–,10000,–,103,,9.15161188,24.08318916,COMPACT,75.38,53.94634371,59.23681288,73.78,1,79,1,1.5,1,NO,SAFE,10000,–,–,,,,,9.15161188,24.08318916,COMPACT,50.15,53.94634371,59.23681288,73.78,1,52.80,1,1.5,1,NO,SAFE,10000,–,–
248,W12X14,W12X14,F,14.0,4.16,11.9,9.15161188,24.08318916,COMPACT,65.25,53.94634371,59.23681288,0.200,73.78,2,64,0.9,1.67,1,NO,SAFE,8.82,10000,10000,54.3,–,8.82,17.4,14.9,–,10000,–,88.6,,9.15161188,24.08318916,COMPACT,65.25,53.94634371,59.23681288,73.78,2,64,0.9,1.67,1,NO,SAFE,10000,–,–,,,,,9.15161188,24.08318916,COMPACT,43.41,53.94634371,59.23681288,73.78,2,42.75,0.9,1.67,1,NO,SAFE,10000,–,–
249,W10X112,W10X112,F,112,32.9,11.4,9.15161188,24.08318916,COMPACT,551.25,53.94634371,59.23681288,0.755,73.78,1,258,1,1.5,1,NO,SAFE,4.17,10000,10000,10.4,–,4.17,147,126,–,10000,–,716,,9.15161188,24.08318916,COMPACT,551.25,53.94634371,59.23681288,73.78,1,258,1,1.5,1,NO,SAFE,10000,–,–,,,,,9.15161188,24.08318916,COMPACT,366.77,53.94634371,59.23681288,73.78,1,172.14,1,1.5,1,NO,SAFE,10000,–,–
250,W10X100,W10X100,F,100,29.3,11.1,9.15161188,24.08318916,COMPACT,487.50,53.94634371,59.23681288,0.680,73.78,1,226,1,1.5,1,NO,SAFE,4.62,10000,10000,11.6,–,4.62,130,112,–,10000,–,623,,9.15161188,24.08318916,COMPACT,487.50,53.94634371,59.23681288,73.78,1,226,1,1.5,1,NO,SAFE,10000,–,–,,,,,9.15161188,24.08318916,COMPACT,324.35,53.94634371,59.23681288,73.78,1,150.96,1,1.5,1,NO,SAFE,10000,–,–
251,W10X88,W10X88,F,88.0,26.0,10.8,9.15161188,24.08318916,COMPACT,423.75,53.94634371,59.23681288,0.605,73.78,1,196,1,1.5,1,NO,SAFE,5.18,10000,10000,13.0,–,5.18,113,98.5,–,10000,–,534,,9.15161188,24.08318916,COMPACT,423.75,53.94634371,59.23681288,73.78,1,196,1,1.5,1,NO,SAFE,10000,–,–,,,,,9.15161188,24.08318916,COMPACT,281.94,53.94634371,59.23681288,73.78,1,130.68,1,1.5,1,NO,SAFE,10000,–,–
252,W10X77,W10X77,F,77.0,22.7,10.6,9.15161188,24.08318916,COMPACT,366.00,53.94634371,59.23681288,0.530,73.78,1,169,1,1.5,1,NO,SAFE,5.86,10000,10000,14.8,–,5.86,97.6,85.9,–,10000,–,455,,9.15161188,24.08318916,COMPACT,366.00,53.94634371,59.23681288,73.78,1,169,1,1.5,1,NO,SAFE,10000,–,–,,,,,9.15161188,24.08318916,COMPACT,243.51,53.94634371,59.23681288,73.78,1,112.36,1,1.5,1,NO,SAFE,10000,–,–
253,W10X68,W10X68,F,68.0,19.9,10.4,9.15161188,24.08318916,COMPACT,319.88,53.94634371,59.23681288,0.470,73.78,1,147,1,1.5,1,NO,SAFE,6.58,10000,10000,16.7,–,6.58,85.3,75.7,–,10000,–,394,,9.15161188,24.08318916,COMPACT,319.88,53.94634371,59.23681288,73.78,1,147,1,1.5,1,NO,SAFE,10000,–,–,,,,,9.15161188,24.08318916,COMPACT,212.82,53.94634371,59.23681288,73.78,1,97.76,1,1.5,1,NO,SAFE,10000,–,–
254,W10X60,W10X60,F,60.0,17.7,10.2,9.15161188,24.08318916,COMPACT,279.75,53.94634371,59.23681288,0.420,73.78,1,129,1,1.5,1,NO,SAFE,7.41,10000,10000,18.7,–,7.41,74.6,66.7,–,10000,–,341,,9.15161188,24.08318916,COMPACT,279.75,53.94634371,59.23681288,73.78,1,129,1,1.5,1,NO,SAFE,10000,–,–,,,,,9.15161188,24.08318916,COMPACT,186.13,53.94634371,59.23681288,73.78,1,85.68,1,1.5,1,NO,SAFE,10000,–,–
255,W10X54,W10X54,F,54.0,15.8,10.1,9.15161188,24.08318916,COMPACT,249.75,53.94634371,59.23681288,0.370,73.78,1,112,1,1.5,1,NO,SAFE,8.15,10000,10000,21.2,–,8.15,66.6,60.0,–,10000,–,303,,9.15161188,24.08318916,COMPACT,249.75,53.94634371,59.23681288,73.78,1,112,1,1.5,1,NO,SAFE,10000,–,–,,,,,9.15161188,24.08318916,COMPACT,166.17,53.94634371,59.23681288,73.78,1,74.74,1,1.5,1,NO,SAFE,10000,–,–
256,W10X49,W10X49,F,49.0,14.4,10.0,9.15161188,24.08318916,COMPACT,226.50,53.94634371,59.23681288,0.340,73.78,1,102,1,1.5,1,NO,SAFE,8.93,10000,10000,23.1,–,8.93,60.4,54.6,–,10000,–,272,,9.15161188,24.08318916,COMPACT,226.50,53.94634371,59.23681288,73.78,1,102,1,1.5,1,NO,SAFE,10000,–,–,,,,,9.15161188,24.08318916,COMPACT,150.70,53.94634371,59.23681288,73.78,1,68.00,1,1.5,1,NO,SAFE,10000,–,–
257,W10X45,W10X45,F,45.0,13.3,10.1,9.15161188,24.08318916,COMPACT,205.88,53.94634371,59.23681288,0.350,73.78,1,106,1,1.5,1,NO,SAFE,6.47,10000,10000,22.5,–,6.47,54.9,49.1,–,10000,–,248,,9.15161188,24.08318916,COMPACT,205.88,53.94634371,59.23681288,73.78,1,106,1,1.5,1,NO,SAFE,10000,–,–,,,,,9.15161188,24.08318916,COMPACT,136.98,53.94634371,59.23681288,73.78,1,70.70,1,1.5,1,NO,SAFE,10000,–,–
258,W10X39,W10X39,F,39.0,11.5,9.92,9.15161188,24.08318916,COMPACT,175.50,53.94634371,59.23681288,0.315,73.78,1,94,1,1.5,1,NO,SAFE,7.53,10000,10000,25.0,–,7.53,46.8,42.1,–,10000,–,209,,9.15161188,24.08318916,COMPACT,175.50,53.94634371,59.23681288,73.78,1,94,1,1.5,1,NO,SAFE,10000,–,–,,,,,9.15161188,24.08318916,COMPACT,116.77,53.94634371,59.23681288,73.78,1,62.50,1,1.5,1,NO,SAFE,10000,–,–
259,W10X33,W10X33,F,33.0,9.71,9.73,9.15161188,24.08318916,COMPACT,145.50,53.94634371,59.23681288,0.290,73.78,1,85,1,1.5,1,NO,SAFE,9.15,10000,10000,27.1,–,9.15,38.8,35.0,–,10000,–,171,,9.15161188,24.08318916,COMPACT,145.50,53.94634371,59.23681288,73.78,1,85,1,1.5,1,NO,SAFE,10000,–,–,,,,,9.15161188,24.08318916,COMPACT,96.81,53.94634371,59.23681288,73.78,1,56.43,1,1.5,1,NO,SAFE,10000,–,–
260,W10X30,W10X30,F,30.0,8.84,10.5,9.15161188,24.08318916,COMPACT,137.25,53.94634371,59.23681288,0.300,73.78,1,95,1,1.5,1,NO,SAFE,5.70,10000,10000,29.5,–,5.70,36.6,32.4,–,10000,–,170,,9.15161188,24.08318916,COMPACT,137.25,53.94634371,59.23681288,73.78,1,95,1,1.5,1,NO,SAFE,10000,–,–,,,,,9.15161188,24.08318916,COMPACT,91.32,53.94634371,59.23681288,73.78,1,63.00,1,1.5,1,NO,SAFE,10000,–,–
261,W10X26,W10X26,F,26.0,7.61,10.3,9.15161188,24.08318916,COMPACT,117.38,53.94634371,59.23681288,0.260,73.78,1,80,1,1.5,1,NO,SAFE,6.56,10000,10000,34.0,–,6.56,31.3,27.9,–,10000,–,144,,9.15161188,24.08318916,COMPACT,117.38,53.94634371,59.23681288,73.78,1,80,1,1.5,1,NO,SAFE,10000,–,–,,,,,9.15161188,24.08318916,COMPACT,78.09,53.94634371,59.23681288,73.78,1,53.56,1,1.5,1,NO,SAFE,10000,–,–
262,W10X22,W10X22,F,22.0,6.49,10.2,9.15161188,24.08318916,COMPACT,97.50,53.94634371,59.23681288,0.240,73.78,1,73,1,1.5,1,NO,SAFE,7.99,10000,10000,36.9,–,7.99,26.0,23.2,–,10000,–,118,,9.15161188,24.08318916,COMPACT,97.50,53.94634371,59.23681288,73.78,1,73,1,1.5,1,NO,SAFE,10000,–,–,,,,,9.15161188,24.08318916,COMPACT,64.87,53.94634371,59.23681288,73.78,1,48.96,1,1.5,1,NO,SAFE,10000,–,–
263,W10X19,W10X19,F,19.0,5.62,10.2,9.15161188,24.08318916,COMPACT,81.00,53.94634371,59.23681288,0.250,73.78,1,77,1,1.5,1,NO,SAFE,5.09,10000,10000,35.4,–,5.09,21.6,18.8,–,10000,–,96.3,,9.15161188,24.08318916,COMPACT,81.00,53.94634371,59.23681288,73.78,1,77,1,1.5,1,NO,SAFE,10000,–,–,,,,,9.15161188,24.08318916,COMPACT,53.89,53.94634371,59.23681288,73.78,1,51.00,1,1.5,1,NO,SAFE,10000,–,–
264,W10X17,W10X17,F,17.0,4.99,10.1,9.15161188,24.08318916,COMPACT,70.13,53.94634371,59.23681288,0.240,73.78,1,73,1,1.5,1,NO,SAFE,6.08,10000,10000,36.9,–,6.08,18.7,16.2,–,10000,–,81.9,,9.15161188,24.08318916,COMPACT,70.13,53.94634371,59.23681288,73.78,1,73,1,1.5,1,NO,SAFE,10000,–,–,,,,,9.15161188,24.08318916,COMPACT,46.66,53.94634371,59.23681288,73.78,1,48.48,1,1.5,1,NO,SAFE,10000,–,–
265,W10X15,W10X15,F,15.0,4.41,9.99,9.15161188,24.08318916,COMPACT,60.00,53.94634371,59.23681288,0.230,73.78,1,69,1,1.5,1,NO,SAFE,7.41,10000,10000,38.5,–,7.41,16.0,13.8,–,10000,–,68.9,,9.15161188,24.08318916,COMPACT,60.00,53.94634371,59.23681288,73.78,1,69,1,1.5,1,NO,SAFE,10000,–,–,,,,,9.15161188,24.08318916,COMPACT,39.92,53.94634371,59.23681288,73.78,1,45.95,1,1.5,1,NO,SAFE,10000,–,–
266,W10X12,W10X12,F,12.0,3.54,9.87,9.15161188,24.08318916,COMPACT,47.25,53.94634371,59.23681288,0.190,73.78,1,56,1,1.5,1,NO,SAFE,9.43,10000,10000,46.6,–,9.43,12.6,10.9,–,10000,–,53.8,,9.15161188,24.08318916,COMPACT,47.25,53.94634371,59.23681288,73.78,1,56,1,1.5,1,NO,SAFE,10000,–,–,,,,,9.15161188,24.08318916,COMPACT,31.44,53.94634371,59.23681288,73.78,1,37.51,1,1.5,1,NO,SAFE,10000,–,–
267,W8X67,W8X67,F,67.0,19.7,9.00,9.15161188,24.08318916,COMPACT,262.88,53.94634371,59.23681288,0.570,73.78,1,154,1,1.5,1,NO,SAFE,4.43,10000,10000,11.1,–,4.43,70.1,60.4,–,10000,–,272,,9.15161188,24.08318916,COMPACT,262.88,53.94634371,59.23681288,73.78,1,154,1,1.5,1,NO,SAFE,10000,–,–,,,,,9.15161188,24.08318916,COMPACT,174.90,53.94634371,59.23681288,73.78,1,102.60,1,1.5,1,NO,SAFE,10000,–,–
268,W8X58,W8X58,F,58.0,17.1,8.75,9.15161188,24.08318916,COMPACT,224.25,53.94634371,59.23681288,0.510,73.78,1,134,1,1.5,1,NO,SAFE,5.07,10000,10000,12.4,–,5.07,59.8,52.0,–,10000,–,228,,9.15161188,24.08318916,COMPACT,224.25,53.94634371,59.23681288,73.78,1,134,1,1.5,1,NO,SAFE,10000,–,–,,,,,9.15161188,24.08318916,COMPACT,149.20,53.94634371,59.23681288,73.78,1,89.25,1,1.5,1,NO,SAFE,10000,–,–
269,W8X48,W8X48,F,48.0,14.1,8.50,9.15161188,24.08318916,COMPACT,183.75,53.94634371,59.23681288,0.400,73.78,1,102,1,1.5,1,NO,SAFE,5.92,10000,10000,15.9,–,5.92,49.0,43.2,–,10000,–,184,,9.15161188,24.08318916,COMPACT,183.75,53.94634371,59.23681288,73.78,1,102,1,1.5,1,NO,SAFE,10000,–,–,,,,,9.15161188,24.08318916,COMPACT,122.26,53.94634371,59.23681288,73.78,1,68.00,1,1.5,1,NO,SAFE,10000,–,–
270,W8X40,W8X40,F,40.0,11.7,8.25,9.15161188,24.08318916,COMPACT,149.25,53.94634371,59.23681288,0.360,73.78,1,89,1,1.5,1,NO,SAFE,7.21,10000,10000,17.6,–,7.21,39.8,35.5,–,10000,–,146,,9.15161188,24.08318916,COMPACT,149.25,53.94634371,59.23681288,73.78,1,89,1,1.5,1,NO,SAFE,10000,–,–,,,,,9.15161188,24.08318916,COMPACT,99.30,53.94634371,59.23681288,73.78,1,59.40,1,1.5,1,NO,SAFE,10000,–,–
271,W8X35,W8X35,F,35.0,10.3,8.12,9.15161188,24.08318916,COMPACT,130.13,53.94634371,59.23681288,0.310,73.78,1,76,1,1.5,1,NO,SAFE,8.10,10000,10000,20.5,–,8.10,34.7,31.2,–,10000,–,127,,9.15161188,24.08318916,COMPACT,130.13,53.94634371,59.23681288,73.78,1,76,1,1.5,1,NO,SAFE,10000,–,–,,,,,9.15161188,24.08318916,COMPACT,86.58,53.94634371,59.23681288,73.78,1,50.34,1,1.5,1,NO,SAFE,10000,–,–
272,W8X31,W8X31,F,31.0,9.13,8.00,9.15161188,24.08318916,COMPACT,114.00,53.94634371,59.23681288,0.285,73.78,1,68,1,1.5,1,NO,SAFE,9.19,10000,10000,22.3,–,9.19,30.4,27.5,–,10000,–,110,,9.15161188,24.08318916,COMPACT,114.00,53.94634371,59.23681288,73.78,1,68,1,1.5,1,NO,SAFE,10000,–,–,,,,,9.15161188,24.08318916,COMPACT,75.85,53.94634371,59.23681288,73.78,1,45.60,1,1.5,1,NO,SAFE,10000,–,–
273,W8X28,W8X28,F,28.0,8.25,8.06,9.15161188,24.08318916,COMPACT,102.00,53.94634371,59.23681288,0.285,73.78,1,69,1,1.5,1,NO,SAFE,7.03,10000,10000,22.3,–,7.03,27.2,24.3,–,10000,–,98.0,,9.15161188,24.08318916,COMPACT,102.00,53.94634371,59.23681288,73.78,1,69,1,1.5,1,NO,SAFE,10000,–,–,,,,,9.15161188,24.08318916,COMPACT,67.86,53.94634371,59.23681288,73.78,1,45.94,1,1.5,1,NO,SAFE,10000,–,–
274,W8X24,W8X24,F,24.0,7.08,7.93,9.15161188,24.08318916,COMPACT,86.63,53.94634371,59.23681288,0.245,73.78,1,58,1,1.5,1,NO,SAFE,8.12,10000,10000,25.9,–,8.12,23.1,20.9,–,10000,–,82.7,,9.15161188,24.08318916,COMPACT,86.63,53.94634371,59.23681288,73.78,1,58,1,1.5,1,NO,SAFE,10000,–,–,,,,,9.15161188,24.08318916,COMPACT,57.63,53.94634371,59.23681288,73.78,1,38.86,1,1.5,1,NO,SAFE,10000,–,–
275,W8X21,W8X21,F,21.0,6.16,8.28,9.15161188,24.08318916,COMPACT,76.50,53.94634371,59.23681288,0.250,73.78,1,62,1,1.5,1,NO,SAFE,6.59,10000,10000,27.5,–,6.59,20.4,18.2,–,10000,–,75.3,,9.15161188,24.08318916,COMPACT,76.50,53.94634371,59.23681288,73.78,1,62,1,1.5,1,NO,SAFE,10000,–,–,,,,,9.15161188,24.08318916,COMPACT,50.90,53.94634371,59.23681288,73.78,1,41.40,1,1.5,1,NO,SAFE,10000,–,–
276,W8X18,W8X18,F,18.0,5.26,8.14,9.15161188,24.08318916,COMPACT,63.75,53.94634371,59.23681288,0.230,73.78,1,56,1,1.5,1,NO,SAFE,7.95,10000,10000,29.9,–,7.95,17.0,15.2,–,10000,–,61.9,,9.15161188,24.08318916,COMPACT,63.75,53.94634371,59.23681288,73.78,1,56,1,1.5,1,NO,SAFE,10000,–,–,,,,,9.15161188,24.08318916,COMPACT,42.42,53.94634371,59.23681288,73.78,1,37.44,1,1.5,1,NO,SAFE,10000,–,–
277,W8X15,W8X15,F,15.0,4.44,8.11,9.15161188,24.08318916,COMPACT,51.00,53.94634371,59.23681288,0.245,73.78,1,60,1,1.5,1,NO,SAFE,6.37,10000,10000,28.1,–,6.37,13.6,11.8,–,10000,–,48.0,,9.15161188,24.08318916,COMPACT,51.00,53.94634371,59.23681288,73.78,1,60,1,1.5,1,NO,SAFE,10000,–,–,,,,,9.15161188,24.08318916,COMPACT,33.93,53.94634371,59.23681288,73.78,1,39.74,1,1.5,1,NO,SAFE,10000,–,–
278,W8X13,W8X13,F,13.0,3.84,7.99,9.15161188,24.08318916,COMPACT,42.75,53.94634371,59.23681288,0.230,73.78,1,55,1,1.5,1,NO,SAFE,7.84,10000,10000,29.9,–,7.84,11.4,9.91,–,10000,–,39.6,,9.15161188,24.08318916,COMPACT,42.75,53.94634371,59.23681288,73.78,1,55,1,1.5,1,NO,SAFE,10000,–,–,,,,,9.15161188,24.08318916,COMPACT,28.44,53.94634371,59.23681288,73.78,1,36.75,1,1.5,1,NO,SAFE,10000,–,–
279,W8X10,W8X10,F,10.0,2.96,7.89,9.15161188,24.08318916,COMPACT,33.26,53.94634371,59.23681288,0.170,73.78,1,40,1,1.5,1,NO,NO,9.61,10000,10000,40.5,–,9.61,8.87,7.81,–,10000,–,30.8,,9.15161188,24.08318916,COMPACT,33.26,53.94634371,59.23681288,73.78,1,40,1,1.5,1,NO,NO,10000,–,–,,,,,9.15161188,24.08318916,COMPACT,22.13,53.94634371,59.23681288,73.78,1,26.83,1,1.5,1,NO,NO,10000,–,–
280,W6X25,W6X25,F,25.0,7.34,6.38,9.15161188,24.08318916,COMPACT,70.88,53.94634371,59.23681288,0.320,73.78,1,61,1,1.5,1,NO,SAFE,6.68,10000,10000,15.5,–,6.68,18.9,16.7,–,10000,–,53.4,,9.15161188,24.08318916,COMPACT,70.88,53.94634371,59.23681288,73.78,1,61,1,1.5,1,NO,SAFE,10000,–,–,,,,,9.15161188,24.08318916,COMPACT,47.16,53.94634371,59.23681288,73.78,1,40.83,1,1.5,1,NO,SAFE,10000,–,–
281,W6X20,W6X20,F,20.0,5.87,6.20,9.15161188,24.08318916,COMPACT,55.88,53.94634371,59.23681288,0.260,73.78,1,48,1,1.5,1,NO,SAFE,8.25,10000,10000,19.1,–,8.25,14.9,13.4,–,10000,–,41.4,,9.15161188,24.08318916,COMPACT,55.88,53.94634371,59.23681288,73.78,1,48,1,1.5,1,NO,SAFE,10000,–,–,,,,,9.15161188,24.08318916,COMPACT,37.18,53.94634371,59.23681288,73.78,1,32.24,1,1.5,1,NO,SAFE,10000,–,–
282,W6X15,W6X15,F,15.0,4.43,5.99,9.15161188,24.08318916,COMPACT,40.50,53.94634371,59.23681288,0.230,73.78,1,41,1,1.5,1,NO,NO,11.5,10000,10000,21.6,–,11.5,10.8,9.72,–,10000,–,29.1,,9.15161188,24.08318916,COMPACT,40.50,53.94634371,59.23681288,73.78,1,41,1,1.5,1,NO,NO,10000,–,–,,,,,9.15161188,24.08318916,COMPACT,26.95,53.94634371,59.23681288,73.78,1,27.55,1,1.5,1,NO,SAFE,10000,–,–
283,W6X16,W6X16,F,16.0,4.74,6.28,9.15161188,24.08318916,COMPACT,43.88,53.94634371,59.23681288,0.260,73.78,1,49,1,1.5,1,NO,SAFE,4.98,10000,10000,19.1,–,4.98,11.7,10.2,–,10000,–,32.1,,9.15161188,24.08318916,COMPACT,43.88,53.94634371,59.23681288,73.78,1,49,1,1.5,1,NO,SAFE,10000,–,–,,,,,9.15161188,24.08318916,COMPACT,29.19,53.94634371,59.23681288,73.78,1,32.66,1,1.5,1,NO,SAFE,10000,–,–
284,W6X12,W6X12,F,12.0,3.55,6.03,9.15161188,24.08318916,COMPACT,31.13,53.94634371,59.23681288,0.230,73.78,1,42,1,1.5,1,NO,NO,7.14,10000,10000,21.6,–,7.14,8.30,7.31,–,10000,–,22.1,,9.15161188,24.08318916,COMPACT,31.13,53.94634371,59.23681288,73.78,1,42,1,1.5,1,NO,NO,10000,–,–,,,,,9.15161188,24.08318916,COMPACT,20.71,53.94634371,59.23681288,73.78,1,27.74,1,1.5,1,NO,SAFE,10000,–,–
285,W6X9,W6X9,F,9.00,2.68,5.90,9.15161188,24.08318916,COMPACT,23.36,53.94634371,59.23681288,0.170,73.78,1,30,1,1.5,1,NO,NO,9.16,10000,10000,29.2,–,9.16,6.23,5.56,–,10000,–,16.4,,9.15161188,24.08318916,COMPACT,23.36,53.94634371,59.23681288,73.78,1,30,1,1.5,1,NO,NO,10000,–,–,,,,,9.15161188,24.08318916,COMPACT,15.54,53.94634371,59.23681288,73.78,1,20.06,1,1.5,1,NO,NO,10000,–,–
286,W6X8.5,W6X8.5,F,8.50,2.52,5.83,9.15161188,24.08318916,COMPACT,21.49,53.94634371,59.23681288,0.170,73.78,1,30,1,1.5,1,NO,NO,10.1,10000,10000,29.1,–,10.1,5.73,5.10,–,10000,–,14.9,,9.15161188,24.08318916,COMPACT,21.49,53.94634371,59.23681288,73.78,1,30,1,1.5,1,NO,NO,10000,–,–,,,,,9.15161188,24.08318916,COMPACT,14.30,53.94634371,59.23681288,73.78,1,19.82,1,1.5,1,NO,NO,10000,–,–
287,W5X19,W5X19,F,19.0,5.56,5.15,9.15161188,24.08318916,COMPACT,43.50,53.94634371,59.23681288,0.270,73.78,1,42,1,1.5,1,NO,NO,5.85,10000,10000,13.7,–,5.85,11.6,10.2,–,10000,–,26.3,,9.15161188,24.08318916,COMPACT,43.50,53.94634371,59.23681288,73.78,1,42,1,1.5,1,NO,NO,10000,–,–,,,,,9.15161188,24.08318916,COMPACT,28.94,53.94634371,59.23681288,73.78,1,27.81,1,1.5,1,NO,SAFE,10000,–,–
288,W5X16,W5X16,F,16.0,4.71,5.01,9.15161188,24.08318916,COMPACT,36.11,53.94634371,59.23681288,0.240,73.78,1,36,1,1.5,1,NO,NO,6.94,10000,10000,15.4,–,6.94,9.63,8.55,–,10000,–,21.4,,9.15161188,24.08318916,COMPACT,36.11,53.94634371,59.23681288,73.78,1,36,1,1.5,1,NO,NO,10000,–,–,,,,,9.15161188,24.08318916,COMPACT,24.03,53.94634371,59.23681288,73.78,1,24.05,1,1.5,1,NO,NO,10000,–,–
289,W4X13,W4X13,F,13.0,3.83,4.16,9.15161188,24.08318916,COMPACT,23.55,53.94634371,59.23681288,0.280,73.78,1,35,1,1.5,1,NO,NO,5.88,10000,10000,10.6,–,5.88,6.28,5.46,–,–,–,11.3,,9.15161188,24.08318916,COMPACT,23.55,53.94634371,59.23681288,73.78,1,35,1,1.5,1,NO,NO,10000,–,–,,,,,9.15161188,24.08318916,COMPACT,15.67,53.94634371,59.23681288,73.78,1,23.30,1,1.5,1,NO,NO,10000,–,–
,,,,,,,,,,,,,,,,,,,,,,,,,,,,,,,,,89.3,,,,,,,,,,,,,,,,,,,,,,,,,,,,,,,,,,,,,,,
,,,,,,,,,,,,,,,,,,,,,,,,,,,,,,,,,80.3,,,,,,,,,,,,,,,,,,,,,,,,,,,,,,,,,,,,,,,
,,,,,,,,,,,,,,,,,,,,,,,,,,,,,,,,,72.2,,,,,,,,,,,,,,,,,,,,,,,,,,,,,,,,,,,,,,,
,,,,,,,,,,,,,,,,,,,,,,,,,,,,,,,,,66.7,,,,,,,,,,,,,,,,,,,,,,,,,,,,,,,,,,,,,,,
,,,,,,,,,,,,,,,,,,,,,,,,,,,,,,,,,61.7,,,,,,,,,,,,,,,,,,,,,,,,,,,,,,,,,,,,,,,
,,,,,,,,,,,,,,,,,,,,,,,,,,,,,,,,,39.0,,,,,,,,,,,,,,,,,,,,,,,,,,,,,,,,,,,,,,,
,,,,,,,,,,,,,,,,,,,,,,,,,,,,,,,,,34.6,,,,,,,,,,,,,,,,,,,,,,,,,,,,,,,,,,,,,,,
,,,,,,,,,,,,,,,,,,,,,,,,,,,,,,,,,33.0,,,,,,,,,,,,,,,,,,,,,,,,,,,,,,,,,,,,,,,
,,,,,,,,,,,,,,,,,,,,,,,,,,,,,,,,,18.5,,,,,,,,,,,,,,,,,,,,,,,,,,,,,,,,,,,,,,,
,,,,,,,,,,,,,,,,,,,,,,,,,,,,,,,,,17.6,,,,,,,,,,,,,,,,,,,,,,,,,,,,,,,,,,,,,,,
,,,,,,,,,,,,,,,,,,,,,,,,,,,,,,,,,7.23,,,,,,,,,,,,,,,,,,,,,,,,,,,,,,,,,,,,,,,
,,,,,,,,,,,,,,,,,,,,,,,,,,,,,,,,,5.96,,,,,,,,,,,,,,,,,,,,,,,,,,,,,,,,,,,,,,,
,,,,,,,,,,,,,,,,,,,,,,,,,,,,,,,,,24.2,,,,,,,,,,,,,,,,,,,,,,,,,,,,,,,,,,,,,,,
,,,,,,,,,,,,,,,,,,,,,,,,,,,,,,,,,4.72,,,,,,,,,,,,,,,,,,,,,,,,,,,,,,,,,,,,,,,
,,,,,,,,,,,,,,,,,,,,,,,,,,,,,,,,,3.53,,,,,,,,,,,,,,,,,,,,,,,,,,,,,,,,,,,,,,,
,,,,,,,,,,,,,,,,,,,,,,,,,,,,,,,,,1.50,,,,,,,,,,,,,,,,,,,,,,,,,,,,,,,,,,,,,,,
,,,,,,,,,,,,,,,,,,,,,,,,,,,,,,,,,3160,,,,,,,,,,,,,,,,,,,,,,,,,,,,,,,,,,,,,,,
,,,,,,,,,,,,,,,,,,,,,,,,,,,,,,,,,2940,,,,,,,,,,,,,,,,,,,,,,,,,,,,,,,,,,,,,,,
,,,,,,,,,,,,,,,,,,,,,,,,,,,,,,,,,2380,,,,,,,,,,,,,,,,,,,,,,,,,,,,,,,,,,,,,,,
,,,,,,,,,,,,,,,,,,,,,,,,,,,,,,,,,2250,,,,,,,,,,,,,,,,,,,,,,,,,,,,,,,,,,,,,,,
,,,,,,,,,,,,,,,,,,,,,,,,,,,,,,,,,2100,,,,,,,,,,,,,,,,,,,,,,,,,,,,,,,,,,,,,,,
,,,,,,,,,,,,,,,,,,,,,,,,,,,,,,,,,1670,,,,,,,,,,,,,,,,,,,,,,,,,,,,,,,,,,,,,,,
,,,,,,,,,,,,,,,,,,,,,,,,,,,,,,,,,1570,,,,,,,,,,,,,,,,,,,,,,,,,,,,,,,,,,,,,,,
,,,,,,,,,,,,,,,,,,,,,,,,,,,,,,,,,1280,,,,,,,,,,,,,,,,,,,,,,,,,,,,,,,,,,,,,,,
,,,,,,,,,,,,,,,,,,,,,,,,,,,,,,,,,1190,,,,,,,,,,,,,,,,,,,,,,,,,,,,,,,,,,,,,,,
,,,,,,,,,,,,,,,,,,,,,,,,,,,,,,,,,923,,,,,,,,,,,,,,,,,,,,,,,,,,,,,,,,,,,,,,,
,,,,,,,,,,,,,,,,,,,,,,,,,,,,,,,,,801,,,,,,,,,,,,,,,,,,,,,,,,,,,,,,,,,,,,,,,
,,,,,,,,,,,,,,,,,,,,,,,,,,,,,,,,,485,,,,,,,,,,,,,,,,,,,,,,,,,,,,,,,,,,,,,,,
,,,,,,,,,,,,,,,,,,,,,,,,,,,,,,,,,446,,,,,,,,,,,,,,,,,,,,,,,,,,,,,,,,,,,,,,,
,,,,,,,,,,,,,,,,,,,,,,,,,,,,,,,,,303,,,,,,,,,,,,,,,,,,,,,,,,,,,,,,,,,,,,,,,
,,,,,,,,,,,,,,,,,,,,,,,,,,,,,,,,,270,,,,,,,,,,,,,,,,,,,,,,,,,,,,,,,,,,,,,,,
,,,,,,,,,,,,,,,,,,,,,,,,,,,,,,,,,228,,,,,,,,,,,,,,,,,,,,,,,,,,,,,,,,,,,,,,,
,,,,,,,,,,,,,,,,,,,,,,,,,,,,,,,,,217,,,,,,,,,,,,,,,,,,,,,,,,,,,,,,,,,,,,,,,
,,,,,,,,,,,,,,,,,,,,,,,,,,,,,,,,,147,,,,,,,,,,,,,,,,,,,,,,,,,,,,,,,,,,,,,,,
,,,,,,,,,,,,,,,,,,,,,,,,,,,,,,,,,123,,,,,,,,,,,,,,,,,,,,,,,,,,,,,,,,,,,,,,,
,,,,,,,,,,,,,,,,,,,,,,,,,,,,,,,,,64.7,,,,,,,,,,,,,,,,,,,,,,,,,,,,,,,,,,,,,,,
,,,,,,,,,,,,,,,,,,,,,,,,,,,,,,,,,57.5,,,,,,,,,,,,,,,,,,,,,,,,,,,,,,,,,,,,,,,
,,,,,,,,,,,,,,,,,,,,,,,,,,,,,,,,,26.2,,,,,,,,,,,,,,,,,,,,,,,,,,,,,,,,,,,,,,,
,,,,,,,,,,,,,,,,,,,,,,,,,,,,,,,,,22.0,,,,,,,,,,,,,,,,,,,,,,,,,,,,,,,,,,,,,,,
,,,,,,,,,,,,,,,,,,,,,,,,,,,,,,,,,12.3,,,,,,,,,,,,,,,,,,,,,,,,,,,,,,,,,,,,,,,
,,,,,,,,,,,,,,,,,,,,,,,,,,,,,,,,,6.76,,,,,,,,,,,,,,,,,,,,,,,,,,,,,,,,,,,,,,,
,,,,,,,,,,,,,,,,,,,,,,,,,,,,,,,,,6.05,,,,,,,,,,,,,,,,,,,,,,,,,,,,,,,,,,,,,,,
,,,,,,,,,,,,,,,,,,,,,,,,,,,,,,,,,2.91,,,,,,,,,,,,,,,,,,,,,,,,,,,,,,,,,,,,,,,
,,,,,,,,,,,,,,,,,,,,,,,,,,,,,,,,,2.50,,,,,,,,,,,,,,,,,,,,,,,,,,,,,,,,,,,,,,,
,,,,,,,,,,,,,,,,,,,,,,,,,,,,,,,,,3480,,,,,,,,,,,,,,,,,,,,,,,,,,,,,,,,,,,,,,,
,,,,,,,,,,,,,,,,,,,,,,,,,,,,,,,,,3020,,,,,,,,,,,,,,,,,,,,,,,,,,,,,,,,,,,,,,,
,,,,,,,,,,,,,,,,,,,,,,,,,,,,,,,,,2570,,,,,,,,,,,,,,,,,,,,,,,,,,,,,,,,,,,,,,,
,,,,,,,,,,,,,,,,,,,,,,,,,,,,,,,,,2200,,,,,,,,,,,,,,,,,,,,,,,,,,,,,,,,,,,,,,,
,,,,,,,,,,,,,,,,,,,,,,,,,,,,,,,,,2510,,,,,,,,,,,,,,,,,,,,,,,,,,,,,,,,,,,,,,,
,,,,,,,,,,,,,,,,,,,,,,,,,,,,,,,,,2190,,,,,,,,,,,,,,,,,,,,,,,,,,,,,,,,,,,,,,,
,,,,,,,,,,,,,,,,,,,,,,,,,,,,,,,,,1870,,,,,,,,,,,,,,,,,,,,,,,,,,,,,,,,,,,,,,,
,,,,,,,,,,,,,,,,,,,,,,,,,,,,,,,,,1590,,,,,,,,,,,,,,,,,,,,,,,,,,,,,,,,,,,,,,,
,,,,,,,,,,,,,,,,,,,,,,,,,,,,,,,,,1300,,,,,,,,,,,,,,,,,,,,,,,,,,,,,,,,,,,,,,,
,,,,,,,,,,,,,,,,,,,,,,,,,,,,,,,,,1110,,,,,,,,,,,,,,,,,,,,,,,,,,,,,,,,,,,,,,,
,,,,,,,,,,,,,,,,,,,,,,,,,,,,,,,,,1220,,,,,,,,,,,,,,,,,,,,,,,,,,,,,,,,,,,,,,,
,,,,,,,,,,,,,,,,,,,,,,,,,,,,,,,,,1050,,,,,,,,,,,,,,,,,,,,,,,,,,,,,,,,,,,,,,,
,,,,,,,,,,,,,,,,,,,,,,,,,,,,,,,,,904,,,,,,,,,,,,,,,,,,,,,,,,,,,,,,,,,,,,,,,
,,,,,,,,,,,,,,,,,,,,,,,,,,,,,,,,,729,,,,,,,,,,,,,,,,,,,,,,,,,,,,,,,,,,,,,,,
,,,,,,,,,,,,,,,,,,,,,,,,,,,,,,,,,693,,,,,,,,,,,,,,,,,,,,,,,,,,,,,,,,,,,,,,,
,,,,,,,,,,,,,,,,,,,,,,,,,,,,,,,,,650,,,,,,,,,,,,,,,,,,,,,,,,,,,,,,,,,,,,,,,
,,,,,,,,,,,,,,,,,,,,,,,,,,,,,,,,,569,,,,,,,,,,,,,,,,,,,,,,,,,,,,,,,,,,,,,,,
,,,,,,,,,,,,,,,,,,,,,,,,,,,,,,,,,472,,,,,,,,,,,,,,,,,,,,,,,,,,,,,,,,,,,,,,,
,,,,,,,,,,,,,,,,,,,,,,,,,,,,,,,,,393,,,,,,,,,,,,,,,,,,,,,,,,,,,,,,,,,,,,,,,
,,,,,,,,,,,,,,,,,,,,,,,,,,,,,,,,,294,,,,,,,,,,,,,,,,,,,,,,,,,,,,,,,,,,,,,,,
,,,,,,,,,,,,,,,,,,,,,,,,,,,,,,,,,210,,,,,,,,,,,,,,,,,,,,,,,,,,,,,,,,,,,,,,,
,,,,,,,,,,,,,,,,,,,,,,,,,,,,,,,,,119,,,,,,,,,,,,,,,,,,,,,,,,,,,,,,,,,,,,,,,
,,,,,,,,,,,,,,,,,,,,,,,,,,,,,,,,,404,,,,,,,,,,,,,,,,,,,,,,,,,,,,,,,,,,,,,,,
,,,,,,,,,,,,,,,,,,,,,,,,,,,,,,,,,348,,,,,,,,,,,,,,,,,,,,,,,,,,,,,,,,,,,,,,,
,,,,,,,,,,,,,,,,,,,,,,,,,,,,,,,,,315,,,,,,,,,,,,,,,,,,,,,,,,,,,,,,,,,,,,,,,
,,,,,,,,,,,,,,,,,,,,,,,,,,,,,,,,,162,,,,,,,,,,,,,,,,,,,,,,,,,,,,,,,,,,,,,,,
,,,,,,,,,,,,,,,,,,,,,,,,,,,,,,,,,144,,,,,,,,,,,,,,,,,,,,,,,,,,,,,,,,,,,,,,,
,,,,,,,,,,,,,,,,,,,,,,,,,,,,,,,,,129,,,,,,,,,,,,,,,,,,,,,,,,,,,,,,,,,,,,,,,
,,,,,,,,,,,,,,,,,,,,,,,,,,,,,,,,,103,,,,,,,,,,,,,,,,,,,,,,,,,,,,,,,,,,,,,,,
,,,,,,,,,,,,,,,,,,,,,,,,,,,,,,,,,91.1,,,,,,,,,,,,,,,,,,,,,,,,,,,,,,,,,,,,,,,
,,,,,,,,,,,,,,,,,,,,,,,,,,,,,,,,,78.9,,,,,,,,,,,,,,,,,,,,,,,,,,,,,,,,,,,,,,,
,,,,,,,,,,,,,,,,,,,,,,,,,,,,,,,,,67.3,,,,,,,,,,,,,,,,,,,,,,,,,,,,,,,,,,,,,,,
,,,,,,,,,,,,,,,,,,,,,,,,,,,,,,,,,60.9,,,,,,,,,,,,,,,,,,,,,,,,,,,,,,,,,,,,,,,
,,,,,,,,,,,,,,,,,,,,,,,,,,,,,,,,,51.0,,,,,,,,,,,,,,,,,,,,,,,,,,,,,,,,,,,,,,,
,,,,,,,,,,,,,,,,,,,,,,,,,,,,,,,,,47.8,,,,,,,,,,,,,,,,,,,,,,,,,,,,,,,,,,,,,,,
,,,,,,,,,,,,,,,,,,,,,,,,,,,,,,,,,43.9,,,,,,,,,,,,,,,,,,,,,,,,,,,,,,,,,,,,,,,
,,,,,,,,,,,,,,,,,,,,,,,,,,,,,,,,,36.1,,,,,,,,,,,,,,,,,,,,,,,,,,,,,,,,,,,,,,,
,,,,,,,,,,,,,,,,,,,,,,,,,,,,,,,,,32.5,,,,,,,,,,,,,,,,,,,,,,,,,,,,,,,,,,,,,,,
,,,,,,,,,,,,,,,,,,,,,,,,,,,,,,,,,27.2,,,,,,,,,,,,,,,,,,,,,,,,,,,,,,,,,,,,,,,
,,,,,,,,,,,,,,,,,,,,,,,,,,,,,,,,,24.2,,,,,,,,,,,,,,,,,,,,,,,,,,,,,,,,,,,,,,,
,,,,,,,,,,,,,,,,,,,,,,,,,,,,,,,,,21.2,,,,,,,,,,,,,,,,,,,,,,,,,,,,,,,,,,,,,,,
,,,,,,,,,,,,,,,,,,,,,,,,,,,,,,,,,17.3,,,,,,,,,,,,,,,,,,,,,,,,,,,,,,,,,,,,,,,
,,,,,,,,,,,,,,,,,,,,,,,,,,,,,,,,,15.1,,,,,,,,,,,,,,,,,,,,,,,,,,,,,,,,,,,,,,,
,,,,,,,,,,,,,,,,,,,,,,,,,,,,,,,,,13.1,,,,,,,,,,,,,,,,,,,,,,,,,,,,,,,,,,,,,,,
,,,,,,,,,,,,,,,,,,,,,,,,,,,,,,,,,8.89,,,,,,,,,,,,,,,,,,,,,,,,,,,,,,,,,,,,,,,
,,,,,,,,,,,,,,,,,,,,,,,,,,,,,,,,,7.48,,,,,,,,,,,,,,,,,,,,,,,,,,,,,,,,,,,,,,,
,,,,,,,,,,,,,,,,,,,,,,,,,,,,,,,,,4.58,,,,,,,,,,,,,,,,,,,,,,,,,,,,,,,,,,,,,,,
,,,,,,,,,,,,,,,,,,,,,,,,,,,,,,,,,4.19,,,,,,,,,,,,,,,,,,,,,,,,,,,,,,,,,,,,,,,
,,,,,,,,,,,,,,,,,,,,,,,,,,,,,,,,,3.85,,,,,,,,,,,,,,,,,,,,,,,,,,,,,,,,,,,,,,,
,,,,,,,,,,,,,,,,,,,,,,,,,,,,,,,,,3.53,,,,,,,,,,,,,,,,,,,,,,,,,,,,,,,,,,,,,,,
,,,,,,,,,,,,,,,,,,,,,,,,,,,,,,,,,2.07,,,,,,,,,,,,,,,,,,,,,,,,,,,,,,,,,,,,,,,
,,,,,,,,,,,,,,,,,,,,,,,,,,,,,,,,,1.85,,,,,,,,,,,,,,,,,,,,,,,,,,,,,,,,,,,,,,,
,,,,,,,,,,,,,,,,,,,,,,,,,,,,,,,,,1.65,,,,,,,,,,,,,,,,,,,,,,,,,,,,,,,,,,,,,,,
,,,,,,,,,,,,,,,,,,,,,,,,,,,,,,,,,1.57,,,,,,,,,,,,,,,,,,,,,,,,,,,,,,,,,,,,,,,
,,,,,,,,,,,,,,,,,,,,,,,,,,,,,,,,,675,,,,,,,,,,,,,,,,,,,,,,,,,,,,,,,,,,,,,,,
,,,,,,,,,,,,,,,,,,,,,,,,,,,,,,,,,627,,,,,,,,,,,,,,,,,,,,,,,,,,,,,,,,,,,,,,,
,,,,,,,,,,,,,,,,,,,,,,,,,,,,,,,,,578,,,,,,,,,,,,,,,,,,,,,,,,,,,,,,,,,,,,,,,
,,,,,,,,,,,,,,,,,,,,,,,,,,,,,,,,,554,,,,,,,,,,,,,,,,,,,,,,,,,,,,,,,,,,,,,,,
,,,,,,,,,,,,,,,,,,,,,,,,,,,,,,,,,314,,,,,,,,,,,,,,,,,,,,,,,,,,,,,,,,,,,,,,,
,,,,,,,,,,,,,,,,,,,,,,,,,,,,,,,,,273,,,,,,,,,,,,,,,,,,,,,,,,,,,,,,,,,,,,,,,
,,,,,,,,,,,,,,,,,,,,,,,,,,,,,,,,,252,,,,,,,,,,,,,,,,,,,,,,,,,,,,,,,,,,,,,,,
,,,,,,,,,,,,,,,,,,,,,,,,,,,,,,,,,239,,,,,,,,,,,,,,,,,,,,,,,,,,,,,,,,,,,,,,,
,,,,,,,,,,,,,,,,,,,,,,,,,,,,,,,,,269,,,,,,,,,,,,,,,,,,,,,,,,,,,,,,,,,,,,,,,
,,,,,,,,,,,,,,,,,,,,,,,,,,,,,,,,,251,,,,,,,,,,,,,,,,,,,,,,,,,,,,,,,,,,,,,,,
,,,,,,,,,,,,,,,,,,,,,,,,,,,,,,,,,234,,,,,,,,,,,,,,,,,,,,,,,,,,,,,,,,,,,,,,,
,,,,,,,,,,,,,,,,,,,,,,,,,,,,,,,,,216,,,,,,,,,,,,,,,,,,,,,,,,,,,,,,,,,,,,,,,
,,,,,,,,,,,,,,,,,,,,,,,,,,,,,,,,,202,,,,,,,,,,,,,,,,,,,,,,,,,,,,,,,,,,,,,,,
,,,,,,,,,,,,,,,,,,,,,,,,,,,,,,,,,76.1,,,,,,,,,,,,,,,,,,,,,,,,,,,,,,,,,,,,,,,
,,,,,,,,,,,,,,,,,,,,,,,,,,,,,,,,,55.3,,,,,,,,,,,,,,,,,,,,,,,,,,,,,,,,,,,,,,,
,,,,,,,,,,,,,,,,,,,,,,,,,,,,,,,,,157,,,,,,,,,,,,,,,,,,,,,,,,,,,,,,,,,,,,,,,
,,,,,,,,,,,,,,,,,,,,,,,,,,,,,,,,,139,,,,,,,,,,,,,,,,,,,,,,,,,,,,,,,,,,,,,,,
,,,,,,,,,,,,,,,,,,,,,,,,,,,,,,,,,126,,,,,,,,,,,,,,,,,,,,,,,,,,,,,,,,,,,,,,,
,,,,,,,,,,,,,,,,,,,,,,,,,,,,,,,,,110,,,,,,,,,,,,,,,,,,,,,,,,,,,,,,,,,,,,,,,
,,,,,,,,,,,,,,,,,,,,,,,,,,,,,,,,,102,,,,,,,,,,,,,,,,,,,,,,,,,,,,,,,,,,,,,,,
,,,,,,,,,,,,,,,,,,,,,,,,,,,,,,,,,31.9,,,,,,,,,,,,,,,,,,,,,,,,,,,,,,,,,,,,,,,
,,,,,,,,,,,,,,,,,,,,,,,,,,,,,,,,,22.9,,,,,,,,,,,,,,,,,,,,,,,,,,,,,,,,,,,,,,,
,,,,,,,,,,,,,,,,,,,,,,,,,,,,,,,,,87.9,,,,,,,,,,,,,,,,,,,,,,,,,,,,,,,,,,,,,,,
,,,,,,,,,,,,,,,,,,,,,,,,,,,,,,,,,84.9,,,,,,,,,,,,,,,,,,,,,,,,,,,,,,,,,,,,,,,
,,,,,,,,,,,,,,,,,,,,,,,,,,,,,,,,,63.8,,,,,,,,,,,,,,,,,,,,,,,,,,,,,,,,,,,,,,,
,,,,,,,,,,,,,,,,,,,,,,,,,,,,,,,,,61.5,,,,,,,,,,,,,,,,,,,,,,,,,,,,,,,,,,,,,,,
,,,,,,,,,,,,,,,,,,,,,,,,,,,,,,,,,54.4,,,,,,,,,,,,,,,,,,,,,,,,,,,,,,,,,,,,,,,
,,,,,,,,,,,,,,,,,,,,,,,,,,,,,,,,,52.4,,,,,,,,,,,,,,,,,,,,,,,,,,,,,,,,,,,,,,,
,,,,,,,,,,,,,,,,,,,,,,,,,,,,,,,,,23.3,,,,,,,,,,,,,,,,,,,,,,,,,,,,,,,,,,,,,,,
,,,,,,,,,,,,,,,,,,,,,,,,,,,,,,,,,47.4,,,,,,,,,,,,,,,,,,,,,,,,,,,,,,,,,,,,,,,
,,,,,,,,,,,,,,,,,,,,,,,,,,,,,,,,,43.1,,,,,,,,,,,,,,,,,,,,,,,,,,,,,,,,,,,,,,,
,,,,,,,,,,,,,,,,,,,,,,,,,,,,,,,,,29.7,,,,,,,,,,,,,,,,,,,,,,,,,,,,,,,,,,,,,,,
,,,,,,,,,,,,,,,,,,,,,,,,,,,,,,,,,25.3,,,,,,,,,,,,,,,,,,,,,,,,,,,,,,,,,,,,,,,
,,,,,,,,,,,,,,,,,,,,,,,,,,,,,,,,,26.0,,,,,,,,,,,,,,,,,,,,,,,,,,,,,,,,,,,,,,,
,,,,,,,,,,,,,,,,,,,,,,,,,,,,,,,,,24.9,,,,,,,,,,,,,,,,,,,,,,,,,,,,,,,,,,,,,,,
,,,,,,,,,,,,,,,,,,,,,,,,,,,,,,,,,18.7,,,,,,,,,,,,,,,,,,,,,,,,,,,,,,,,,,,,,,,
,,,,,,,,,,,,,,,,,,,,,,,,,,,,,,,,,11.4,,,,,,,,,,,,,,,,,,,,,,,,,,,,,,,,,,,,,,,
,,,,,,,,,,,,,,,,,,,,,,,,,,,,,,,,,11.0,,,,,,,,,,,,,,,,,,,,,,,,,,,,,,,,,,,,,,,
,,,,,,,,,,,,,,,,,,,,,,,,,,,,,,,,,8.85,,,,,,,,,,,,,,,,,,,,,,,,,,,,,,,,,,,,,,,
,,,,,,,,,,,,,,,,,,,,,,,,,,,,,,,,,2.72,,,,,,,,,,,,,,,,,,,,,,,,,,,,,,,,,,,,,,,
,,,,,,,,,,,,,,,,,,,,,,,,,,,,,,,,,413,,,,,,,,,,,,,,,,,,,,,,,,,,,,,,,,,,,,,,,
,,,,,,,,,,,,,,,,,,,,,,,,,,,,,,,,,381,,,,,,,,,,,,,,,,,,,,,,,,,,,,,,,,,,,,,,,
,,,,,,,,,,,,,,,,,,,,,,,,,,,,,,,,,350,,,,,,,,,,,,,,,,,,,,,,,,,,,,,,,,,,,,,,,
,,,,,,,,,,,,,,,,,,,,,,,,,,,,,,,,,315,,,,,,,,,,,,,,,,,,,,,,,,,,,,,,,,,,,,,,,
,,,,,,,,,,,,,,,,,,,,,,,,,,,,,,,,,231,,,,,,,,,,,,,,,,,,,,,,,,,,,,,,,,,,,,,,,
,,,,,,,,,,,,,,,,,,,,,,,,,,,,,,,,,213,,,,,,,,,,,,,,,,,,,,,,,,,,,,,,,,,,,,,,,
,,,,,,,,,,,,,,,,,,,,,,,,,,,,,,,,,196,,,,,,,,,,,,,,,,,,,,,,,,,,,,,,,,,,,,,,,
,,,,,,,,,,,,,,,,,,,,,,,,,,,,,,,,,177,,,,,,,,,,,,,,,,,,,,,,,,,,,,,,,,,,,,,,,
,,,,,,,,,,,,,,,,,,,,,,,,,,,,,,,,,158,,,,,,,,,,,,,,,,,,,,,,,,,,,,,,,,,,,,,,,
,,,,,,,,,,,,,,,,,,,,,,,,,,,,,,,,,139,,,,,,,,,,,,,,,,,,,,,,,,,,,,,,,,,,,,,,,
,,,,,,,,,,,,,,,,,,,,,,,,,,,,,,,,,98.1,,,,,,,,,,,,,,,,,,,,,,,,,,,,,,,,,,,,,,,
,,,,,,,,,,,,,,,,,,,,,,,,,,,,,,,,,89.1,,,,,,,,,,,,,,,,,,,,,,,,,,,,,,,,,,,,,,,
,,,,,,,,,,,,,,,,,,,,,,,,,,,,,,,,,79.7,,,,,,,,,,,,,,,,,,,,,,,,,,,,,,,,,,,,,,,
,,,,,,,,,,,,,,,,,,,,,,,,,,,,,,,,,69.9,,,,,,,,,,,,,,,,,,,,,,,,,,,,,,,,,,,,,,,
,,,,,,,,,,,,,,,,,,,,,,,,,,,,,,,,,59.6,,,,,,,,,,,,,,,,,,,,,,,,,,,,,,,,,,,,,,,
,,,,,,,,,,,,,,,,,,,,,,,,,,,,,,,,,54.2,,,,,,,,,,,,,,,,,,,,,,,,,,,,,,,,,,,,,,,
,,,,,,,,,,,,,,,,,,,,,,,,,,,,,,,,,48.8,,,,,,,,,,,,,,,,,,,,,,,,,,,,,,,,,,,,,,,
,,,,,,,,,,,,,,,,,,,,,,,,,,,,,,,,,80.9,,,,,,,,,,,,,,,,,,,,,,,,,,,,,,,,,,,,,,,
,,,,,,,,,,,,,,,,,,,,,,,,,,,,,,,,,72.4,,,,,,,,,,,,,,,,,,,,,,,,,,,,,,,,,,,,,,,
,,,,,,,,,,,,,,,,,,,,,,,,,,,,,,,,,63.5,,,,,,,,,,,,,,,,,,,,,,,,,,,,,,,,,,,,,,,
,,,,,,,,,,,,,,,,,,,,,,,,,,,,,,,,,54.2,,,,,,,,,,,,,,,,,,,,,,,,,,,,,,,,,,,,,,,
,,,,,,,,,,,,,,,,,,,,,,,,,,,,,,,,,49.4,,,,,,,,,,,,,,,,,,,,,,,,,,,,,,,,,,,,,,,
,,,,,,,,,,,,,,,,,,,,,,,,,,,,,,,,,44.4,,,,,,,,,,,,,,,,,,,,,,,,,,,,,,,,,,,,,,,
,,,,,,,,,,,,,,,,,,,,,,,,,,,,,,,,,39.3,,,,,,,,,,,,,,,,,,,,,,,,,,,,,,,,,,,,,,,
,,,,,,,,,,,,,,,,,,,,,,,,,,,,,,,,,69.7,,,,,,,,,,,,,,,,,,,,,,,,,,,,,,,,,,,,,,,
,,,,,,,,,,,,,,,,,,,,,,,,,,,,,,,,,62.6,,,,,,,,,,,,,,,,,,,,,,,,,,,,,,,,,,,,,,,
,,,,,,,,,,,,,,,,,,,,,,,,,,,,,,,,,55.0,,,,,,,,,,,,,,,,,,,,,,,,,,,,,,,,,,,,,,,
,,,,,,,,,,,,,,,,,,,,,,,,,,,,,,,,,47.0,,,,,,,,,,,,,,,,,,,,,,,,,,,,,,,,,,,,,,,
,,,,,,,,,,,,,,,,,,,,,,,,,,,,,,,,,42.9,,,,,,,,,,,,,,,,,,,,,,,,,,,,,,,,,,,,,,,
,,,,,,,,,,,,,,,,,,,,,,,,,,,,,,,,,38.6,,,,,,,,,,,,,,,,,,,,,,,,,,,,,,,,,,,,,,,
,,,,,,,,,,,,,,,,,,,,,,,,,,,,,,,,,34.2,,,,,,,,,,,,,,,,,,,,,,,,,,,,,,,,,,,,,,,
,,,,,,,,,,,,,,,,,,,,,,,,,,,,,,,,,37.8,,,,,,,,,,,,,,,,,,,,,,,,,,,,,,,,,,,,,,,
,,,,,,,,,,,,,,,,,,,,,,,,,,,,,,,,,32.4,,,,,,,,,,,,,,,,,,,,,,,,,,,,,,,,,,,,,,,
,,,,,,,,,,,,,,,,,,,,,,,,,,,,,,,,,26.6,,,,,,,,,,,,,,,,,,,,,,,,,,,,,,,,,,,,,,,
,,,,,,,,,,,,,,,,,,,,,,,,,,,,,,,,,23.6,,,,,,,,,,,,,,,,,,,,,,,,,,,,,,,,,,,,,,,
,,,,,,,,,,,,,,,,,,,,,,,,,,,,,,,,,20.5,,,,,,,,,,,,,,,,,,,,,,,,,,,,,,,,,,,,,,,
,,,,,,,,,,,,,,,,,,,,,,,,,,,,,,,,,35.4,,,,,,,,,,,,,,,,,,,,,,,,,,,,,,,,,,,,,,,
,,,,,,,,,,,,,,,,,,,,,,,,,,,,,,,,,31.9,,,,,,,,,,,,,,,,,,,,,,,,,,,,,,,,,,,,,,,
,,,,,,,,,,,,,,,,,,,,,,,,,,,,,,,,,28.1,,,,,,,,,,,,,,,,,,,,,,,,,,,,,,,,,,,,,,,
,,,,,,,,,,,,,,,,,,,,,,,,,,,,,,,,,24.1,,,,,,,,,,,,,,,,,,,,,,,,,,,,,,,,,,,,,,,
,,,,,,,,,,,,,,,,,,,,,,,,,,,,,,,,,22.0,,,,,,,,,,,,,,,,,,,,,,,,,,,,,,,,,,,,,,,
,,,,,,,,,,,,,,,,,,,,,,,,,,,,,,,,,19.9,,,,,,,,,,,,,,,,,,,,,,,,,,,,,,,,,,,,,,,
,,,,,,,,,,,,,,,,,,,,,,,,,,,,,,,,,17.6,,,,,,,,,,,,,,,,,,,,,,,,,,,,,,,,,,,,,,,
,,,,,,,,,,,,,,,,,,,,,,,,,,,,,,,,,15.4,,,,,,,,,,,,,,,,,,,,,,,,,,,,,,,,,,,,,,,
,,,,,,,,,,,,,,,,,,,,,,,,,,,,,,,,,13.0,,,,,,,,,,,,,,,,,,,,,,,,,,,,,,,,,,,,,,,
,,,,,,,,,,,,,,,,,,,,,,,,,,,,,,,,,27.7,,,,,,,,,,,,,,,,,,,,,,,,,,,,,,,,,,,,,,,
,,,,,,,,,,,,,,,,,,,,,,,,,,,,,,,,,24.5,,,,,,,,,,,,,,,,,,,,,,,,,,,,,,,,,,,,,,,
,,,,,,,,,,,,,,,,,,,,,,,,,,,,,,,,,21.0,,,,,,,,,,,,,,,,,,,,,,,,,,,,,,,,,,,,,,,
,,,,,,,,,,,,,,,,,,,,,,,,,,,,,,,,,19.2,,,,,,,,,,,,,,,,,,,,,,,,,,,,,,,,,,,,,,,
,,,,,,,,,,,,,,,,,,,,,,,,,,,,,,,,,17.3,,,,,,,,,,,,,,,,,,,,,,,,,,,,,,,,,,,,,,,
,,,,,,,,,,,,,,,,,,,,,,,,,,,,,,,,,15.4,,,,,,,,,,,,,,,,,,,,,,,,,,,,,,,,,,,,,,,
,,,,,,,,,,,,,,,,,,,,,,,,,,,,,,,,,13.4,,,,,,,,,,,,,,,,,,,,,,,,,,,,,,,,,,,,,,,
,,,,,,,,,,,,,,,,,,,,,,,,,,,,,,,,,11.4,,,,,,,,,,,,,,,,,,,,,,,,,,,,,,,,,,,,,,,
,,,,,,,,,,,,,,,,,,,,,,,,,,,,,,,,,16.6,,,,,,,,,,,,,,,,,,,,,,,,,,,,,,,,,,,,,,,
,,,,,,,,,,,,,,,,,,,,,,,,,,,,,,,,,12.9,,,,,,,,,,,,,,,,,,,,,,,,,,,,,,,,,,,,,,,
,,,,,,,,,,,,,,,,,,,,,,,,,,,,,,,,,10.9,,,,,,,,,,,,,,,,,,,,,,,,,,,,,,,,,,,,,,,
,,,,,,,,,,,,,,,,,,,,,,,,,,,,,,,,,17.8,,,,,,,,,,,,,,,,,,,,,,,,,,,,,,,,,,,,,,,
,,,,,,,,,,,,,,,,,,,,,,,,,,,,,,,,,15.7,,,,,,,,,,,,,,,,,,,,,,,,,,,,,,,,,,,,,,,
,,,,,,,,,,,,,,,,,,,,,,,,,,,,,,,,,13.6,,,,,,,,,,,,,,,,,,,,,,,,,,,,,,,,,,,,,,,
,,,,,,,,,,,,,,,,,,,,,,,,,,,,,,,,,11.3,,,,,,,,,,,,,,,,,,,,,,,,,,,,,,,,,,,,,,,
,,,,,,,,,,,,,,,,,,,,,,,,,,,,,,,,,10.0,,,,,,,,,,,,,,,,,,,,,,,,,,,,,,,,,,,,,,,
,,,,,,,,,,,,,,,,,,,,,,,,,,,,,,,,,8.76,,,,,,,,,,,,,,,,,,,,,,,,,,,,,,,,,,,,,,,
,,,,,,,,,,,,,,,,,,,,,,,,,,,,,,,,,7.44,,,,,,,,,,,,,,,,,,,,,,,,,,,,,,,,,,,,,,,
,,,,,,,,,,,,,,,,,,,,,,,,,,,,,,,,,13.9,,,,,,,,,,,,,,,,,,,,,,,,,,,,,,,,,,,,,,,
,,,,,,,,,,,,,,,,,,,,,,,,,,,,,,,,,12.0,,,,,,,,,,,,,,,,,,,,,,,,,,,,,,,,,,,,,,,
,,,,,,,,,,,,,,,,,,,,,,,,,,,,,,,,,10.0,,,,,,,,,,,,,,,,,,,,,,,,,,,,,,,,,,,,,,,
,,,,,,,,,,,,,,,,,,,,,,,,,,,,,,,,,7.75,,,,,,,,,,,,,,,,,,,,,,,,,,,,,,,,,,,,,,,
,,,,,,,,,,,,,,,,,,,,,,,,,,,,,,,,,6.58,,,,,,,,,,,,,,,,,,,,,,,,,,,,,,,,,,,,,,,
,,,,,,,,,,,,,,,,,,,,,,,,,,,,,,,,,5.36,,,,,,,,,,,,,,,,,,,,,,,,,,,,,,,,,,,,,,,
,,,,,,,,,,,,,,,,,,,,,,,,,,,,,,,,,9.43,,,,,,,,,,,,,,,,,,,,,,,,,,,,,,,,,,,,,,,
,,,,,,,,,,,,,,,,,,,,,,,,,,,,,,,,,8.41,,,,,,,,,,,,,,,,,,,,,,,,,,,,,,,,,,,,,,,
,,,,,,,,,,,,,,,,,,,,,,,,,,,,,,,,,7.35,,,,,,,,,,,,,,,,,,,,,,,,,,,,,,,,,,,,,,,
,,,,,,,,,,,,,,,,,,,,,,,,,,,,,,,,,6.24,,,,,,,,,,,,,,,,,,,,,,,,,,,,,,,,,,,,,,,
,,,,,,,,,,,,,,,,,,,,,,,,,,,,,,,,,5.09,,,,,,,,,,,,,,,,,,,,,,,,,,,,,,,,,,,,,,,
,,,,,,,,,,,,,,,,,,,,,,,,,,,,,,,,,7.62,,,,,,,,,,,,,,,,,,,,,,,,,,,,,,,,,,,,,,,
,,,,,,,,,,,,,,,,,,,,,,,,,,,,,,,,,6.62,,,,,,,,,,,,,,,,,,,,,,,,,,,,,,,,,,,,,,,
,,,,,,,,,,,,,,,,,,,,,,,,,,,,,,,,,5.52,,,,,,,,,,,,,,,,,,,,,,,,,,,,,,,,,,,,,,,
,,,,,,,,,,,,,,,,,,,,,,,,,,,,,,,,,4.93,,,,,,,,,,,,,,,,,,,,,,,,,,,,,,,,,,,,,,,
,,,,,,,,,,,,,,,,,,,,,,,,,,,,,,,,,4.32,,,,,,,,,,,,,,,,,,,,,,,,,,,,,,,,,,,,,,,
,,,,,,,,,,,,,,,,,,,,,,,,,,,,,,,,,3.67,,,,,,,,,,,,,,,,,,,,,,,,,,,,,,,,,,,,,,,
,,,,,,,,,,,,,,,,,,,,,,,,,,,,,,,,,3.00,,,,,,,,,,,,,,,,,,,,,,,,,,,,,,,,,,,,,,,
,,,,,,,,,,,,,,,,,,,,,,,,,,,,,,,,,5.30,,,,,,,,,,,,,,,,,,,,,,,,,,,,,,,,,,,,,,,
,,,,,,,,,,,,,,,,,,,,,,,,,,,,,,,,,4.15,,,,,,,,,,,,,,,,,,,,,,,,,,,,,,,,,,,,,,,
,,,,,,,,,,,,,,,,,,,,,,,,,,,,,,,,,3.53,,,,,,,,,,,,,,,,,,,,,,,,,,,,,,,,,,,,,,,
,,,,,,,,,,,,,,,,,,,,,,,,,,,,,,,,,2.89,,,,,,,,,,,,,,,,,,,,,,,,,,,,,,,,,,,,,,,
,,,,,,,,,,,,,,,,,,,,,,,,,,,,,,,,,6.01,,,,,,,,,,,,,,,,,,,,,,,,,,,,,,,,,,,,,,,
,,,,,,,,,,,,,,,,,,,,,,,,,,,,,,,,,5.02,,,,,,,,,,,,,,,,,,,,,,,,,,,,,,,,,,,,,,,
,,,,,,,,,,,,,,,,,,,,,,,,,,,,,,,,,3.94,,,,,,,,,,,,,,,,,,,,,,,,,,,,,,,,,,,,,,,
,,,,,,,,,,,,,,,,,,,,,,,,,,,,,,,,,3.36,,,,,,,,,,,,,,,,,,,,,,,,,,,,,,,,,,,,,,,
,,,,,,,,,,,,,,,,,,,,,,,,,,,,,,,,,2.75,,,,,,,,,,,,,,,,,,,,,,,,,,,,,,,,,,,,,,,
,,,,,,,,,,,,,,,,,,,,,,,,,,,,,,,,,3.63,,,,,,,,,,,,,,,,,,,,,,,,,,,,,,,,,,,,,,,
,,,,,,,,,,,,,,,,,,,,,,,,,,,,,,,,,3.25,,,,,,,,,,,,,,,,,,,,,,,,,,,,,,,,,,,,,,,
,,,,,,,,,,,,,,,,,,,,,,,,,,,,,,,,,2.86,,,,,,,,,,,,,,,,,,,,,,,,,,,,,,,,,,,,,,,
,,,,,,,,,,,,,,,,,,,,,,,,,,,,,,,,,2.44,,,,,,,,,,,,,,,,,,,,,,,,,,,,,,,,,,,,,,,
,,,,,,,,,,,,,,,,,,,,,,,,,,,,,,,,,2.00,,,,,,,,,,,,,,,,,,,,,,,,,,,,,,,,,,,,,,,
,,,,,,,,,,,,,,,,,,,,,,,,,,,,,,,,,3.45,,,,,,,,,,,,,,,,,,,,,,,,,,,,,,,,,,,,,,,
,,,,,,,,,,,,,,,,,,,,,,,,,,,,,,,,,3.10,,,,,,,,,,,,,,,,,,,,,,,,,,,,,,,,,,,,,,,
,,,,,,,,,,,,,,,,,,,,,,,,,,,,,,,,,2.73,,,,,,,,,,,,,,,,,,,,,,,,,,,,,,,,,,,,,,,
,,,,,,,,,,,,,,,,,,,,,,,,,,,,,,,,,2.33,,,,,,,,,,,,,,,,,,,,,,,,,,,,,,,,,,,,,,,
,,,,,,,,,,,,,,,,,,,,,,,,,,,,,,,,,1.92,,,,,,,,,,,,,,,,,,,,,,,,,,,,,,,,,,,,,,,
,,,,,,,,,,,,,,,,,,,,,,,,,,,,,,,,,3.24,,,,,,,,,,,,,,,,,,,,,,,,,,,,,,,,,,,,,,,
,,,,,,,,,,,,,,,,,,,,,,,,,,,,,,,,,2.56,,,,,,,,,,,,,,,,,,,,,,,,,,,,,,,,,,,,,,,
,,,,,,,,,,,,,,,,,,,,,,,,,,,,,,,,,2.20,,,,,,,,,,,,,,,,,,,,,,,,,,,,,,,,,,,,,,,
,,,,,,,,,,,,,,,,,,,,,,,,,,,,,,,,,1.81,,,,,,,,,,,,,,,,,,,,,,,,,,,,,,,,,,,,,,,
,,,,,,,,,,,,,,,,,,,,,,,,,,,,,,,,,2.20,,,,,,,,,,,,,,,,,,,,,,,,,,,,,,,,,,,,,,,
,,,,,,,,,,,,,,,,,,,,,,,,,,,,,,,,,1.98,,,,,,,,,,,,,,,,,,,,,,,,,,,,,,,,,,,,,,,
,,,,,,,,,,,,,,,,,,,,,,,,,,,,,,,,,1.75,,,,,,,,,,,,,,,,,,,,,,,,,,,,,,,,,,,,,,,
,,,,,,,,,,,,,,,,,,,,,,,,,,,,,,,,,1.50,,,,,,,,,,,,,,,,,,,,,,,,,,,,,,,,,,,,,,,
,,,,,,,,,,,,,,,,,,,,,,,,,,,,,,,,,1.23,,,,,,,,,,,,,,,,,,,,,,,,,,,,,,,,,,,,,,,
,,,,,,,,,,,,,,,,,,,,,,,,,,,,,,,,,0.948,,,,,,,,,,,,,,,,,,,,,,,,,,,,,,,,,,,,,,,
,,,,,,,,,,,,,,,,,,,,,,,,,,,,,,,,,2.07,,,,,,,,,,,,,,,,,,,,,,,,,,,,,,,,,,,,,,,
,,,,,,,,,,,,,,,,,,,,,,,,,,,,,,,,,1.87,,,,,,,,,,,,,,,,,,,,,,,,,,,,,,,,,,,,,,,
,,,,,,,,,,,,,,,,,,,,,,,,,,,,,,,,,1.65,,,,,,,,,,,,,,,,,,,,,,,,,,,,,,,,,,,,,,,
,,,,,,,,,,,,,,,,,,,,,,,,,,,,,,,,,1.41,,,,,,,,,,,,,,,,,,,,,,,,,,,,,,,,,,,,,,,
,,,,,,,,,,,,,,,,,,,,,,,,,,,,,,,,,1.16,,,,,,,,,,,,,,,,,,,,,,,,,,,,,,,,,,,,,,,
,,,,,,,,,,,,,,,,,,,,,,,,,,,,,,,,,0.899,,,,,,,,,,,,,,,,,,,,,,,,,,,,,,,,,,,,,,,
,,,,,,,,,,,,,,,,,,,,,,,,,,,,,,,,,1.92,,,,,,,,,,,,,,,,,,,,,,,,,,,,,,,,,,,,,,,
,,,,,,,,,,,,,,,,,,,,,,,,,,,,,,,,,1.54,,,,,,,,,,,,,,,,,,,,,,,,,,,,,,,,,,,,,,,
,,,,,,,,,,,,,,,,,,,,,,,,,,,,,,,,,1.32,,,,,,,,,,,,,,,,,,,,,,,,,,,,,,,,,,,,,,,
,,,,,,,,,,,,,,,,,,,,,,,,,,,,,,,,,1.09,,,,,,,,,,,,,,,,,,,,,,,,,,,,,,,,,,,,,,,
,,,,,,,,,,,,,,,,,,,,,,,,,,,,,,,,,0.847,,,,,,,,,,,,,,,,,,,,,,,,,,,,,,,,,,,,,,,
,,,,,,,,,,,,,,,,,,,,,,,,,,,,,,,,,1.22,,,,,,,,,,,,,,,,,,,,,,,,,,,,,,,,,,,,,,,
,,,,,,,,,,,,,,,,,,,,,,,,,,,,,,,,,0.972,,,,,,,,,,,,,,,,,,,,,,,,,,,,,,,,,,,,,,,
,,,,,,,,,,,,,,,,,,,,,,,,,,,,,,,,,0.837,,,,,,,,,,,,,,,,,,,,,,,,,,,,,,,,,,,,,,,
,,,,,,,,,,,,,,,,,,,,,,,,,,,,,,,,,0.692,,,,,,,,,,,,,,,,,,,,,,,,,,,,,,,,,,,,,,,
,,,,,,,,,,,,,,,,,,,,,,,,,,,,,,,,,0.535,,,,,,,,,,,,,,,,,,,,,,,,,,,,,,,,,,,,,,,
,,,,,,,,,,,,,,,,,,,,,,,,,,,,,,,,,0.914,,,,,,,,,,,,,,,,,,,,,,,,,,,,,,,,,,,,,,,
,,,,,,,,,,,,,,,,,,,,,,,,,,,,,,,,,0.790,,,,,,,,,,,,,,,,,,,,,,,,,,,,,,,,,,,,,,,
,,,,,,,,,,,,,,,,,,,,,,,,,,,,,,,,,0.656,,,,,,,,,,,,,,,,,,,,,,,,,,,,,,,,,,,,,,,
,,,,,,,,,,,,,,,,,,,,,,,,,,,,,,,,,0.511,,,,,,,,,,,,,,,,,,,,,,,,,,,,,,,,,,,,,,,
,,,,,,,,,,,,,,,,,,,,,,,,,,,,,,,,,0.594,,,,,,,,,,,,,,,,,,,,,,,,,,,,,,,,,,,,,,,
,,,,,,,,,,,,,,,,,,,,,,,,,,,,,,,,,0.464,,,,,,,,,,,,,,,,,,,,,,,,,,,,,,,,,,,,,,,
,,,,,,,,,,,,,,,,,,,,,,,,,,,,,,,,,0.476,,,,,,,,,,,,,,,,,,,,,,,,,,,,,,,,,,,,,,,
,,,,,,,,,,,,,,,,,,,,,,,,,,,,,,,,,0.414,,,,,,,,,,,,,,,,,,,,,,,,,,,,,,,,,,,,,,,
,,,,,,,,,,,,,,,,,,,,,,,,,,,,,,,,,0.346,,,,,,,,,,,,,,,,,,,,,,,,,,,,,,,,,,,,,,,
,,,,,,,,,,,,,,,,,,,,,,,,,,,,,,,,,0.271,,,,,,,,,,,,,,,,,,,,,,,,,,,,,,,,,,,,,,,
,,,,,,,,,,,,,,,,,,,,,,,,,,,,,,,,,0.189,,,,,,,,,,,,,,,,,,,,,,,,,,,,,,,,,,,,,,,
,,,,,,,,,,,,,,,,,,,,,,,,,,,,,,,,,2670,,,,,,,,,,,,,,,,,,,,,,,,,,,,,,,,,,,,,,,
,,,,,,,,,,,,,,,,,,,,,,,,,,,,,,,,,2380,,,,,,,,,,,,,,,,,,,,,,,,,,,,,,,,,,,,,,,
,,,,,,,,,,,,,,,,,,,,,,,,,,,,,,,,,2170,,,,,,,,,,,,,,,,,,,,,,,,,,,,,,,,,,,,,,,
,,,,,,,,,,,,,,,,,,,,,,,,,,,,,,,,,1830,,,,,,,,,,,,,,,,,,,,,,,,,,,,,,,,,,,,,,,
,,,,,,,,,,,,,,,,,,,,,,,,,,,,,,,,,1640,,,,,,,,,,,,,,,,,,,,,,,,,,,,,,,,,,,,,,,
,,,,,,,,,,,,,,,,,,,,,,,,,,,,,,,,,1440,,,,,,,,,,,,,,,,,,,,,,,,,,,,,,,,,,,,,,,
,,,,,,,,,,,,,,,,,,,,,,,,,,,,,,,,,3730,,,,,,,,,,,,,,,,,,,,,,,,,,,,,,,,,,,,,,,
,,,,,,,,,,,,,,,,,,,,,,,,,,,,,,,,,3310,,,,,,,,,,,,,,,,,,,,,,,,,,,,,,,,,,,,,,,
,,,,,,,,,,,,,,,,,,,,,,,,,,,,,,,,,2730,,,,,,,,,,,,,,,,,,,,,,,,,,,,,,,,,,,,,,,
,,,,,,,,,,,,,,,,,,,,,,,,,,,,,,,,,2290,,,,,,,,,,,,,,,,,,,,,,,,,,,,,,,,,,,,,,,
,,,,,,,,,,,,,,,,,,,,,,,,,,,,,,,,,2070,,,,,,,,,,,,,,,,,,,,,,,,,,,,,,,,,,,,,,,
,,,,,,,,,,,,,,,,,,,,,,,,,,,,,,,,,1930,,,,,,,,,,,,,,,,,,,,,,,,,,,,,,,,,,,,,,,
,,,,,,,,,,,,,,,,,,,,,,,,,,,,,,,,,1870,,,,,,,,,,,,,,,,,,,,,,,,,,,,,,,,,,,,,,,
,,,,,,,,,,,,,,,,,,,,,,,,,,,,,,,,,1650,,,,,,,,,,,,,,,,,,,,,,,,,,,,,,,,,,,,,,,
,,,,,,,,,,,,,,,,,,,,,,,,,,,,,,,,,1500,,,,,,,,,,,,,,,,,,,,,,,,,,,,,,,,,,,,,,,
,,,,,,,,,,,,,,,,,,,,,,,,,,,,,,,,,1360,,,,,,,,,,,,,,,,,,,,,,,,,,,,,,,,,,,,,,,
,,,,,,,,,,,,,,,,,,,,,,,,,,,,,,,,,1210,,,,,,,,,,,,,,,,,,,,,,,,,,,,,,,,,,,,,,,
,,,,,,,,,,,,,,,,,,,,,,,,,,,,,,,,,1030,,,,,,,,,,,,,,,,,,,,,,,,,,,,,,,,,,,,,,,
,,,,,,,,,,,,,,,,,,,,,,,,,,,,,,,,,988,,,,,,,,,,,,,,,,,,,,,,,,,,,,,,,,,,,,,,,
,,,,,,,,,,,,,,,,,,,,,,,,,,,,,,,,,2270,,,,,,,,,,,,,,,,,,,,,,,,,,,,,,,,,,,,,,,
,,,,,,,,,,,,,,,,,,,,,,,,,,,,,,,,,1880,,,,,,,,,,,,,,,,,,,,,,,,,,,,,,,,,,,,,,,
,,,,,,,,,,,,,,,,,,,,,,,,,,,,,,,,,1840,,,,,,,,,,,,,,,,,,,,,,,,,,,,,,,,,,,,,,,
,,,,,,,,,,,,,,,,,,,,,,,,,,,,,,,,,1630,,,,,,,,,,,,,,,,,,,,,,,,,,,,,,,,,,,,,,,
,,,,,,,,,,,,,,,,,,,,,,,,,,,,,,,,,1550,,,,,,,,,,,,,,,,,,,,,,,,,,,,,,,,,,,,,,,
,,,,,,,,,,,,,,,,,,,,,,,,,,,,,,,,,1450,,,,,,,,,,,,,,,,,,,,,,,,,,,,,,,,,,,,,,,
,,,,,,,,,,,,,,,,,,,,,,,,,,,,,,,,,1260,,,,,,,,,,,,,,,,,,,,,,,,,,,,,,,,,,,,,,,
,,,,,,,,,,,,,,,,,,,,,,,,,,,,,,,,,1120,,,,,,,,,,,,,,,,,,,,,,,,,,,,,,,,,,,,,,,
,,,,,,,,,,,,,,,,,,,,,,,,,,,,,,,,,955,,,,,,,,,,,,,,,,,,,,,,,,,,,,,,,,,,,,,,,
,,,,,,,,,,,,,,,,,,,,,,,,,,,,,,,,,899,,,,,,,,,,,,,,,,,,,,,,,,,,,,,,,,,,,,,,,
,,,,,,,,,,,,,,,,,,,,,,,,,,,,,,,,,815,,,,,,,,,,,,,,,,,,,,,,,,,,,,,,,,,,,,,,,
,,,,,,,,,,,,,,,,,,,,,,,,,,,,,,,,,5130,,,,,,,,,,,,,,,,,,,,,,,,,,,,,,,,,,,,,,,
,,,,,,,,,,,,,,,,,,,,,,,,,,,,,,,,,4480,,,,,,,,,,,,,,,,,,,,,,,,,,,,,,,,,,,,,,,
,,,,,,,,,,,,,,,,,,,,,,,,,,,,,,,,,4110,,,,,,,,,,,,,,,,,,,,,,,,,,,,,,,,,,,,,,,
,,,,,,,,,,,,,,,,,,,,,,,,,,,,,,,,,3610,,,,,,,,,,,,,,,,,,,,,,,,,,,,,,,,,,,,,,,
,,,,,,,,,,,,,,,,,,,,,,,,,,,,,,,,,3160,,,,,,,,,,,,,,,,,,,,,,,,,,,,,,,,,,,,,,,
,,,,,,,,,,,,,,,,,,,,,,,,,,,,,,,,,2440,,,,,,,,,,,,,,,,,,,,,,,,,,,,,,,,,,,,,,,
,,,,,,,,,,,,,,,,,,,,,,,,,,,,,,,,,2220,,,,,,,,,,,,,,,,,,,,,,,,,,,,,,,,,,,,,,,
,,,,,,,,,,,,,,,,,,,,,,,,,,,,,,,,,1980,,,,,,,,,,,,,,,,,,,,,,,,,,,,,,,,,,,,,,,
,,,,,,,,,,,,,,,,,,,,,,,,,,,,,,,,,1740,,,,,,,,,,,,,,,,,,,,,,,,,,,,,,,,,,,,,,,
,,,,,,,,,,,,,,,,,,,,,,,,,,,,,,,,,1570,,,,,,,,,,,,,,,,,,,,,,,,,,,,,,,,,,,,,,,
,,,,,,,,,,,,,,,,,,,,,,,,,,,,,,,,,1410,,,,,,,,,,,,,,,,,,,,,,,,,,,,,,,,,,,,,,,
,,,,,,,,,,,,,,,,,,,,,,,,,,,,,,,,,1280,,,,,,,,,,,,,,,,,,,,,,,,,,,,,,,,,,,,,,,
,,,,,,,,,,,,,,,,,,,,,,,,,,,,,,,,,1190,,,,,,,,,,,,,,,,,,,,,,,,,,,,,,,,,,,,,,,
,,,,,,,,,,,,,,,,,,,,,,,,,,,,,,,,,1110,,,,,,,,,,,,,,,,,,,,,,,,,,,,,,,,,,,,,,,
,,,,,,,,,,,,,,,,,,,,,,,,,,,,,,,,,1040,,,,,,,,,,,,,,,,,,,,,,,,,,,,,,,,,,,,,,,
,,,,,,,,,,,,,,,,,,,,,,,,,,,,,,,,,978,,,,,,,,,,,,,,,,,,,,,,,,,,,,,,,,,,,,,,,
,,,,,,,,,,,,,,,,,,,,,,,,,,,,,,,,,1910,,,,,,,,,,,,,,,,,,,,,,,,,,,,,,,,,,,,,,,
,,,,,,,,,,,,,,,,,,,,,,,,,,,,,,,,,1720,,,,,,,,,,,,,,,,,,,,,,,,,,,,,,,,,,,,,,,
,,,,,,,,,,,,,,,,,,,,,,,,,,,,,,,,,1530,,,,,,,,,,,,,,,,,,,,,,,,,,,,,,,,,,,,,,,
,,,,,,,,,,,,,,,,,,,,,,,,,,,,,,,,,1360,,,,,,,,,,,,,,,,,,,,,,,,,,,,,,,,,,,,,,,
,,,,,,,,,,,,,,,,,,,,,,,,,,,,,,,,,1210,,,,,,,,,,,,,,,,,,,,,,,,,,,,,,,,,,,,,,,
,,,,,,,,,,,,,,,,,,,,,,,,,,,,,,,,,1080,,,,,,,,,,,,,,,,,,,,,,,,,,,,,,,,,,,,,,,
,,,,,,,,,,,,,,,,,,,,,,,,,,,,,,,,,985,,,,,,,,,,,,,,,,,,,,,,,,,,,,,,,,,,,,,,,
,,,,,,,,,,,,,,,,,,,,,,,,,,,,,,,,,901,,,,,,,,,,,,,,,,,,,,,,,,,,,,,,,,,,,,,,,
,,,,,,,,,,,,,,,,,,,,,,,,,,,,,,,,,845,,,,,,,,,,,,,,,,,,,,,,,,,,,,,,,,,,,,,,,
,,,,,,,,,,,,,,,,,,,,,,,,,,,,,,,,,786,,,,,,,,,,,,,,,,,,,,,,,,,,,,,,,,,,,,,,,
,,,,,,,,,,,,,,,,,,,,,,,,,,,,,,,,,740,,,,,,,,,,,,,,,,,,,,,,,,,,,,,,,,,,,,,,,
,,,,,,,,,,,,,,,,,,,,,,,,,,,,,,,,,698,,,,,,,,,,,,,,,,,,,,,,,,,,,,,,,,,,,,,,,
,,,,,,,,,,,,,,,,,,,,,,,,,,,,,,,,,637,,,,,,,,,,,,,,,,,,,,,,,,,,,,,,,,,,,,,,,
,,,,,,,,,,,,,,,,,,,,,,,,,,,,,,,,,1460,,,,,,,,,,,,,,,,,,,,,,,,,,,,,,,,,,,,,,,
,,,,,,,,,,,,,,,,,,,,,,,,,,,,,,,,,1320,,,,,,,,,,,,,,,,,,,,,,,,,,,,,,,,,,,,,,,
,,,,,,,,,,,,,,,,,,,,,,,,,,,,,,,,,1160,,,,,,,,,,,,,,,,,,,,,,,,,,,,,,,,,,,,,,,
,,,,,,,,,,,,,,,,,,,,,,,,,,,,,,,,,1060,,,,,,,,,,,,,,,,,,,,,,,,,,,,,,,,,,,,,,,
,,,,,,,,,,,,,,,,,,,,,,,,,,,,,,,,,943,,,,,,,,,,,,,,,,,,,,,,,,,,,,,,,,,,,,,,,
,,,,,,,,,,,,,,,,,,,,,,,,,,,,,,,,,872,,,,,,,,,,,,,,,,,,,,,,,,,,,,,,,,,,,,,,,
,,,,,,,,,,,,,,,,,,,,,,,,,,,,,,,,,799,,,,,,,,,,,,,,,,,,,,,,,,,,,,,,,,,,,,,,,
,,,,,,,,,,,,,,,,,,,,,,,,,,,,,,,,,725,,,,,,,,,,,,,,,,,,,,,,,,,,,,,,,,,,,,,,,
,,,,,,,,,,,,,,,,,,,,,,,,,,,,,,,,,649,,,,,,,,,,,,,,,,,,,,,,,,,,,,,,,,,,,,,,,
,,,,,,,,,,,,,,,,,,,,,,,,,,,,,,,,,592,,,,,,,,,,,,,,,,,,,,,,,,,,,,,,,,,,,,,,,
,,,,,,,,,,,,,,,,,,,,,,,,,,,,,,,,,552,,,,,,,,,,,,,,,,,,,,,,,,,,,,,,,,,,,,,,,
,,,,,,,,,,,,,,,,,,,,,,,,,,,,,,,,,513,,,,,,,,,,,,,,,,,,,,,,,,,,,,,,,,,,,,,,,
,,,,,,,,,,,,,,,,,,,,,,,,,,,,,,,,,469,,,,,,,,,,,,,,,,,,,,,,,,,,,,,,,,,,,,,,,
,,,,,,,,,,,,,,,,,,,,,,,,,,,,,,,,,1220,,,,,,,,,,,,,,,,,,,,,,,,,,,,,,,,,,,,,,,
,,,,,,,,,,,,,,,,,,,,,,,,,,,,,,,,,1090,,,,,,,,,,,,,,,,,,,,,,,,,,,,,,,,,,,,,,,
,,,,,,,,,,,,,,,,,,,,,,,,,,,,,,,,,981,,,,,,,,,,,,,,,,,,,,,,,,,,,,,,,,,,,,,,,
,,,,,,,,,,,,,,,,,,,,,,,,,,,,,,,,,861,,,,,,,,,,,,,,,,,,,,,,,,,,,,,,,,,,,,,,,
,,,,,,,,,,,,,,,,,,,,,,,,,,,,,,,,,765,,,,,,,,,,,,,,,,,,,,,,,,,,,,,,,,,,,,,,,
,,,,,,,,,,,,,,,,,,,,,,,,,,,,,,,,,674,,,,,,,,,,,,,,,,,,,,,,,,,,,,,,,,,,,,,,,
,,,,,,,,,,,,,,,,,,,,,,,,,,,,,,,,,610,,,,,,,,,,,,,,,,,,,,,,,,,,,,,,,,,,,,,,,
,,,,,,,,,,,,,,,,,,,,,,,,,,,,,,,,,549,,,,,,,,,,,,,,,,,,,,,,,,,,,,,,,,,,,,,,,
,,,,,,,,,,,,,,,,,,,,,,,,,,,,,,,,,497,,,,,,,,,,,,,,,,,,,,,,,,,,,,,,,,,,,,,,,
,,,,,,,,,,,,,,,,,,,,,,,,,,,,,,,,,466,,,,,,,,,,,,,,,,,,,,,,,,,,,,,,,,,,,,,,,
,,,,,,,,,,,,,,,,,,,,,,,,,,,,,,,,,421,,,,,,,,,,,,,,,,,,,,,,,,,,,,,,,,,,,,,,,
,,,,,,,,,,,,,,,,,,,,,,,,,,,,,,,,,396,,,,,,,,,,,,,,,,,,,,,,,,,,,,,,,,,,,,,,,
,,,,,,,,,,,,,,,,,,,,,,,,,,,,,,,,,373,,,,,,,,,,,,,,,,,,,,,,,,,,,,,,,,,,,,,,,
,,,,,,,,,,,,,,,,,,,,,,,,,,,,,,,,,349,,,,,,,,,,,,,,,,,,,,,,,,,,,,,,,,,,,,,,,
,,,,,,,,,,,,,,,,,,,,,,,,,,,,,,,,,322,,,,,,,,,,,,,,,,,,,,,,,,,,,,,,,,,,,,,,,
,,,,,,,,,,,,,,,,,,,,,,,,,,,,,,,,,290,,,,,,,,,,,,,,,,,,,,,,,,,,,,,,,,,,,,,,,
,,,,,,,,,,,,,,,,,,,,,,,,,,,,,,,,,1530,,,,,,,,,,,,,,,,,,,,,,,,,,,,,,,,,,,,,,,
,,,,,,,,,,,,,,,,,,,,,,,,,,,,,,,,,939,,,,,,,,,,,,,,,,,,,,,,,,,,,,,,,,,,,,,,,
,,,,,,,,,,,,,,,,,,,,,,,,,,,,,,,,,839,,,,,,,,,,,,,,,,,,,,,,,,,,,,,,,,,,,,,,,
,,,,,,,,,,,,,,,,,,,,,,,,,,,,,,,,,753,,,,,,,,,,,,,,,,,,,,,,,,,,,,,,,,,,,,,,,
,,,,,,,,,,,,,,,,,,,,,,,,,,,,,,,,,677,,,,,,,,,,,,,,,,,,,,,,,,,,,,,,,,,,,,,,,
,,,,,,,,,,,,,,,,,,,,,,,,,,,,,,,,,613,,,,,,,,,,,,,,,,,,,,,,,,,,,,,,,,,,,,,,,
,,,,,,,,,,,,,,,,,,,,,,,,,,,,,,,,,556,,,,,,,,,,,,,,,,,,,,,,,,,,,,,,,,,,,,,,,
,,,,,,,,,,,,,,,,,,,,,,,,,,,,,,,,,502,,,,,,,,,,,,,,,,,,,,,,,,,,,,,,,,,,,,,,,
,,,,,,,,,,,,,,,,,,,,,,,,,,,,,,,,,444,,,,,,,,,,,,,,,,,,,,,,,,,,,,,,,,,,,,,,,
,,,,,,,,,,,,,,,,,,,,,,,,,,,,,,,,,414,,,,,,,,,,,,,,,,,,,,,,,,,,,,,,,,,,,,,,,
,,,,,,,,,,,,,,,,,,,,,,,,,,,,,,,,,372,,,,,,,,,,,,,,,,,,,,,,,,,,,,,,,,,,,,,,,
,,,,,,,,,,,,,,,,,,,,,,,,,,,,,,,,,336,,,,,,,,,,,,,,,,,,,,,,,,,,,,,,,,,,,,,,,
,,,,,,,,,,,,,,,,,,,,,,,,,,,,,,,,,323,,,,,,,,,,,,,,,,,,,,,,,,,,,,,,,,,,,,,,,
,,,,,,,,,,,,,,,,,,,,,,,,,,,,,,,,,289,,,,,,,,,,,,,,,,,,,,,,,,,,,,,,,,,,,,,,,
,,,,,,,,,,,,,,,,,,,,,,,,,,,,,,,,,258,,,,,,,,,,,,,,,,,,,,,,,,,,,,,,,,,,,,,,,
,,,,,,,,,,,,,,,,,,,,,,,,,,,,,,,,,239,,,,,,,,,,,,,,,,,,,,,,,,,,,,,,,,,,,,,,,
,,,,,,,,,,,,,,,,,,,,,,,,,,,,,,,,,216,,,,,,,,,,,,,,,,,,,,,,,,,,,,,,,,,,,,,,,
,,,,,,,,,,,,,,,,,,,,,,,,,,,,,,,,,779,,,,,,,,,,,,,,,,,,,,,,,,,,,,,,,,,,,,,,,
,,,,,,,,,,,,,,,,,,,,,,,,,,,,,,,,,686,,,,,,,,,,,,,,,,,,,,,,,,,,,,,,,,,,,,,,,
,,,,,,,,,,,,,,,,,,,,,,,,,,,,,,,,,611,,,,,,,,,,,,,,,,,,,,,,,,,,,,,,,,,,,,,,,
,,,,,,,,,,,,,,,,,,,,,,,,,,,,,,,,,546,,,,,,,,,,,,,,,,,,,,,,,,,,,,,,,,,,,,,,,
,,,,,,,,,,,,,,,,,,,,,,,,,,,,,,,,,478,,,,,,,,,,,,,,,,,,,,,,,,,,,,,,,,,,,,,,,
,,,,,,,,,,,,,,,,,,,,,,,,,,,,,,,,,431,,,,,,,,,,,,,,,,,,,,,,,,,,,,,,,,,,,,,,,
,,,,,,,,,,,,,,,,,,,,,,,,,,,,,,,,,382,,,,,,,,,,,,,,,,,,,,,,,,,,,,,,,,,,,,,,,
,,,,,,,,,,,,,,,,,,,,,,,,,,,,,,,,,350,,,,,,,,,,,,,,,,,,,,,,,,,,,,,,,,,,,,,,,
,,,,,,,,,,,,,,,,,,,,,,,,,,,,,,,,,319,,,,,,,,,,,,,,,,,,,,,,,,,,,,,,,,,,,,,,,
,,,,,,,,,,,,,,,,,,,,,,,,,,,,,,,,,293,,,,,,,,,,,,,,,,,,,,,,,,,,,,,,,,,,,,,,,
,,,,,,,,,,,,,,,,,,,,,,,,,,,,,,,,,264,,,,,,,,,,,,,,,,,,,,,,,,,,,,,,,,,,,,,,,
,,,,,,,,,,,,,,,,,,,,,,,,,,,,,,,,,238,,,,,,,,,,,,,,,,,,,,,,,,,,,,,,,,,,,,,,,
,,,,,,,,,,,,,,,,,,,,,,,,,,,,,,,,,212,,,,,,,,,,,,,,,,,,,,,,,,,,,,,,,,,,,,,,,
,,,,,,,,,,,,,,,,,,,,,,,,,,,,,,,,,189,,,,,,,,,,,,,,,,,,,,,,,,,,,,,,,,,,,,,,,
,,,,,,,,,,,,,,,,,,,,,,,,,,,,,,,,,204,,,,,,,,,,,,,,,,,,,,,,,,,,,,,,,,,,,,,,,
,,,,,,,,,,,,,,,,,,,,,,,,,,,,,,,,,186,,,,,,,,,,,,,,,,,,,,,,,,,,,,,,,,,,,,,,,
,,,,,,,,,,,,,,,,,,,,,,,,,,,,,,,,,166,,,,,,,,,,,,,,,,,,,,,,,,,,,,,,,,,,,,,,,
,,,,,,,,,,,,,,,,,,,,,,,,,,,,,,,,,151,,,,,,,,,,,,,,,,,,,,,,,,,,,,,,,,,,,,,,,
,,,,,,,,,,,,,,,,,,,,,,,,,,,,,,,,,137,,,,,,,,,,,,,,,,,,,,,,,,,,,,,,,,,,,,,,,
,,,,,,,,,,,,,,,,,,,,,,,,,,,,,,,,,131,,,,,,,,,,,,,,,,,,,,,,,,,,,,,,,,,,,,,,,
,,,,,,,,,,,,,,,,,,,,,,,,,,,,,,,,,117,,,,,,,,,,,,,,,,,,,,,,,,,,,,,,,,,,,,,,,
,,,,,,,,,,,,,,,,,,,,,,,,,,,,,,,,,420,,,,,,,,,,,,,,,,,,,,,,,,,,,,,,,,,,,,,,,
,,,,,,,,,,,,,,,,,,,,,,,,,,,,,,,,,368,,,,,,,,,,,,,,,,,,,,,,,,,,,,,,,,,,,,,,,
,,,,,,,,,,,,,,,,,,,,,,,,,,,,,,,,,324,,,,,,,,,,,,,,,,,,,,,,,,,,,,,,,,,,,,,,,
,,,,,,,,,,,,,,,,,,,,,,,,,,,,,,,,,285,,,,,,,,,,,,,,,,,,,,,,,,,,,,,,,,,,,,,,,
,,,,,,,,,,,,,,,,,,,,,,,,,,,,,,,,,253,,,,,,,,,,,,,,,,,,,,,,,,,,,,,,,,,,,,,,,
,,,,,,,,,,,,,,,,,,,,,,,,,,,,,,,,,226,,,,,,,,,,,,,,,,,,,,,,,,,,,,,,,,,,,,,,,
,,,,,,,,,,,,,,,,,,,,,,,,,,,,,,,,,204,,,,,,,,,,,,,,,,,,,,,,,,,,,,,,,,,,,,,,,
,,,,,,,,,,,,,,,,,,,,,,,,,,,,,,,,,181,,,,,,,,,,,,,,,,,,,,,,,,,,,,,,,,,,,,,,,
,,,,,,,,,,,,,,,,,,,,,,,,,,,,,,,,,166,,,,,,,,,,,,,,,,,,,,,,,,,,,,,,,,,,,,,,,
,,,,,,,,,,,,,,,,,,,,,,,,,,,,,,,,,150,,,,,,,,,,,,,,,,,,,,,,,,,,,,,,,,,,,,,,,
,,,,,,,,,,,,,,,,,,,,,,,,,,,,,,,,,135,,,,,,,,,,,,,,,,,,,,,,,,,,,,,,,,,,,,,,,
,,,,,,,,,,,,,,,,,,,,,,,,,,,,,,,,,144,,,,,,,,,,,,,,,,,,,,,,,,,,,,,,,,,,,,,,,
,,,,,,,,,,,,,,,,,,,,,,,,,,,,,,,,,127,,,,,,,,,,,,,,,,,,,,,,,,,,,,,,,,,,,,,,,
,,,,,,,,,,,,,,,,,,,,,,,,,,,,,,,,,110,,,,,,,,,,,,,,,,,,,,,,,,,,,,,,,,,,,,,,,
,,,,,,,,,,,,,,,,,,,,,,,,,,,,,,,,,103,,,,,,,,,,,,,,,,,,,,,,,,,,,,,,,,,,,,,,,
,,,,,,,,,,,,,,,,,,,,,,,,,,,,,,,,,93.8,,,,,,,,,,,,,,,,,,,,,,,,,,,,,,,,,,,,,,,
,,,,,,,,,,,,,,,,,,,,,,,,,,,,,,,,,84.4,,,,,,,,,,,,,,,,,,,,,,,,,,,,,,,,,,,,,,,
,,,,,,,,,,,,,,,,,,,,,,,,,,,,,,,,,74.9,,,,,,,,,,,,,,,,,,,,,,,,,,,,,,,,,,,,,,,
,,,,,,,,,,,,,,,,,,,,,,,,,,,,,,,,,90.4,,,,,,,,,,,,,,,,,,,,,,,,,,,,,,,,,,,,,,,
,,,,,,,,,,,,,,,,,,,,,,,,,,,,,,,,,80.3,,,,,,,,,,,,,,,,,,,,,,,,,,,,,,,,,,,,,,,
,,,,,,,,,,,,,,,,,,,,,,,,,,,,,,,,,71.1,,,,,,,,,,,,,,,,,,,,,,,,,,,,,,,,,,,,,,,
,,,,,,,,,,,,,,,,,,,,,,,,,,,,,,,,,383,,,,,,,,,,,,,,,,,,,,,,,,,,,,,,,,,,,,,,,
,,,,,,,,,,,,,,,,,,,,,,,,,,,,,,,,,337,,,,,,,,,,,,,,,,,,,,,,,,,,,,,,,,,,,,,,,
,,,,,,,,,,,,,,,,,,,,,,,,,,,,,,,,,298,,,,,,,,,,,,,,,,,,,,,,,,,,,,,,,,,,,,,,,
,,,,,,,,,,,,,,,,,,,,,,,,,,,,,,,,,261,,,,,,,,,,,,,,,,,,,,,,,,,,,,,,,,,,,,,,,
,,,,,,,,,,,,,,,,,,,,,,,,,,,,,,,,,229,,,,,,,,,,,,,,,,,,,,,,,,,,,,,,,,,,,,,,,
,,,,,,,,,,,,,,,,,,,,,,,,,,,,,,,,,202,,,,,,,,,,,,,,,,,,,,,,,,,,,,,,,,,,,,,,,
,,,,,,,,,,,,,,,,,,,,,,,,,,,,,,,,,181,,,,,,,,,,,,,,,,,,,,,,,,,,,,,,,,,,,,,,,
,,,,,,,,,,,,,,,,,,,,,,,,,,,,,,,,,160,,,,,,,,,,,,,,,,,,,,,,,,,,,,,,,,,,,,,,,
,,,,,,,,,,,,,,,,,,,,,,,,,,,,,,,,,142,,,,,,,,,,,,,,,,,,,,,,,,,,,,,,,,,,,,,,,
,,,,,,,,,,,,,,,,,,,,,,,,,,,,,,,,,127,,,,,,,,,,,,,,,,,,,,,,,,,,,,,,,,,,,,,,,
,,,,,,,,,,,,,,,,,,,,,,,,,,,,,,,,,119,,,,,,,,,,,,,,,,,,,,,,,,,,,,,,,,,,,,,,,
,,,,,,,,,,,,,,,,,,,,,,,,,,,,,,,,,104,,,,,,,,,,,,,,,,,,,,,,,,,,,,,,,,,,,,,,,
,,,,,,,,,,,,,,,,,,,,,,,,,,,,,,,,,93.8,,,,,,,,,,,,,,,,,,,,,,,,,,,,,,,,,,,,,,,
,,,,,,,,,,,,,,,,,,,,,,,,,,,,,,,,,82.4,,,,,,,,,,,,,,,,,,,,,,,,,,,,,,,,,,,,,,,
,,,,,,,,,,,,,,,,,,,,,,,,,,,,,,,,,71.8,,,,,,,,,,,,,,,,,,,,,,,,,,,,,,,,,,,,,,,
,,,,,,,,,,,,,,,,,,,,,,,,,,,,,,,,,78.2,,,,,,,,,,,,,,,,,,,,,,,,,,,,,,,,,,,,,,,
,,,,,,,,,,,,,,,,,,,,,,,,,,,,,,,,,70.7,,,,,,,,,,,,,,,,,,,,,,,,,,,,,,,,,,,,,,,
,,,,,,,,,,,,,,,,,,,,,,,,,,,,,,,,,64.7,,,,,,,,,,,,,,,,,,,,,,,,,,,,,,,,,,,,,,,
,,,,,,,,,,,,,,,,,,,,,,,,,,,,,,,,,59.5,,,,,,,,,,,,,,,,,,,,,,,,,,,,,,,,,,,,,,,
,,,,,,,,,,,,,,,,,,,,,,,,,,,,,,,,,53.5,,,,,,,,,,,,,,,,,,,,,,,,,,,,,,,,,,,,,,,
,,,,,,,,,,,,,,,,,,,,,,,,,,,,,,,,,52.1,,,,,,,,,,,,,,,,,,,,,,,,,,,,,,,,,,,,,,,
,,,,,,,,,,,,,,,,,,,,,,,,,,,,,,,,,44.8,,,,,,,,,,,,,,,,,,,,,,,,,,,,,,,,,,,,,,,
,,,,,,,,,,,,,,,,,,,,,,,,,,,,,,,,,40.1,,,,,,,,,,,,,,,,,,,,,,,,,,,,,,,,,,,,,,,
,,,,,,,,,,,,,,,,,,,,,,,,,,,,,,,,,76.8,,,,,,,,,,,,,,,,,,,,,,,,,,,,,,,,,,,,,,,
,,,,,,,,,,,,,,,,,,,,,,,,,,,,,,,,,67.2,,,,,,,,,,,,,,,,,,,,,,,,,,,,,,,,,,,,,,,
,,,,,,,,,,,,,,,,,,,,,,,,,,,,,,,,,56.9,,,,,,,,,,,,,,,,,,,,,,,,,,,,,,,,,,,,,,,
,,,,,,,,,,,,,,,,,,,,,,,,,,,,,,,,,48.6,,,,,,,,,,,,,,,,,,,,,,,,,,,,,,,,,,,,,,,
,,,,,,,,,,,,,,,,,,,,,,,,,,,,,,,,,48.7,,,,,,,,,,,,,,,,,,,,,,,,,,,,,,,,,,,,,,,
,,,,,,,,,,,,,,,,,,,,,,,,,,,,,,,,,42.3,,,,,,,,,,,,,,,,,,,,,,,,,,,,,,,,,,,,,,,
,,,,,,,,,,,,,,,,,,,,,,,,,,,,,,,,,37.8,,,,,,,,,,,,,,,,,,,,,,,,,,,,,,,,,,,,,,,
,,,,,,,,,,,,,,,,,,,,,,,,,,,,,,,,,33.1,,,,,,,,,,,,,,,,,,,,,,,,,,,,,,,,,,,,,,,
,,,,,,,,,,,,,,,,,,,,,,,,,,,,,,,,,30.6,,,,,,,,,,,,,,,,,,,,,,,,,,,,,,,,,,,,,,,
,,,,,,,,,,,,,,,,,,,,,,,,,,,,,,,,,27.5,,,,,,,,,,,,,,,,,,,,,,,,,,,,,,,,,,,,,,,
,,,,,,,,,,,,,,,,,,,,,,,,,,,,,,,,,23.5,,,,,,,,,,,,,,,,,,,,,,,,,,,,,,,,,,,,,,,
,,,,,,,,,,,,,,,,,,,,,,,,,,,,,,,,,1040,,,,,,,,,,,,,,,,,,,,,,,,,,,,,,,,,,,,,,,
,,,,,,,,,,,,,,,,,,,,,,,,,,,,,,,,,898,,,,,,,,,,,,,,,,,,,,,,,,,,,,,,,,,,,,,,,
,,,,,,,,,,,,,,,,,,,,,,,,,,,,,,,,,739,,,,,,,,,,,,,,,,,,,,,,,,,,,,,,,,,,,,,,,
,,,,,,,,,,,,,,,,,,,,,,,,,,,,,,,,,622,,,,,,,,,,,,,,,,,,,,,,,,,,,,,,,,,,,,,,,
,,,,,,,,,,,,,,,,,,,,,,,,,,,,,,,,,524,,,,,,,,,,,,,,,,,,,,,,,,,,,,,,,,,,,,,,,
,,,,,,,,,,,,,,,,,,,,,,,,,,,,,,,,,442,,,,,,,,,,,,,,,,,,,,,,,,,,,,,,,,,,,,,,,
,,,,,,,,,,,,,,,,,,,,,,,,,,,,,,,,,375,,,,,,,,,,,,,,,,,,,,,,,,,,,,,,,,,,,,,,,
,,,,,,,,,,,,,,,,,,,,,,,,,,,,,,,,,321,,,,,,,,,,,,,,,,,,,,,,,,,,,,,,,,,,,,,,,
,,,,,,,,,,,,,,,,,,,,,,,,,,,,,,,,,287,,,,,,,,,,,,,,,,,,,,,,,,,,,,,,,,,,,,,,,
,,,,,,,,,,,,,,,,,,,,,,,,,,,,,,,,,257,,,,,,,,,,,,,,,,,,,,,,,,,,,,,,,,,,,,,,,
,,,,,,,,,,,,,,,,,,,,,,,,,,,,,,,,,229,,,,,,,,,,,,,,,,,,,,,,,,,,,,,,,,,,,,,,,
,,,,,,,,,,,,,,,,,,,,,,,,,,,,,,,,,203,,,,,,,,,,,,,,,,,,,,,,,,,,,,,,,,,,,,,,,
,,,,,,,,,,,,,,,,,,,,,,,,,,,,,,,,,176,,,,,,,,,,,,,,,,,,,,,,,,,,,,,,,,,,,,,,,
,,,,,,,,,,,,,,,,,,,,,,,,,,,,,,,,,153,,,,,,,,,,,,,,,,,,,,,,,,,,,,,,,,,,,,,,,
,,,,,,,,,,,,,,,,,,,,,,,,,,,,,,,,,133,,,,,,,,,,,,,,,,,,,,,,,,,,,,,,,,,,,,,,,
,,,,,,,,,,,,,,,,,,,,,,,,,,,,,,,,,116,,,,,,,,,,,,,,,,,,,,,,,,,,,,,,,,,,,,,,,
,,,,,,,,,,,,,,,,,,,,,,,,,,,,,,,,,102,,,,,,,,,,,,,,,,,,,,,,,,,,,,,,,,,,,,,,,
,,,,,,,,,,,,,,,,,,,,,,,,,,,,,,,,,89.8,,,,,,,,,,,,,,,,,,,,,,,,,,,,,,,,,,,,,,,
,,,,,,,,,,,,,,,,,,,,,,,,,,,,,,,,,80.5,,,,,,,,,,,,,,,,,,,,,,,,,,,,,,,,,,,,,,,
,,,,,,,,,,,,,,,,,,,,,,,,,,,,,,,,,70.2,,,,,,,,,,,,,,,,,,,,,,,,,,,,,,,,,,,,,,,
,,,,,,,,,,,,,,,,,,,,,,,,,,,,,,,,,62.5,,,,,,,,,,,,,,,,,,,,,,,,,,,,,,,,,,,,,,,
,,,,,,,,,,,,,,,,,,,,,,,,,,,,,,,,,57.8,,,,,,,,,,,,,,,,,,,,,,,,,,,,,,,,,,,,,,,
,,,,,,,,,,,,,,,,,,,,,,,,,,,,,,,,,51.7,,,,,,,,,,,,,,,,,,,,,,,,,,,,,,,,,,,,,,,
,,,,,,,,,,,,,,,,,,,,,,,,,,,,,,,,,45.3,,,,,,,,,,,,,,,,,,,,,,,,,,,,,,,,,,,,,,,
,,,,,,,,,,,,,,,,,,,,,,,,,,,,,,,,,40.9,,,,,,,,,,,,,,,,,,,,,,,,,,,,,,,,,,,,,,,
,,,,,,,,,,,,,,,,,,,,,,,,,,,,,,,,,36.5,,,,,,,,,,,,,,,,,,,,,,,,,,,,,,,,,,,,,,,
,,,,,,,,,,,,,,,,,,,,,,,,,,,,,,,,,41.2,,,,,,,,,,,,,,,,,,,,,,,,,,,,,,,,,,,,,,,
,,,,,,,,,,,,,,,,,,,,,,,,,,,,,,,,,36.0,,,,,,,,,,,,,,,,,,,,,,,,,,,,,,,,,,,,,,,
,,,,,,,,,,,,,,,,,,,,,,,,,,,,,,,,,32.6,,,,,,,,,,,,,,,,,,,,,,,,,,,,,,,,,,,,,,,
,,,,,,,,,,,,,,,,,,,,,,,,,,,,,,,,,28.9,,,,,,,,,,,,,,,,,,,,,,,,,,,,,,,,,,,,,,,
,,,,,,,,,,,,,,,,,,,,,,,,,,,,,,,,,27.6,,,,,,,,,,,,,,,,,,,,,,,,,,,,,,,,,,,,,,,
,,,,,,,,,,,,,,,,,,,,,,,,,,,,,,,,,24.9,,,,,,,,,,,,,,,,,,,,,,,,,,,,,,,,,,,,,,,
,,,,,,,,,,,,,,,,,,,,,,,,,,,,,,,,,21.9,,,,,,,,,,,,,,,,,,,,,,,,,,,,,,,,,,,,,,,
,,,,,,,,,,,,,,,,,,,,,,,,,,,,,,,,,23.3,,,,,,,,,,,,,,,,,,,,,,,,,,,,,,,,,,,,,,,
,,,,,,,,,,,,,,,,,,,,,,,,,,,,,,,,,20.9,,,,,,,,,,,,,,,,,,,,,,,,,,,,,,,,,,,,,,,
,,,,,,,,,,,,,,,,,,,,,,,,,,,,,,,,,19.0,,,,,,,,,,,,,,,,,,,,,,,,,,,,,,,,,,,,,,,
,,,,,,,,,,,,,,,,,,,,,,,,,,,,,,,,,17.3,,,,,,,,,,,,,,,,,,,,,,,,,,,,,,,,,,,,,,,
,,,,,,,,,,,,,,,,,,,,,,,,,,,,,,,,,14.8,,,,,,,,,,,,,,,,,,,,,,,,,,,,,,,,,,,,,,,
,,,,,,,,,,,,,,,,,,,,,,,,,,,,,,,,,190,,,,,,,,,,,,,,,,,,,,,,,,,,,,,,,,,,,,,,,
,,,,,,,,,,,,,,,,,,,,,,,,,,,,,,,,,162,,,,,,,,,,,,,,,,,,,,,,,,,,,,,,,,,,,,,,,
,,,,,,,,,,,,,,,,,,,,,,,,,,,,,,,,,141,,,,,,,,,,,,,,,,,,,,,,,,,,,,,,,,,,,,,,,
,,,,,,,,,,,,,,,,,,,,,,,,,,,,,,,,,121,,,,,,,,,,,,,,,,,,,,,,,,,,,,,,,,,,,,,,,
,,,,,,,,,,,,,,,,,,,,,,,,,,,,,,,,,106,,,,,,,,,,,,,,,,,,,,,,,,,,,,,,,,,,,,,,,
,,,,,,,,,,,,,,,,,,,,,,,,,,,,,,,,,92.1,,,,,,,,,,,,,,,,,,,,,,,,,,,,,,,,,,,,,,,
,,,,,,,,,,,,,,,,,,,,,,,,,,,,,,,,,79.0,,,,,,,,,,,,,,,,,,,,,,,,,,,,,,,,,,,,,,,
,,,,,,,,,,,,,,,,,,,,,,,,,,,,,,,,,67.8,,,,,,,,,,,,,,,,,,,,,,,,,,,,,,,,,,,,,,,
,,,,,,,,,,,,,,,,,,,,,,,,,,,,,,,,,58.5,,,,,,,,,,,,,,,,,,,,,,,,,,,,,,,,,,,,,,,
,,,,,,,,,,,,,,,,,,,,,,,,,,,,,,,,,50.6,,,,,,,,,,,,,,,,,,,,,,,,,,,,,,,,,,,,,,,
,,,,,,,,,,,,,,,,,,,,,,,,,,,,,,,,,43.4,,,,,,,,,,,,,,,,,,,,,,,,,,,,,,,,,,,,,,,
,,,,,,,,,,,,,,,,,,,,,,,,,,,,,,,,,36.3,,,,,,,,,,,,,,,,,,,,,,,,,,,,,,,,,,,,,,,
,,,,,,,,,,,,,,,,,,,,,,,,,,,,,,,,,32.0,,,,,,,,,,,,,,,,,,,,,,,,,,,,,,,,,,,,,,,
,,,,,,,,,,,,,,,,,,,,,,,,,,,,,,,,,28.9,,,,,,,,,,,,,,,,,,,,,,,,,,,,,,,,,,,,,,,
,,,,,,,,,,,,,,,,,,,,,,,,,,,,,,,,,25.8,,,,,,,,,,,,,,,,,,,,,,,,,,,,,,,,,,,,,,,
,,,,,,,,,,,,,,,,,,,,,,,,,,,,,,,,,23.2,,,,,,,,,,,,,,,,,,,,,,,,,,,,,,,,,,,,,,,
,,,,,,,,,,,,,,,,,,,,,,,,,,,,,,,,,20.6,,,,,,,,,,,,,,,,,,,,,,,,,,,,,,,,,,,,,,,
,,,,,,,,,,,,,,,,,,,,,,,,,,,,,,,,,19.1,,,,,,,,,,,,,,,,,,,,,,,,,,,,,,,,,,,,,,,
,,,,,,,,,,,,,,,,,,,,,,,,,,,,,,,,,17.7,,,,,,,,,,,,,,,,,,,,,,,,,,,,,,,,,,,,,,,
,,,,,,,,,,,,,,,,,,,,,,,,,,,,,,,,,18.7,,,,,,,,,,,,,,,,,,,,,,,,,,,,,,,,,,,,,,,
,,,,,,,,,,,,,,,,,,,,,,,,,,,,,,,,,16.6,,,,,,,,,,,,,,,,,,,,,,,,,,,,,,,,,,,,,,,
,,,,,,,,,,,,,,,,,,,,,,,,,,,,,,,,,14.4,,,,,,,,,,,,,,,,,,,,,,,,,,,,,,,,,,,,,,,
,,,,,,,,,,,,,,,,,,,,,,,,,,,,,,,,,16.0,,,,,,,,,,,,,,,,,,,,,,,,,,,,,,,,,,,,,,,
,,,,,,,,,,,,,,,,,,,,,,,,,,,,,,,,,13.5,,,,,,,,,,,,,,,,,,,,,,,,,,,,,,,,,,,,,,,
,,,,,,,,,,,,,,,,,,,,,,,,,,,,,,,,,11.7,,,,,,,,,,,,,,,,,,,,,,,,,,,,,,,,,,,,,,,
,,,,,,,,,,,,,,,,,,,,,,,,,,,,,,,,,11.7,,,,,,,,,,,,,,,,,,,,,,,,,,,,,,,,,,,,,,,
,,,,,,,,,,,,,,,,,,,,,,,,,,,,,,,,,10.1,,,,,,,,,,,,,,,,,,,,,,,,,,,,,,,,,,,,,,,
,,,,,,,,,,,,,,,,,,,,,,,,,,,,,,,,,8.70,,,,,,,,,,,,,,,,,,,,,,,,,,,,,,,,,,,,,,,
,,,,,,,,,,,,,,,,,,,,,,,,,,,,,,,,,7.67,,,,,,,,,,,,,,,,,,,,,,,,,,,,,,,,,,,,,,,
,,,,,,,,,,,,,,,,,,,,,,,,,,,,,,,,,28.6,,,,,,,,,,,,,,,,,,,,,,,,,,,,,,,,,,,,,,,
,,,,,,,,,,,,,,,,,,,,,,,,,,,,,,,,,24.5,,,,,,,,,,,,,,,,,,,,,,,,,,,,,,,,,,,,,,,
,,,,,,,,,,,,,,,,,,,,,,,,,,,,,,,,,20.8,,,,,,,,,,,,,,,,,,,,,,,,,,,,,,,,,,,,,,,
,,,,,,,,,,,,,,,,,,,,,,,,,,,,,,,,,17.4,,,,,,,,,,,,,,,,,,,,,,,,,,,,,,,,,,,,,,,
,,,,,,,,,,,,,,,,,,,,,,,,,,,,,,,,,14.9,,,,,,,,,,,,,,,,,,,,,,,,,,,,,,,,,,,,,,,
,,,,,,,,,,,,,,,,,,,,,,,,,,,,,,,,,12.9,,,,,,,,,,,,,,,,,,,,,,,,,,,,,,,,,,,,,,,
,,,,,,,,,,,,,,,,,,,,,,,,,,,,,,,,,11.1,,,,,,,,,,,,,,,,,,,,,,,,,,,,,,,,,,,,,,,
,,,,,,,,,,,,,,,,,,,,,,,,,,,,,,,,,10.0,,,,,,,,,,,,,,,,,,,,,,,,,,,,,,,,,,,,,,,
,,,,,,,,,,,,,,,,,,,,,,,,,,,,,,,,,10.2,,,,,,,,,,,,,,,,,,,,,,,,,,,,,,,,,,,,,,,
,,,,,,,,,,,,,,,,,,,,,,,,,,,,,,,,,8.84,,,,,,,,,,,,,,,,,,,,,,,,,,,,,,,,,,,,,,,
,,,,,,,,,,,,,,,,,,,,,,,,,,,,,,,,,7.71,,,,,,,,,,,,,,,,,,,,,,,,,,,,,,,,,,,,,,,
,,,,,,,,,,,,,,,,,,,,,,,,,,,,,,,,,9.28,,,,,,,,,,,,,,,,,,,,,,,,,,,,,,,,,,,,,,,
,,,,,,,,,,,,,,,,,,,,,,,,,,,,,,,,,7.86,,,,,,,,,,,,,,,,,,,,,,,,,,,,,,,,,,,,,,,
,,,,,,,,,,,,,,,,,,,,,,,,,,,,,,,,,6.88,,,,,,,,,,,,,,,,,,,,,,,,,,,,,,,,,,,,,,,
,,,,,,,,,,,,,,,,,,,,,,,,,,,,,,,,,6.68,,,,,,,,,,,,,,,,,,,,,,,,,,,,,,,,,,,,,,,
,,,,,,,,,,,,,,,,,,,,,,,,,,,,,,,,,6.06,,,,,,,,,,,,,,,,,,,,,,,,,,,,,,,,,,,,,,,
,,,,,,,,,,,,,,,,,,,,,,,,,,,,,,,,,5.45,,,,,,,,,,,,,,,,,,,,,,,,,,,,,,,,,,,,,,,
,,,,,,,,,,,,,,,,,,,,,,,,,,,,,,,,,4.35,,,,,,,,,,,,,,,,,,,,,,,,,,,,,,,,,,,,,,,
,,,,,,,,,,,,,,,,,,,,,,,,,,,,,,,,,10.9,,,,,,,,,,,,,,,,,,,,,,,,,,,,,,,,,,,,,,,
,,,,,,,,,,,,,,,,,,,,,,,,,,,,,,,,,9.12,,,,,,,,,,,,,,,,,,,,,,,,,,,,,,,,,,,,,,,
,,,,,,,,,,,,,,,,,,,,,,,,,,,,,,,,,6.85,,,,,,,,,,,,,,,,,,,,,,,,,,,,,,,,,,,,,,,
,,,,,,,,,,,,,,,,,,,,,,,,,,,,,,,,,5.73,,,,,,,,,,,,,,,,,,,,,,,,,,,,,,,,,,,,,,,
,,,,,,,,,,,,,,,,,,,,,,,,,,,,,,,,,4.82,,,,,,,,,,,,,,,,,,,,,,,,,,,,,,,,,,,,,,,
,,,,,,,,,,,,,,,,,,,,,,,,,,,,,,,,,4.28,,,,,,,,,,,,,,,,,,,,,,,,,,,,,,,,,,,,,,,
,,,,,,,,,,,,,,,,,,,,,,,,,,,,,,,,,4.23,,,,,,,,,,,,,,,,,,,,,,,,,,,,,,,,,,,,,,,
,,,,,,,,,,,,,,,,,,,,,,,,,,,,,,,,,3.53,,,,,,,,,,,,,,,,,,,,,,,,,,,,,,,,,,,,,,,
,,,,,,,,,,,,,,,,,,,,,,,,,,,,,,,,,3.90,,,,,,,,,,,,,,,,,,,,,,,,,,,,,,,,,,,,,,,
,,,,,,,,,,,,,,,,,,,,,,,,,,,,,,,,,3.41,,,,,,,,,,,,,,,,,,,,,,,,,,,,,,,,,,,,,,,
,,,,,,,,,,,,,,,,,,,,,,,,,,,,,,,,,3.28,,,,,,,,,,,,,,,,,,,,,,,,,,,,,,,,,,,,,,,
,,,,,,,,,,,,,,,,,,,,,,,,,,,,,,,,,2.89,,,,,,,,,,,,,,,,,,,,,,,,,,,,,,,,,,,,,,,
,,,,,,,,,,,,,,,,,,,,,,,,,,,,,,,,,2.15,,,,,,,,,,,,,,,,,,,,,,,,,,,,,,,,,,,,,,,
,,,,,,,,,,,,,,,,,,,,,,,,,,,,,,,,,2.29,,,,,,,,,,,,,,,,,,,,,,,,,,,,,,,,,,,,,,,
,,,,,,,,,,,,,,,,,,,,,,,,,,,,,,,,,1.76,,,,,,,,,,,,,,,,,,,,,,,,,,,,,,,,,,,,,,,
,,,,,,,,,,,,,,,,,,,,,,,,,,,,,,,,,1.41,,,,,,,,,,,,,,,,,,,,,,,,,,,,,,,,,,,,,,,
,,,,,,,,,,,,,,,,,,,,,,,,,,,,,,,,,1.69,,,,,,,,,,,,,,,,,,,,,,,,,,,,,,,,,,,,,,,
,,,,,,,,,,,,,,,,,,,,,,,,,,,,,,,,,1.32,,,,,,,,,,,,,,,,,,,,,,,,,,,,,,,,,,,,,,,
,,,,,,,,,,,,,,,,,,,,,,,,,,,,,,,,,0.950,,,,,,,,,,,,,,,,,,,,,,,,,,,,,,,,,,,,,,,
,,,,,,,,,,,,,,,,,,,,,,,,,,,,,,,,,0.905,,,,,,,,,,,,,,,,,,,,,,,,,,,,,,,,,,,,,,,
,,,,,,,,,,,,,,,,,,,,,,,,,,,,,,,,,1.01,,,,,,,,,,,,,,,,,,,,,,,,,,,,,,,,,,,,,,,
,,,,,,,,,,,,,,,,,,,,,,,,,,,,,,,,,0.845,,,,,,,,,,,,,,,,,,,,,,,,,,,,,,,,,,,,,,,
,,,,,,,,,,,,,,,,,,,,,,,,,,,,,,,,,0.526,,,,,,,,,,,,,,,,,,,,,,,,,,,,,,,,,,,,,,,
,,,,,,,,,,,,,,,,,,,,,,,,,,,,,,,,,7.29,,,,,,,,,,,,,,,,,,,,,,,,,,,,,,,,,,,,,,,
,,,,,,,,,,,,,,,,,,,,,,,,,,,,,,,,,6.94,,,,,,,,,,,,,,,,,,,,,,,,,,,,,,,,,,,,,,,
,,,,,,,,,,,,,,,,,,,,,,,,,,,,,,,,,6.61,,,,,,,,,,,,,,,,,,,,,,,,,,,,,,,,,,,,,,,
,,,,,,,,,,,,,,,,,,,,,,,,,,,,,,,,,6.03,,,,,,,,,,,,,,,,,,,,,,,,,,,,,,,,,,,,,,,
,,,,,,,,,,,,,,,,,,,,,,,,,,,,,,,,,5.62,,,,,,,,,,,,,,,,,,,,,,,,,,,,,,,,,,,,,,,
,,,,,,,,,,,,,,,,,,,,,,,,,,,,,,,,,3.47,,,,,,,,,,,,,,,,,,,,,,,,,,,,,,,,,,,,,,,
,,,,,,,,,,,,,,,,,,,,,,,,,,,,,,,,,3.08,,,,,,,,,,,,,,,,,,,,,,,,,,,,,,,,,,,,,,,
,,,,,,,,,,,,,,,,,,,,,,,,,,,,,,,,,2.91,,,,,,,,,,,,,,,,,,,,,,,,,,,,,,,,,,,,,,,
,,,,,,,,,,,,,,,,,,,,,,,,,,,,,,,,,1.57,,,,,,,,,,,,,,,,,,,,,,,,,,,,,,,,,,,,,,,
,,,,,,,,,,,,,,,,,,,,,,,,,,,,,,,,,1.50,,,,,,,,,,,,,,,,,,,,,,,,,,,,,,,,,,,,,,,
,,,,,,,,,,,,,,,,,,,,,,,,,,,,,,,,,0.579,,,,,,,,,,,,,,,,,,,,,,,,,,,,,,,,,,,,,,,
,,,,,,,,,,,,,,,,,,,,,,,,,,,,,,,,,0.483,,,,,,,,,,,,,,,,,,,,,,,,,,,,,,,,,,,,,,,
,,,,,,,,,,,,,,,,,,,,,,,,,,,,,,,,,1.05,,,,,,,,,,,,,,,,,,,,,,,,,,,,,,,,,,,,,,,
,,,,,,,,,,,,,,,,,,,,,,,,,,,,,,,,,0.208,,,,,,,,,,,,,,,,,,,,,,,,,,,,,,,,,,,,,,,
,,,,,,,,,,,,,,,,,,,,,,,,,,,,,,,,,259,,,,,,,,,,,,,,,,,,,,,,,,,,,,,,,,,,,,,,,
,,,,,,,,,,,,,,,,,,,,,,,,,,,,,,,,,216,,,,,,,,,,,,,,,,,,,,,,,,,,,,,,,,,,,,,,,
,,,,,,,,,,,,,,,,,,,,,,,,,,,,,,,,,215,,,,,,,,,,,,,,,,,,,,,,,,,,,,,,,,,,,,,,,
,,,,,,,,,,,,,,,,,,,,,,,,,,,,,,,,,190,,,,,,,,,,,,,,,,,,,,,,,,,,,,,,,,,,,,,,,
,,,,,,,,,,,,,,,,,,,,,,,,,,,,,,,,,162,,,,,,,,,,,,,,,,,,,,,,,,,,,,,,,,,,,,,,,
,,,,,,,,,,,,,,,,,,,,,,,,,,,,,,,,,143,,,,,,,,,,,,,,,,,,,,,,,,,,,,,,,,,,,,,,,
,,,,,,,,,,,,,,,,,,,,,,,,,,,,,,,,,124,,,,,,,,,,,,,,,,,,,,,,,,,,,,,,,,,,,,,,,
,,,,,,,,,,,,,,,,,,,,,,,,,,,,,,,,,109,,,,,,,,,,,,,,,,,,,,,,,,,,,,,,,,,,,,,,,
,,,,,,,,,,,,,,,,,,,,,,,,,,,,,,,,,92.9,,,,,,,,,,,,,,,,,,,,,,,,,,,,,,,,,,,,,,,
,,,,,,,,,,,,,,,,,,,,,,,,,,,,,,,,,84.5,,,,,,,,,,,,,,,,,,,,,,,,,,,,,,,,,,,,,,,
,,,,,,,,,,,,,,,,,,,,,,,,,,,,,,,,,62.3,,,,,,,,,,,,,,,,,,,,,,,,,,,,,,,,,,,,,,,
,,,,,,,,,,,,,,,,,,,,,,,,,,,,,,,,,40.5,,,,,,,,,,,,,,,,,,,,,,,,,,,,,,,,,,,,,,,
,,,,,,,,,,,,,,,,,,,,,,,,,,,,,,,,,32.9,,,,,,,,,,,,,,,,,,,,,,,,,,,,,,,,,,,,,,,
,,,,,,,,,,,,,,,,,,,,,,,,,,,,,,,,,25.1,,,,,,,,,,,,,,,,,,,,,,,,,,,,,,,,,,,,,,,
,,,,,,,,,,,,,,,,,,,,,,,,,,,,,,,,,18.9,,,,,,,,,,,,,,,,,,,,,,,,,,,,,,,,,,,,,,,
,,,,,,,,,,,,,,,,,,,,,,,,,,,,,,,,,17.2,,,,,,,,,,,,,,,,,,,,,,,,,,,,,,,,,,,,,,,
,,,,,,,,,,,,,,,,,,,,,,,,,,,,,,,,,14.8,,,,,,,,,,,,,,,,,,,,,,,,,,,,,,,,,,,,,,,
,,,,,,,,,,,,,,,,,,,,,,,,,,,,,,,,,12.5,,,,,,,,,,,,,,,,,,,,,,,,,,,,,,,,,,,,,,,
,,,,,,,,,,,,,,,,,,,,,,,,,,,,,,,,,7.79,,,,,,,,,,,,,,,,,,,,,,,,,,,,,,,,,,,,,,,
,,,,,,,,,,,,,,,,,,,,,,,,,,,,,,,,,5.00,,,,,,,,,,,,,,,,,,,,,,,,,,,,,,,,,,,,,,,
,,,,,,,,,,,,,,,,,,,,,,,,,,,,,,,,,3.49,,,,,,,,,,,,,,,,,,,,,,,,,,,,,,,,,,,,,,,
,,,,,,,,,,,,,,,,,,,,,,,,,,,,,,,,,2.12,,,,,,,,,,,,,,,,,,,,,,,,,,,,,,,,,,,,,,,
,,,,,,,,,,,,,,,,,,,,,,,,,,,,,,,,,1.26,,,,,,,,,,,,,,,,,,,,,,,,,,,,,,,,,,,,,,,
,,,,,,,,,,,,,,,,,,,,,,,,,,,,,,,,,0.671,,,,,,,,,,,,,,,,,,,,,,,,,,,,,,,,,,,,,,,
,,,,,,,,,,,,,,,,,,,,,,,,,,,,,,,,,0.462,,,,,,,,,,,,,,,,,,,,,,,,,,,,,,,,,,,,,,,
,,,,,,,,,,,,,,,,,,,,,,,,,,,,,,,,,0.307,,,,,,,,,,,,,,,,,,,,,,,,,,,,,,,,,,,,,,,
,,,,,,,,,,,,,,,,,,,,,,,,,,,,,,,,,0.200,,,,,,,,,,,,,,,,,,,,,,,,,,,,,,,,,,,,,,,
,,,,,,,,,,,,,,,,,,,,,,,,,,,,,,,,,0.114,,,,,,,,,,,,,,,,,,,,,,,,,,,,,,,,,,,,,,,
,,,,,,,,,,,,,,,,,,,,,,,,,,,,,,,,,826,,,,,,,,,,,,,,,,,,,,,,,,,,,,,,,,,,,,,,,
,,,,,,,,,,,,,,,,,,,,,,,,,,,,,,,,,826,,,,,,,,,,,,,,,,,,,,,,,,,,,,,,,,,,,,,,,
,,,,,,,,,,,,,,,,,,,,,,,,,,,,,,,,,826,,,,,,,,,,,,,,,,,,,,,,,,,,,,,,,,,,,,,,,
,,,,,,,,,,,,,,,,,,,,,,,,,,,,,,,,,762,,,,,,,,,,,,,,,,,,,,,,,,,,,,,,,,,,,,,,,
,,,,,,,,,,,,,,,,,,,,,,,,,,,,,,,,,762,,,,,,,,,,,,,,,,,,,,,,,,,,,,,,,,,,,,,,,
,,,,,,,,,,,,,,,,,,,,,,,,,,,,,,,,,762,,,,,,,,,,,,,,,,,,,,,,,,,,,,,,,,,,,,,,,
,,,,,,,,,,,,,,,,,,,,,,,,,,,,,,,,,700,,,,,,,,,,,,,,,,,,,,,,,,,,,,,,,,,,,,,,,
,,,,,,,,,,,,,,,,,,,,,,,,,,,,,,,,,700,,,,,,,,,,,,,,,,,,,,,,,,,,,,,,,,,,,,,,,
,,,,,,,,,,,,,,,,,,,,,,,,,,,,,,,,,700,,,,,,,,,,,,,,,,,,,,,,,,,,,,,,,,,,,,,,,
,,,,,,,,,,,,,,,,,,,,,,,,,,,,,,,,,630,,,,,,,,,,,,,,,,,,,,,,,,,,,,,,,,,,,,,,,
,,,,,,,,,,,,,,,,,,,,,,,,,,,,,,,,,630,,,,,,,,,,,,,,,,,,,,,,,,,,,,,,,,,,,,,,,
,,,,,,,,,,,,,,,,,,,,,,,,,,,,,,,,,630,,,,,,,,,,,,,,,,,,,,,,,,,,,,,,,,,,,,,,,
,,,,,,,,,,,,,,,,,,,,,,,,,,,,,,,,,462,,,,,,,,,,,,,,,,,,,,,,,,,,,,,,,,,,,,,,,
,,,,,,,,,,,,,,,,,,,,,,,,,,,,,,,,,462,,,,,,,,,,,,,,,,,,,,,,,,,,,,,,,,,,,,,,,
,,,,,,,,,,,,,,,,,,,,,,,,,,,,,,,,,462,,,,,,,,,,,,,,,,,,,,,,,,,,,,,,,,,,,,,,,
,,,,,,,,,,,,,,,,,,,,,,,,,,,,,,,,,426,,,,,,,,,,,,,,,,,,,,,,,,,,,,,,,,,,,,,,,
,,,,,,,,,,,,,,,,,,,,,,,,,,,,,,,,,426,,,,,,,,,,,,,,,,,,,,,,,,,,,,,,,,,,,,,,,
,,,,,,,,,,,,,,,,,,,,,,,,,,,,,,,,,426,,,,,,,,,,,,,,,,,,,,,,,,,,,,,,,,,,,,,,,
,,,,,,,,,,,,,,,,,,,,,,,,,,,,,,,,,392,,,,,,,,,,,,,,,,,,,,,,,,,,,,,,,,,,,,,,,
,,,,,,,,,,,,,,,,,,,,,,,,,,,,,,,,,392,,,,,,,,,,,,,,,,,,,,,,,,,,,,,,,,,,,,,,,
,,,,,,,,,,,,,,,,,,,,,,,,,,,,,,,,,392,,,,,,,,,,,,,,,,,,,,,,,,,,,,,,,,,,,,,,,
,,,,,,,,,,,,,,,,,,,,,,,,,,,,,,,,,354,,,,,,,,,,,,,,,,,,,,,,,,,,,,,,,,,,,,,,,
,,,,,,,,,,,,,,,,,,,,,,,,,,,,,,,,,354,,,,,,,,,,,,,,,,,,,,,,,,,,,,,,,,,,,,,,,
,,,,,,,,,,,,,,,,,,,,,,,,,,,,,,,,,354,,,,,,,,,,,,,,,,,,,,,,,,,,,,,,,,,,,,,,,
,,,,,,,,,,,,,,,,,,,,,,,,,,,,,,,,,316,,,,,,,,,,,,,,,,,,,,,,,,,,,,,,,,,,,,,,,
,,,,,,,,,,,,,,,,,,,,,,,,,,,,,,,,,316,,,,,,,,,,,,,,,,,,,,,,,,,,,,,,,,,,,,,,,
,,,,,,,,,,,,,,,,,,,,,,,,,,,,,,,,,316,,,,,,,,,,,,,,,,,,,,,,,,,,,,,,,,,,,,,,,
,,,,,,,,,,,,,,,,,,,,,,,,,,,,,,,,,278,,,,,,,,,,,,,,,,,,,,,,,,,,,,,,,,,,,,,,,
,,,,,,,,,,,,,,,,,,,,,,,,,,,,,,,,,278,,,,,,,,,,,,,,,,,,,,,,,,,,,,,,,,,,,,,,,
,,,,,,,,,,,,,,,,,,,,,,,,,,,,,,,,,278,,,,,,,,,,,,,,,,,,,,,,,,,,,,,,,,,,,,,,,
,,,,,,,,,,,,,,,,,,,,,,,,,,,,,,,,,196,,,,,,,,,,,,,,,,,,,,,,,,,,,,,,,,,,,,,,,
,,,,,,,,,,,,,,,,,,,,,,,,,,,,,,,,,196,,,,,,,,,,,,,,,,,,,,,,,,,,,,,,,,,,,,,,,
,,,,,,,,,,,,,,,,,,,,,,,,,,,,,,,,,196,,,,,,,,,,,,,,,,,,,,,,,,,,,,,,,,,,,,,,,
,,,,,,,,,,,,,,,,,,,,,,,,,,,,,,,,,178,,,,,,,,,,,,,,,,,,,,,,,,,,,,,,,,,,,,,,,
,,,,,,,,,,,,,,,,,,,,,,,,,,,,,,,,,178,,,,,,,,,,,,,,,,,,,,,,,,,,,,,,,,,,,,,,,
,,,,,,,,,,,,,,,,,,,,,,,,,,,,,,,,,178,,,,,,,,,,,,,,,,,,,,,,,,,,,,,,,,,,,,,,,
,,,,,,,,,,,,,,,,,,,,,,,,,,,,,,,,,159,,,,,,,,,,,,,,,,,,,,,,,,,,,,,,,,,,,,,,,
,,,,,,,,,,,,,,,,,,,,,,,,,,,,,,,,,159,,,,,,,,,,,,,,,,,,,,,,,,,,,,,,,,,,,,,,,
,,,,,,,,,,,,,,,,,,,,,,,,,,,,,,,,,159,,,,,,,,,,,,,,,,,,,,,,,,,,,,,,,,,,,,,,,
,,,,,,,,,,,,,,,,,,,,,,,,,,,,,,,,,140,,,,,,,,,,,,,,,,,,,,,,,,,,,,,,,,,,,,,,,
,,,,,,,,,,,,,,,,,,,,,,,,,,,,,,,,,140,,,,,,,,,,,,,,,,,,,,,,,,,,,,,,,,,,,,,,,
,,,,,,,,,,,,,,,,,,,,,,,,,,,,,,,,,140,,,,,,,,,,,,,,,,,,,,,,,,,,,,,,,,,,,,,,,
,,,,,,,,,,,,,,,,,,,,,,,,,,,,,,,,,119,,,,,,,,,,,,,,,,,,,,,,,,,,,,,,,,,,,,,,,
,,,,,,,,,,,,,,,,,,,,,,,,,,,,,,,,,119,,,,,,,,,,,,,,,,,,,,,,,,,,,,,,,,,,,,,,,
,,,,,,,,,,,,,,,,,,,,,,,,,,,,,,,,,119,,,,,,,,,,,,,,,,,,,,,,,,,,,,,,,,,,,,,,,
,,,,,,,,,,,,,,,,,,,,,,,,,,,,,,,,,108,,,,,,,,,,,,,,,,,,,,,,,,,,,,,,,,,,,,,,,
,,,,,,,,,,,,,,,,,,,,,,,,,,,,,,,,,108,,,,,,,,,,,,,,,,,,,,,,,,,,,,,,,,,,,,,,,
,,,,,,,,,,,,,,,,,,,,,,,,,,,,,,,,,108,,,,,,,,,,,,,,,,,,,,,,,,,,,,,,,,,,,,,,,
,,,,,,,,,,,,,,,,,,,,,,,,,,,,,,,,,97.6,,,,,,,,,,,,,,,,,,,,,,,,,,,,,,,,,,,,,,,
,,,,,,,,,,,,,,,,,,,,,,,,,,,,,,,,,97.6,,,,,,,,,,,,,,,,,,,,,,,,,,,,,,,,,,,,,,,
,,,,,,,,,,,,,,,,,,,,,,,,,,,,,,,,,97.6,,,,,,,,,,,,,,,,,,,,,,,,,,,,,,,,,,,,,,,
,,,,,,,,,,,,,,,,,,,,,,,,,,,,,,,,,70.8,,,,,,,,,,,,,,,,,,,,,,,,,,,,,,,,,,,,,,,
,,,,,,,,,,,,,,,,,,,,,,,,,,,,,,,,,70.8,,,,,,,,,,,,,,,,,,,,,,,,,,,,,,,,,,,,,,,
,,,,,,,,,,,,,,,,,,,,,,,,,,,,,,,,,70.8,,,,,,,,,,,,,,,,,,,,,,,,,,,,,,,,,,,,,,,
,,,,,,,,,,,,,,,,,,,,,,,,,,,,,,,,,63.8,,,,,,,,,,,,,,,,,,,,,,,,,,,,,,,,,,,,,,,
,,,,,,,,,,,,,,,,,,,,,,,,,,,,,,,,,63.8,,,,,,,,,,,,,,,,,,,,,,,,,,,,,,,,,,,,,,,
,,,,,,,,,,,,,,,,,,,,,,,,,,,,,,,,,63.8,,,,,,,,,,,,,,,,,,,,,,,,,,,,,,,,,,,,,,,
,,,,,,,,,,,,,,,,,,,,,,,,,,,,,,,,,56.2,,,,,,,,,,,,,,,,,,,,,,,,,,,,,,,,,,,,,,,
,,,,,,,,,,,,,,,,,,,,,,,,,,,,,,,,,56.2,,,,,,,,,,,,,,,,,,,,,,,,,,,,,,,,,,,,,,,
,,,,,,,,,,,,,,,,,,,,,,,,,,,,,,,,,56.2,,,,,,,,,,,,,,,,,,,,,,,,,,,,,,,,,,,,,,,
,,,,,,,,,,,,,,,,,,,,,,,,,,,,,,,,,48.2,,,,,,,,,,,,,,,,,,,,,,,,,,,,,,,,,,,,,,,
,,,,,,,,,,,,,,,,,,,,,,,,,,,,,,,,,48.2,,,,,,,,,,,,,,,,,,,,,,,,,,,,,,,,,,,,,,,
,,,,,,,,,,,,,,,,,,,,,,,,,,,,,,,,,48.2,,,,,,,,,,,,,,,,,,,,,,,,,,,,,,,,,,,,,,,
,,,,,,,,,,,,,,,,,,,,,,,,,,,,,,,,,44.0,,,,,,,,,,,,,,,,,,,,,,,,,,,,,,,,,,,,,,,
,,,,,,,,,,,,,,,,,,,,,,,,,,,,,,,,,44.0,,,,,,,,,,,,,,,,,,,,,,,,,,,,,,,,,,,,,,,
,,,,,,,,,,,,,,,,,,,,,,,,,,,,,,,,,44.0,,,,,,,,,,,,,,,,,,,,,,,,,,,,,,,,,,,,,,,
,,,,,,,,,,,,,,,,,,,,,,,,,,,,,,,,,39.8,,,,,,,,,,,,,,,,,,,,,,,,,,,,,,,,,,,,,,,
,,,,,,,,,,,,,,,,,,,,,,,,,,,,,,,,,39.8,,,,,,,,,,,,,,,,,,,,,,,,,,,,,,,,,,,,,,,
,,,,,,,,,,,,,,,,,,,,,,,,,,,,,,,,,39.8,,,,,,,,,,,,,,,,,,,,,,,,,,,,,,,,,,,,,,,
,,,,,,,,,,,,,,,,,,,,,,,,,,,,,,,,,35.2,,,,,,,,,,,,,,,,,,,,,,,,,,,,,,,,,,,,,,,
,,,,,,,,,,,,,,,,,,,,,,,,,,,,,,,,,35.2,,,,,,,,,,,,,,,,,,,,,,,,,,,,,,,,,,,,,,,
,,,,,,,,,,,,,,,,,,,,,,,,,,,,,,,,,35.2,,,,,,,,,,,,,,,,,,,,,,,,,,,,,,,,,,,,,,,
,,,,,,,,,,,,,,,,,,,,,,,,,,,,,,,,,30.8,,,,,,,,,,,,,,,,,,,,,,,,,,,,,,,,,,,,,,,
,,,,,,,,,,,,,,,,,,,,,,,,,,,,,,,,,30.8,,,,,,,,,,,,,,,,,,,,,,,,,,,,,,,,,,,,,,,
,,,,,,,,,,,,,,,,,,,,,,,,,,,,,,,,,30.8,,,,,,,,,,,,,,,,,,,,,,,,,,,,,,,,,,,,,,,
,,,,,,,,,,,,,,,,,,,,,,,,,,,,,,,,,26.0,,,,,,,,,,,,,,,,,,,,,,,,,,,,,,,,,,,,,,,
,,,,,,,,,,,,,,,,,,,,,,,,,,,,,,,,,26.0,,,,,,,,,,,,,,,,,,,,,,,,,,,,,,,,,,,,,,,
,,,,,,,,,,,,,,,,,,,,,,,,,,,,,,,,,26.0,,,,,,,,,,,,,,,,,,,,,,,,,,,,,,,,,,,,,,,
,,,,,,,,,,,,,,,,,,,,,,,,,,,,,,,,,35.6,,,,,,,,,,,,,,,,,,,,,,,,,,,,,,,,,,,,,,,
,,,,,,,,,,,,,,,,,,,,,,,,,,,,,,,,,35.6,,,,,,,,,,,,,,,,,,,,,,,,,,,,,,,,,,,,,,,
,,,,,,,,,,,,,,,,,,,,,,,,,,,,,,,,,35.6,,,,,,,,,,,,,,,,,,,,,,,,,,,,,,,,,,,,,,,
,,,,,,,,,,,,,,,,,,,,,,,,,,,,,,,,,31.4,,,,,,,,,,,,,,,,,,,,,,,,,,,,,,,,,,,,,,,
,,,,,,,,,,,,,,,,,,,,,,,,,,,,,,,,,31.4,,,,,,,,,,,,,,,,,,,,,,,,,,,,,,,,,,,,,,,
,,,,,,,,,,,,,,,,,,,,,,,,,,,,,,,,,31.4,,,,,,,,,,,,,,,,,,,,,,,,,,,,,,,,,,,,,,,
,,,,,,,,,,,,,,,,,,,,,,,,,,,,,,,,,27.2,,,,,,,,,,,,,,,,,,,,,,,,,,,,,,,,,,,,,,,
,,,,,,,,,,,,,,,,,,,,,,,,,,,,,,,,,27.2,,,,,,,,,,,,,,,,,,,,,,,,,,,,,,,,,,,,,,,
,,,,,,,,,,,,,,,,,,,,,,,,,,,,,,,,,27.2,,,,,,,,,,,,,,,,,,,,,,,,,,,,,,,,,,,,,,,
,,,,,,,,,,,,,,,,,,,,,,,,,,,,,,,,,22.6,,,,,,,,,,,,,,,,,,,,,,,,,,,,,,,,,,,,,,,
,,,,,,,,,,,,,,,,,,,,,,,,,,,,,,,,,22.6,,,,,,,,,,,,,,,,,,,,,,,,,,,,,,,,,,,,,,,
,,,,,,,,,,,,,,,,,,,,,,,,,,,,,,,,,22.6,,,,,,,,,,,,,,,,,,,,,,,,,,,,,,,,,,,,,,,
,,,,,,,,,,,,,,,,,,,,,,,,,,,,,,,,,20.0,,,,,,,,,,,,,,,,,,,,,,,,,,,,,,,,,,,,,,,
,,,,,,,,,,,,,,,,,,,,,,,,,,,,,,,,,20.0,,,,,,,,,,,,,,,,,,,,,,,,,,,,,,,,,,,,,,,
,,,,,,,,,,,,,,,,,,,,,,,,,,,,,,,,,20.0,,,,,,,,,,,,,,,,,,,,,,,,,,,,,,,,,,,,,,,
,,,,,,,,,,,,,,,,,,,,,,,,,,,,,,,,,17.5,,,,,,,,,,,,,,,,,,,,,,,,,,,,,,,,,,,,,,,
,,,,,,,,,,,,,,,,,,,,,,,,,,,,,,,,,17.5,,,,,,,,,,,,,,,,,,,,,,,,,,,,,,,,,,,,,,,
,,,,,,,,,,,,,,,,,,,,,,,,,,,,,,,,,17.5,,,,,,,,,,,,,,,,,,,,,,,,,,,,,,,,,,,,,,,
,,,,,,,,,,,,,,,,,,,,,,,,,,,,,,,,,14.9,,,,,,,,,,,,,,,,,,,,,,,,,,,,,,,,,,,,,,,
,,,,,,,,,,,,,,,,,,,,,,,,,,,,,,,,,14.9,,,,,,,,,,,,,,,,,,,,,,,,,,,,,,,,,,,,,,,
,,,,,,,,,,,,,,,,,,,,,,,,,,,,,,,,,14.9,,,,,,,,,,,,,,,,,,,,,,,,,,,,,,,,,,,,,,,
,,,,,,,,,,,,,,,,,,,,,,,,,,,,,,,,,15.2,,,,,,,,,,,,,,,,,,,,,,,,,,,,,,,,,,,,,,,
,,,,,,,,,,,,,,,,,,,,,,,,,,,,,,,,,15.2,,,,,,,,,,,,,,,,,,,,,,,,,,,,,,,,,,,,,,,
,,,,,,,,,,,,,,,,,,,,,,,,,,,,,,,,,15.2,,,,,,,,,,,,,,,,,,,,,,,,,,,,,,,,,,,,,,,
,,,,,,,,,,,,,,,,,,,,,,,,,,,,,,,,,13.2,,,,,,,,,,,,,,,,,,,,,,,,,,,,,,,,,,,,,,,
,,,,,,,,,,,,,,,,,,,,,,,,,,,,,,,,,13.2,,,,,,,,,,,,,,,,,,,,,,,,,,,,,,,,,,,,,,,
,,,,,,,,,,,,,,,,,,,,,,,,,,,,,,,,,13.2,,,,,,,,,,,,,,,,,,,,,,,,,,,,,,,,,,,,,,,
,,,,,,,,,,,,,,,,,,,,,,,,,,,,,,,,,11.0,,,,,,,,,,,,,,,,,,,,,,,,,,,,,,,,,,,,,,,
,,,,,,,,,,,,,,,,,,,,,,,,,,,,,,,,,11.0,,,,,,,,,,,,,,,,,,,,,,,,,,,,,,,,,,,,,,,
,,,,,,,,,,,,,,,,,,,,,,,,,,,,,,,,,11.0,,,,,,,,,,,,,,,,,,,,,,,,,,,,,,,,,,,,,,,
,,,,,,,,,,,,,,,,,,,,,,,,,,,,,,,,,9.86,,,,,,,,,,,,,,,,,,,,,,,,,,,,,,,,,,,,,,,
,,,,,,,,,,,,,,,,,,,,,,,,,,,,,,,,,9.86,,,,,,,,,,,,,,,,,,,,,,,,,,,,,,,,,,,,,,,
,,,,,,,,,,,,,,,,,,,,,,,,,,,,,,,,,9.86,,,,,,,,,,,,,,,,,,,,,,,,,,,,,,,,,,,,,,,
,,,,,,,,,,,,,,,,,,,,,,,,,,,,,,,,,8.64,,,,,,,,,,,,,,,,,,,,,,,,,,,,,,,,,,,,,,,
,,,,,,,,,,,,,,,,,,,,,,,,,,,,,,,,,8.64,,,,,,,,,,,,,,,,,,,,,,,,,,,,,,,,,,,,,,,
,,,,,,,,,,,,,,,,,,,,,,,,,,,,,,,,,8.64,,,,,,,,,,,,,,,,,,,,,,,,,,,,,,,,,,,,,,,
,,,,,,,,,,,,,,,,,,,,,,,,,,,,,,,,,7.34,,,,,,,,,,,,,,,,,,,,,,,,,,,,,,,,,,,,,,,
,,,,,,,,,,,,,,,,,,,,,,,,,,,,,,,,,7.34,,,,,,,,,,,,,,,,,,,,,,,,,,,,,,,,,,,,,,,
,,,,,,,,,,,,,,,,,,,,,,,,,,,,,,,,,7.34,,,,,,,,,,,,,,,,,,,,,,,,,,,,,,,,,,,,,,,
,,,,,,,,,,,,,,,,,,,,,,,,,,,,,,,,,6.00,,,,,,,,,,,,,,,,,,,,,,,,,,,,,,,,,,,,,,,
,,,,,,,,,,,,,,,,,,,,,,,,,,,,,,,,,6.00,,,,,,,,,,,,,,,,,,,,,,,,,,,,,,,,,,,,,,,
,,,,,,,,,,,,,,,,,,,,,,,,,,,,,,,,,6.00,,,,,,,,,,,,,,,,,,,,,,,,,,,,,,,,,,,,,,,
,,,,,,,,,,,,,,,,,,,,,,,,,,,,,,,,,7.26,,,,,,,,,,,,,,,,,,,,,,,,,,,,,,,,,,,,,,,
,,,,,,,,,,,,,,,,,,,,,,,,,,,,,,,,,7.26,,,,,,,,,,,,,,,,,,,,,,,,,,,,,,,,,,,,,,,
,,,,,,,,,,,,,,,,,,,,,,,,,,,,,,,,,7.26,,,,,,,,,,,,,,,,,,,,,,,,,,,,,,,,,,,,,,,
,,,,,,,,,,,,,,,,,,,,,,,,,,,,,,,,,6.50,,,,,,,,,,,,,,,,,,,,,,,,,,,,,,,,,,,,,,,
,,,,,,,,,,,,,,,,,,,,,,,,,,,,,,,,,6.50,,,,,,,,,,,,,,,,,,,,,,,,,,,,,,,,,,,,,,,
,,,,,,,,,,,,,,,,,,,,,,,,,,,,,,,,,6.50,,,,,,,,,,,,,,,,,,,,,,,,,,,,,,,,,,,,,,,
,,,,,,,,,,,,,,,,,,,,,,,,,,,,,,,,,5.72,,,,,,,,,,,,,,,,,,,,,,,,,,,,,,,,,,,,,,,
,,,,,,,,,,,,,,,,,,,,,,,,,,,,,,,,,5.72,,,,,,,,,,,,,,,,,,,,,,,,,,,,,,,,,,,,,,,
,,,,,,,,,,,,,,,,,,,,,,,,,,,,,,,,,5.72,,,,,,,,,,,,,,,,,,,,,,,,,,,,,,,,,,,,,,,
,,,,,,,,,,,,,,,,,,,,,,,,,,,,,,,,,4.88,,,,,,,,,,,,,,,,,,,,,,,,,,,,,,,,,,,,,,,
,,,,,,,,,,,,,,,,,,,,,,,,,,,,,,,,,4.88,,,,,,,,,,,,,,,,,,,,,,,,,,,,,,,,,,,,,,,
,,,,,,,,,,,,,,,,,,,,,,,,,,,,,,,,,4.88,,,,,,,,,,,,,,,,,,,,,,,,,,,,,,,,,,,,,,,
,,,,,,,,,,,,,,,,,,,,,,,,,,,,,,,,,4.00,,,,,,,,,,,,,,,,,,,,,,,,,,,,,,,,,,,,,,,
,,,,,,,,,,,,,,,,,,,,,,,,,,,,,,,,,4.00,,,,,,,,,,,,,,,,,,,,,,,,,,,,,,,,,,,,,,,
,,,,,,,,,,,,,,,,,,,,,,,,,,,,,,,,,4.00,,,,,,,,,,,,,,,,,,,,,,,,,,,,,,,,,,,,,,,
,,,,,,,,,,,,,,,,,,,,,,,,,,,,,,,,,4.40,,,,,,,,,,,,,,,,,,,,,,,,,,,,,,,,,,,,,,,
,,,,,,,,,,,,,,,,,,,,,,,,,,,,,,,,,4.40,,,,,,,,,,,,,,,,,,,,,,,,,,,,,,,,,,,,,,,
,,,,,,,,,,,,,,,,,,,,,,,,,,,,,,,,,4.40,,,,,,,,,,,,,,,,,,,,,,,,,,,,,,,,,,,,,,,
,,,,,,,,,,,,,,,,,,,,,,,,,,,,,,,,,3.96,,,,,,,,,,,,,,,,,,,,,,,,,,,,,,,,,,,,,,,
,,,,,,,,,,,,,,,,,,,,,,,,,,,,,,,,,3.96,,,,,,,,,,,,,,,,,,,,,,,,,,,,,,,,,,,,,,,
,,,,,,,,,,,,,,,,,,,,,,,,,,,,,,,,,3.96,,,,,,,,,,,,,,,,,,,,,,,,,,,,,,,,,,,,,,,
,,,,,,,,,,,,,,,,,,,,,,,,,,,,,,,,,3.50,,,,,,,,,,,,,,,,,,,,,,,,,,,,,,,,,,,,,,,
,,,,,,,,,,,,,,,,,,,,,,,,,,,,,,,,,3.50,,,,,,,,,,,,,,,,,,,,,,,,,,,,,,,,,,,,,,,
,,,,,,,,,,,,,,,,,,,,,,,,,,,,,,,,,3.50,,,,,,,,,,,,,,,,,,,,,,,,,,,,,,,,,,,,,,,
,,,,,,,,,,,,,,,,,,,,,,,,,,,,,,,,,3.00,,,,,,,,,,,,,,,,,,,,,,,,,,,,,,,,,,,,,,,
,,,,,,,,,,,,,,,,,,,,,,,,,,,,,,,,,3.00,,,,,,,,,,,,,,,,,,,,,,,,,,,,,,,,,,,,,,,
,,,,,,,,,,,,,,,,,,,,,,,,,,,,,,,,,3.00,,,,,,,,,,,,,,,,,,,,,,,,,,,,,,,,,,,,,,,
,,,,,,,,,,,,,,,,,,,,,,,,,,,,,,,,,2.46,,,,,,,,,,,,,,,,,,,,,,,,,,,,,,,,,,,,,,,
,,,,,,,,,,,,,,,,,,,,,,,,,,,,,,,,,2.46,,,,,,,,,,,,,,,,,,,,,,,,,,,,,,,,,,,,,,,
,,,,,,,,,,,,,,,,,,,,,,,,,,,,,,,,,2.46,,,,,,,,,,,,,,,,,,,,,,,,,,,,,,,,,,,,,,,
,,,,,,,,,,,,,,,,,,,,,,,,,,,,,,,,,1.90,,,,,,,,,,,,,,,,,,,,,,,,,,,,,,,,,,,,,,,
,,,,,,,,,,,,,,,,,,,,,,,,,,,,,,,,,1.90,,,,,,,,,,,,,,,,,,,,,,,,,,,,,,,,,,,,,,,
,,,,,,,,,,,,,,,,,,,,,,,,,,,,,,,,,1.90,,,,,,,,,,,,,,,,,,,,,,,,,,,,,,,,,,,,,,,
,,,,,,,,,,,,,,,,,,,,,,,,,,,,,,,,,2.44,,,,,,,,,,,,,,,,,,,,,,,,,,,,,,,,,,,,,,,
,,,,,,,,,,,,,,,,,,,,,,,,,,,,,,,,,2.44,,,,,,,,,,,,,,,,,,,,,,,,,,,,,,,,,,,,,,,
,,,,,,,,,,,,,,,,,,,,,,,,,,,,,,,,,2.44,,,,,,,,,,,,,,,,,,,,,,,,,,,,,,,,,,,,,,,
,,,,,,,,,,,,,,,,,,,,,,,,,,,,,,,,,1.94,,,,,,,,,,,,,,,,,,,,,,,,,,,,,,,,,,,,,,,
,,,,,,,,,,,,,,,,,,,,,,,,,,,,,,,,,1.94,,,,,,,,,,,,,,,,,,,,,,,,,,,,,,,,,,,,,,,
,,,,,,,,,,,,,,,,,,,,,,,,,,,,,,,,,1.94,,,,,,,,,,,,,,,,,,,,,,,,,,,,,,,,,,,,,,,
,,,,,,,,,,,,,,,,,,,,,,,,,,,,,,,,,1.67,,,,,,,,,,,,,,,,,,,,,,,,,,,,,,,,,,,,,,,
,,,,,,,,,,,,,,,,,,,,,,,,,,,,,,,,,1.67,,,,,,,,,,,,,,,,,,,,,,,,,,,,,,,,,,,,,,,
,,,,,,,,,,,,,,,,,,,,,,,,,,,,,,,,,1.67,,,,,,,,,,,,,,,,,,,,,,,,,,,,,,,,,,,,,,,
,,,,,,,,,,,,,,,,,,,,,,,,,,,,,,,,,1.38,,,,,,,,,,,,,,,,,,,,,,,,,,,,,,,,,,,,,,,
,,,,,,,,,,,,,,,,,,,,,,,,,,,,,,,,,1.38,,,,,,,,,,,,,,,,,,,,,,,,,,,,,,,,,,,,,,,
,,,,,,,,,,,,,,,,,,,,,,,,,,,,,,,,,1.38,,,,,,,,,,,,,,,,,,,,,,,,,,,,,,,,,,,,,,,
,,,,,,,,,,,,,,,,,,,,,,,,,,,,,,,,,1.07,,,,,,,,,,,,,,,,,,,,,,,,,,,,,,,,,,,,,,,
,,,,,,,,,,,,,,,,,,,,,,,,,,,,,,,,,1.07,,,,,,,,,,,,,,,,,,,,,,,,,,,,,,,,,,,,,,,
,,,,,,,,,,,,,,,,,,,,,,,,,,,,,,,,,1.07,,,,,,,,,,,,,,,,,,,,,,,,,,,,,,,,,,,,,,,
,,,,,,,,,,,,,,,,,,,,,,,,,,,,,,,,,0.952,,,,,,,,,,,,,,,,,,,,,,,,,,,,,,,,,,,,,,,
,,,,,,,,,,,,,,,,,,,,,,,,,,,,,,,,,0.952,,,,,,,,,,,,,,,,,,,,,,,,,,,,,,,,,,,,,,,
,,,,,,,,,,,,,,,,,,,,,,,,,,,,,,,,,0.952,,,,,,,,,,,,,,,,,,,,,,,,,,,,,,,,,,,,,,,
,,,,,,,,,,,,,,,,,,,,,,,,,,,,,,,,,0.828,,,,,,,,,,,,,,,,,,,,,,,,,,,,,,,,,,,,,,,
,,,,,,,,,,,,,,,,,,,,,,,,,,,,,,,,,0.828,,,,,,,,,,,,,,,,,,,,,,,,,,,,,,,,,,,,,,,
,,,,,,,,,,,,,,,,,,,,,,,,,,,,,,,,,0.828,,,,,,,,,,,,,,,,,,,,,,,,,,,,,,,,,,,,,,,
,,,,,,,,,,,,,,,,,,,,,,,,,,,,,,,,,0.692,,,,,,,,,,,,,,,,,,,,,,,,,,,,,,,,,,,,,,,
,,,,,,,,,,,,,,,,,,,,,,,,,,,,,,,,,0.692,,,,,,,,,,,,,,,,,,,,,,,,,,,,,,,,,,,,,,,
,,,,,,,,,,,,,,,,,,,,,,,,,,,,,,,,,0.692,,,,,,,,,,,,,,,,,,,,,,,,,,,,,,,,,,,,,,,
,,,,,,,,,,,,,,,,,,,,,,,,,,,,,,,,,0.542,,,,,,,,,,,,,,,,,,,,,,,,,,,,,,,,,,,,,,,
,,,,,,,,,,,,,,,,,,,,,,,,,,,,,,,,,0.542,,,,,,,,,,,,,,,,,,,,,,,,,,,,,,,,,,,,,,,
,,,,,,,,,,,,,,,,,,,,,,,,,,,,,,,,,0.542,,,,,,,,,,,,,,,,,,,,,,,,,,,,,,,,,,,,,,,
,,,,,,,,,,,,,,,,,,,,,,,,,,,,,,,,,0.378,,,,,,,,,,,,,,,,,,,,,,,,,,,,,,,,,,,,,,,
,,,,,,,,,,,,,,,,,,,,,,,,,,,,,,,,,0.378,,,,,,,,,,,,,,,,,,,,,,,,,,,,,,,,,,,,,,,
,,,,,,,,,,,,,,,,,,,,,,,,,,,,,,,,,0.378,,,,,,,,,,,,,,,,,,,,,,,,,,,,,,,,,,,,,,,
,,,,,,,,,,,,,,,,,,,,,,,,,,,,,,,,,162,,,,,,,,,,,,,,,,,,,,,,,,,,,,,,,,,,,,,,,
,,,,,,,,,,,,,,,,,,,,,,,,,,,,,,,,,162,,,,,,,,,,,,,,,,,,,,,,,,,,,,,,,,,,,,,,,
,,,,,,,,,,,,,,,,,,,,,,,,,,,,,,,,,162,,,,,,,,,,,,,,,,,,,,,,,,,,,,,,,,,,,,,,,
,,,,,,,,,,,,,,,,,,,,,,,,,,,,,,,,,145,,,,,,,,,,,,,,,,,,,,,,,,,,,,,,,,,,,,,,,
,,,,,,,,,,,,,,,,,,,,,,,,,,,,,,,,,145,,,,,,,,,,,,,,,,,,,,,,,,,,,,,,,,,,,,,,,
,,,,,,,,,,,,,,,,,,,,,,,,,,,,,,,,,145,,,,,,,,,,,,,,,,,,,,,,,,,,,,,,,,,,,,,,,
,,,,,,,,,,,,,,,,,,,,,,,,,,,,,,,,,127,,,,,,,,,,,,,,,,,,,,,,,,,,,,,,,,,,,,,,,
,,,,,,,,,,,,,,,,,,,,,,,,,,,,,,,,,127,,,,,,,,,,,,,,,,,,,,,,,,,,,,,,,,,,,,,,,
,,,,,,,,,,,,,,,,,,,,,,,,,,,,,,,,,127,,,,,,,,,,,,,,,,,,,,,,,,,,,,,,,,,,,,,,,
,,,,,,,,,,,,,,,,,,,,,,,,,,,,,,,,,108,,,,,,,,,,,,,,,,,,,,,,,,,,,,,,,,,,,,,,,
,,,,,,,,,,,,,,,,,,,,,,,,,,,,,,,,,108,,,,,,,,,,,,,,,,,,,,,,,,,,,,,,,,,,,,,,,
,,,,,,,,,,,,,,,,,,,,,,,,,,,,,,,,,108,,,,,,,,,,,,,,,,,,,,,,,,,,,,,,,,,,,,,,,
,,,,,,,,,,,,,,,,,,,,,,,,,,,,,,,,,98.8,,,,,,,,,,,,,,,,,,,,,,,,,,,,,,,,,,,,,,,
,,,,,,,,,,,,,,,,,,,,,,,,,,,,,,,,,98.8,,,,,,,,,,,,,,,,,,,,,,,,,,,,,,,,,,,,,,,
,,,,,,,,,,,,,,,,,,,,,,,,,,,,,,,,,98.8,,,,,,,,,,,,,,,,,,,,,,,,,,,,,,,,,,,,,,,
,,,,,,,,,,,,,,,,,,,,,,,,,,,,,,,,,88.8,,,,,,,,,,,,,,,,,,,,,,,,,,,,,,,,,,,,,,,
,,,,,,,,,,,,,,,,,,,,,,,,,,,,,,,,,88.8,,,,,,,,,,,,,,,,,,,,,,,,,,,,,,,,,,,,,,,
,,,,,,,,,,,,,,,,,,,,,,,,,,,,,,,,,88.8,,,,,,,,,,,,,,,,,,,,,,,,,,,,,,,,,,,,,,,
,,,,,,,,,,,,,,,,,,,,,,,,,,,,,,,,,78.6,,,,,,,,,,,,,,,,,,,,,,,,,,,,,,,,,,,,,,,
,,,,,,,,,,,,,,,,,,,,,,,,,,,,,,,,,78.6,,,,,,,,,,,,,,,,,,,,,,,,,,,,,,,,,,,,,,,
,,,,,,,,,,,,,,,,,,,,,,,,,,,,,,,,,78.6,,,,,,,,,,,,,,,,,,,,,,,,,,,,,,,,,,,,,,,
,,,,,,,,,,,,,,,,,,,,,,,,,,,,,,,,,139,,,,,,,,,,,,,,,,,,,,,,,,,,,,,,,,,,,,,,,
,,,,,,,,,,,,,,,,,,,,,,,,,,,,,,,,,139,,,,,,,,,,,,,,,,,,,,,,,,,,,,,,,,,,,,,,,
,,,,,,,,,,,,,,,,,,,,,,,,,,,,,,,,,139,,,,,,,,,,,,,,,,,,,,,,,,,,,,,,,,,,,,,,,
,,,,,,,,,,,,,,,,,,,,,,,,,,,,,,,,,125,,,,,,,,,,,,,,,,,,,,,,,,,,,,,,,,,,,,,,,
,,,,,,,,,,,,,,,,,,,,,,,,,,,,,,,,,125,,,,,,,,,,,,,,,,,,,,,,,,,,,,,,,,,,,,,,,
,,,,,,,,,,,,,,,,,,,,,,,,,,,,,,,,,125,,,,,,,,,,,,,,,,,,,,,,,,,,,,,,,,,,,,,,,
,,,,,,,,,,,,,,,,,,,,,,,,,,,,,,,,,110,,,,,,,,,,,,,,,,,,,,,,,,,,,,,,,,,,,,,,,
,,,,,,,,,,,,,,,,,,,,,,,,,,,,,,,,,110,,,,,,,,,,,,,,,,,,,,,,,,,,,,,,,,,,,,,,,
,,,,,,,,,,,,,,,,,,,,,,,,,,,,,,,,,110,,,,,,,,,,,,,,,,,,,,,,,,,,,,,,,,,,,,,,,
,,,,,,,,,,,,,,,,,,,,,,,,,,,,,,,,,94.0,,,,,,,,,,,,,,,,,,,,,,,,,,,,,,,,,,,,,,,
,,,,,,,,,,,,,,,,,,,,,,,,,,,,,,,,,94.0,,,,,,,,,,,,,,,,,,,,,,,,,,,,,,,,,,,,,,,
,,,,,,,,,,,,,,,,,,,,,,,,,,,,,,,,,94.0,,,,,,,,,,,,,,,,,,,,,,,,,,,,,,,,,,,,,,,
,,,,,,,,,,,,,,,,,,,,,,,,,,,,,,,,,85.8,,,,,,,,,,,,,,,,,,,,,,,,,,,,,,,,,,,,,,,
,,,,,,,,,,,,,,,,,,,,,,,,,,,,,,,,,85.8,,,,,,,,,,,,,,,,,,,,,,,,,,,,,,,,,,,,,,,
,,,,,,,,,,,,,,,,,,,,,,,,,,,,,,,,,85.8,,,,,,,,,,,,,,,,,,,,,,,,,,,,,,,,,,,,,,,
,,,,,,,,,,,,,,,,,,,,,,,,,,,,,,,,,77.2,,,,,,,,,,,,,,,,,,,,,,,,,,,,,,,,,,,,,,,
,,,,,,,,,,,,,,,,,,,,,,,,,,,,,,,,,77.2,,,,,,,,,,,,,,,,,,,,,,,,,,,,,,,,,,,,,,,
,,,,,,,,,,,,,,,,,,,,,,,,,,,,,,,,,77.2,,,,,,,,,,,,,,,,,,,,,,,,,,,,,,,,,,,,,,,
,,,,,,,,,,,,,,,,,,,,,,,,,,,,,,,,,68.4,,,,,,,,,,,,,,,,,,,,,,,,,,,,,,,,,,,,,,,
,,,,,,,,,,,,,,,,,,,,,,,,,,,,,,,,,68.4,,,,,,,,,,,,,,,,,,,,,,,,,,,,,,,,,,,,,,,
,,,,,,,,,,,,,,,,,,,,,,,,,,,,,,,,,68.4,,,,,,,,,,,,,,,,,,,,,,,,,,,,,,,,,,,,,,,
,,,,,,,,,,,,,,,,,,,,,,,,,,,,,,,,,75.6,,,,,,,,,,,,,,,,,,,,,,,,,,,,,,,,,,,,,,,
,,,,,,,,,,,,,,,,,,,,,,,,,,,,,,,,,75.6,,,,,,,,,,,,,,,,,,,,,,,,,,,,,,,,,,,,,,,
,,,,,,,,,,,,,,,,,,,,,,,,,,,,,,,,,75.6,,,,,,,,,,,,,,,,,,,,,,,,,,,,,,,,,,,,,,,
,,,,,,,,,,,,,,,,,,,,,,,,,,,,,,,,,64.8,,,,,,,,,,,,,,,,,,,,,,,,,,,,,,,,,,,,,,,
,,,,,,,,,,,,,,,,,,,,,,,,,,,,,,,,,64.8,,,,,,,,,,,,,,,,,,,,,,,,,,,,,,,,,,,,,,,
,,,,,,,,,,,,,,,,,,,,,,,,,,,,,,,,,64.8,,,,,,,,,,,,,,,,,,,,,,,,,,,,,,,,,,,,,,,
,,,,,,,,,,,,,,,,,,,,,,,,,,,,,,,,,53.2,,,,,,,,,,,,,,,,,,,,,,,,,,,,,,,,,,,,,,,
,,,,,,,,,,,,,,,,,,,,,,,,,,,,,,,,,53.2,,,,,,,,,,,,,,,,,,,,,,,,,,,,,,,,,,,,,,,
,,,,,,,,,,,,,,,,,,,,,,,,,,,,,,,,,53.2,,,,,,,,,,,,,,,,,,,,,,,,,,,,,,,,,,,,,,,
,,,,,,,,,,,,,,,,,,,,,,,,,,,,,,,,,47.2,,,,,,,,,,,,,,,,,,,,,,,,,,,,,,,,,,,,,,,
,,,,,,,,,,,,,,,,,,,,,,,,,,,,,,,,,47.2,,,,,,,,,,,,,,,,,,,,,,,,,,,,,,,,,,,,,,,
,,,,,,,,,,,,,,,,,,,,,,,,,,,,,,,,,47.2,,,,,,,,,,,,,,,,,,,,,,,,,,,,,,,,,,,,,,,
,,,,,,,,,,,,,,,,,,,,,,,,,,,,,,,,,41.0,,,,,,,,,,,,,,,,,,,,,,,,,,,,,,,,,,,,,,,
,,,,,,,,,,,,,,,,,,,,,,,,,,,,,,,,,41.0,,,,,,,,,,,,,,,,,,,,,,,,,,,,,,,,,,,,,,,
,,,,,,,,,,,,,,,,,,,,,,,,,,,,,,,,,41.0,,,,,,,,,,,,,,,,,,,,,,,,,,,,,,,,,,,,,,,
,,,,,,,,,,,,,,,,,,,,,,,,,,,,,,,,,55.4,,,,,,,,,,,,,,,,,,,,,,,,,,,,,,,,,,,,,,,
,,,,,,,,,,,,,,,,,,,,,,,,,,,,,,,,,55.4,,,,,,,,,,,,,,,,,,,,,,,,,,,,,,,,,,,,,,,
,,,,,,,,,,,,,,,,,,,,,,,,,,,,,,,,,55.4,,,,,,,,,,,,,,,,,,,,,,,,,,,,,,,,,,,,,,,
,,,,,,,,,,,,,,,,,,,,,,,,,,,,,,,,,49.0,,,,,,,,,,,,,,,,,,,,,,,,,,,,,,,,,,,,,,,
,,,,,,,,,,,,,,,,,,,,,,,,,,,,,,,,,49.0,,,,,,,,,,,,,,,,,,,,,,,,,,,,,,,,,,,,,,,
,,,,,,,,,,,,,,,,,,,,,,,,,,,,,,,,,49.0,,,,,,,,,,,,,,,,,,,,,,,,,,,,,,,,,,,,,,,
,,,,,,,,,,,,,,,,,,,,,,,,,,,,,,,,,42.0,,,,,,,,,,,,,,,,,,,,,,,,,,,,,,,,,,,,,,,
,,,,,,,,,,,,,,,,,,,,,,,,,,,,,,,,,42.0,,,,,,,,,,,,,,,,,,,,,,,,,,,,,,,,,,,,,,,
,,,,,,,,,,,,,,,,,,,,,,,,,,,,,,,,,42.0,,,,,,,,,,,,,,,,,,,,,,,,,,,,,,,,,,,,,,,
,,,,,,,,,,,,,,,,,,,,,,,,,,,,,,,,,38.4,,,,,,,,,,,,,,,,,,,,,,,,,,,,,,,,,,,,,,,
,,,,,,,,,,,,,,,,,,,,,,,,,,,,,,,,,38.4,,,,,,,,,,,,,,,,,,,,,,,,,,,,,,,,,,,,,,,
,,,,,,,,,,,,,,,,,,,,,,,,,,,,,,,,,38.4,,,,,,,,,,,,,,,,,,,,,,,,,,,,,,,,,,,,,,,
,,,,,,,,,,,,,,,,,,,,,,,,,,,,,,,,,34.6,,,,,,,,,,,,,,,,,,,,,,,,,,,,,,,,,,,,,,,
,,,,,,,,,,,,,,,,,,,,,,,,,,,,,,,,,34.6,,,,,,,,,,,,,,,,,,,,,,,,,,,,,,,,,,,,,,,
,,,,,,,,,,,,,,,,,,,,,,,,,,,,,,,,,34.6,,,,,,,,,,,,,,,,,,,,,,,,,,,,,,,,,,,,,,,
,,,,,,,,,,,,,,,,,,,,,,,,,,,,,,,,,30.8,,,,,,,,,,,,,,,,,,,,,,,,,,,,,,,,,,,,,,,
,,,,,,,,,,,,,,,,,,,,,,,,,,,,,,,,,30.8,,,,,,,,,,,,,,,,,,,,,,,,,,,,,,,,,,,,,,,
,,,,,,,,,,,,,,,,,,,,,,,,,,,,,,,,,30.8,,,,,,,,,,,,,,,,,,,,,,,,,,,,,,,,,,,,,,,
,,,,,,,,,,,,,,,,,,,,,,,,,,,,,,,,,26.8,,,,,,,,,,,,,,,,,,,,,,,,,,,,,,,,,,,,,,,
,,,,,,,,,,,,,,,,,,,,,,,,,,,,,,,,,26.8,,,,,,,,,,,,,,,,,,,,,,,,,,,,,,,,,,,,,,,
,,,,,,,,,,,,,,,,,,,,,,,,,,,,,,,,,26.8,,,,,,,,,,,,,,,,,,,,,,,,,,,,,,,,,,,,,,,
,,,,,,,,,,,,,,,,,,,,,,,,,,,,,,,,,22.8,,,,,,,,,,,,,,,,,,,,,,,,,,,,,,,,,,,,,,,
,,,,,,,,,,,,,,,,,,,,,,,,,,,,,,,,,22.8,,,,,,,,,,,,,,,,,,,,,,,,,,,,,,,,,,,,,,,
,,,,,,,,,,,,,,,,,,,,,,,,,,,,,,,,,22.8,,,,,,,,,,,,,,,,,,,,,,,,,,,,,,,,,,,,,,,
,,,,,,,,,,,,,,,,,,,,,,,,,,,,,,,,,33.2,,,,,,,,,,,,,,,,,,,,,,,,,,,,,,,,,,,,,,,
,,,,,,,,,,,,,,,,,,,,,,,,,,,,,,,,,33.2,,,,,,,,,,,,,,,,,,,,,,,,,,,,,,,,,,,,,,,
,,,,,,,,,,,,,,,,,,,,,,,,,,,,,,,,,33.2,,,,,,,,,,,,,,,,,,,,,,,,,,,,,,,,,,,,,,,
,,,,,,,,,,,,,,,,,,,,,,,,,,,,,,,,,25.8,,,,,,,,,,,,,,,,,,,,,,,,,,,,,,,,,,,,,,,
,,,,,,,,,,,,,,,,,,,,,,,,,,,,,,,,,25.8,,,,,,,,,,,,,,,,,,,,,,,,,,,,,,,,,,,,,,,
,,,,,,,,,,,,,,,,,,,,,,,,,,,,,,,,,25.8,,,,,,,,,,,,,,,,,,,,,,,,,,,,,,,,,,,,,,,
,,,,,,,,,,,,,,,,,,,,,,,,,,,,,,,,,21.8,,,,,,,,,,,,,,,,,,,,,,,,,,,,,,,,,,,,,,,
,,,,,,,,,,,,,,,,,,,,,,,,,,,,,,,,,21.8,,,,,,,,,,,,,,,,,,,,,,,,,,,,,,,,,,,,,,,
,,,,,,,,,,,,,,,,,,,,,,,,,,,,,,,,,21.8,,,,,,,,,,,,,,,,,,,,,,,,,,,,,,,,,,,,,,,
,,,,,,,,,,,,,,,,,,,,,,,,,,,,,,,,,27.8,,,,,,,,,,,,,,,,,,,,,,,,,,,,,,,,,,,,,,,
,,,,,,,,,,,,,,,,,,,,,,,,,,,,,,,,,27.8,,,,,,,,,,,,,,,,,,,,,,,,,,,,,,,,,,,,,,,
,,,,,,,,,,,,,,,,,,,,,,,,,,,,,,,,,27.8,,,,,,,,,,,,,,,,,,,,,,,,,,,,,,,,,,,,,,,
,,,,,,,,,,,,,,,,,,,,,,,,,,,,,,,,,24.0,,,,,,,,,,,,,,,,,,,,,,,,,,,,,,,,,,,,,,,
,,,,,,,,,,,,,,,,,,,,,,,,,,,,,,,,,24.0,,,,,,,,,,,,,,,,,,,,,,,,,,,,,,,,,,,,,,,
,,,,,,,,,,,,,,,,,,,,,,,,,,,,,,,,,24.0,,,,,,,,,,,,,,,,,,,,,,,,,,,,,,,,,,,,,,,
,,,,,,,,,,,,,,,,,,,,,,,,,,,,,,,,,20.0,,,,,,,,,,,,,,,,,,,,,,,,,,,,,,,,,,,,,,,
,,,,,,,,,,,,,,,,,,,,,,,,,,,,,,,,,20.0,,,,,,,,,,,,,,,,,,,,,,,,,,,,,,,,,,,,,,,
,,,,,,,,,,,,,,,,,,,,,,,,,,,,,,,,,20.0,,,,,,,,,,,,,,,,,,,,,,,,,,,,,,,,,,,,,,,
,,,,,,,,,,,,,,,,,,,,,,,,,,,,,,,,,15.5,,,,,,,,,,,,,,,,,,,,,,,,,,,,,,,,,,,,,,,
,,,,,,,,,,,,,,,,,,,,,,,,,,,,,,,,,15.5,,,,,,,,,,,,,,,,,,,,,,,,,,,,,,,,,,,,,,,
,,,,,,,,,,,,,,,,,,,,,,,,,,,,,,,,,15.5,,,,,,,,,,,,,,,,,,,,,,,,,,,,,,,,,,,,,,,
,,,,,,,,,,,,,,,,,,,,,,,,,,,,,,,,,13.2,,,,,,,,,,,,,,,,,,,,,,,,,,,,,,,,,,,,,,,
,,,,,,,,,,,,,,,,,,,,,,,,,,,,,,,,,13.2,,,,,,,,,,,,,,,,,,,,,,,,,,,,,,,,,,,,,,,
,,,,,,,,,,,,,,,,,,,,,,,,,,,,,,,,,13.2,,,,,,,,,,,,,,,,,,,,,,,,,,,,,,,,,,,,,,,
,,,,,,,,,,,,,,,,,,,,,,,,,,,,,,,,,10.7,,,,,,,,,,,,,,,,,,,,,,,,,,,,,,,,,,,,,,,
,,,,,,,,,,,,,,,,,,,,,,,,,,,,,,,,,10.7,,,,,,,,,,,,,,,,,,,,,,,,,,,,,,,,,,,,,,,
,,,,,,,,,,,,,,,,,,,,,,,,,,,,,,,,,10.7,,,,,,,,,,,,,,,,,,,,,,,,,,,,,,,,,,,,,,,
,,,,,,,,,,,,,,,,,,,,,,,,,,,,,,,,,18.9,,,,,,,,,,,,,,,,,,,,,,,,,,,,,,,,,,,,,,,
,,,,,,,,,,,,,,,,,,,,,,,,,,,,,,,,,18.9,,,,,,,,,,,,,,,,,,,,,,,,,,,,,,,,,,,,,,,
,,,,,,,,,,,,,,,,,,,,,,,,,,,,,,,,,18.9,,,,,,,,,,,,,,,,,,,,,,,,,,,,,,,,,,,,,,,
,,,,,,,,,,,,,,,,,,,,,,,,,,,,,,,,,16.8,,,,,,,,,,,,,,,,,,,,,,,,,,,,,,,,,,,,,,,
,,,,,,,,,,,,,,,,,,,,,,,,,,,,,,,,,16.8,,,,,,,,,,,,,,,,,,,,,,,,,,,,,,,,,,,,,,,
,,,,,,,,,,,,,,,,,,,,,,,,,,,,,,,,,16.8,,,,,,,,,,,,,,,,,,,,,,,,,,,,,,,,,,,,,,,
,,,,,,,,,,,,,,,,,,,,,,,,,,,,,,,,,14.7,,,,,,,,,,,,,,,,,,,,,,,,,,,,,,,,,,,,,,,
,,,,,,,,,,,,,,,,,,,,,,,,,,,,,,,,,14.7,,,,,,,,,,,,,,,,,,,,,,,,,,,,,,,,,,,,,,,
,,,,,,,,,,,,,,,,,,,,,,,,,,,,,,,,,14.7,,,,,,,,,,,,,,,,,,,,,,,,,,,,,,,,,,,,,,,
,,,,,,,,,,,,,,,,,,,,,,,,,,,,,,,,,12.5,,,,,,,,,,,,,,,,,,,,,,,,,,,,,,,,,,,,,,,
,,,,,,,,,,,,,,,,,,,,,,,,,,,,,,,,,12.5,,,,,,,,,,,,,,,,,,,,,,,,,,,,,,,,,,,,,,,
,,,,,,,,,,,,,,,,,,,,,,,,,,,,,,,,,12.5,,,,,,,,,,,,,,,,,,,,,,,,,,,,,,,,,,,,,,,
,,,,,,,,,,,,,,,,,,,,,,,,,,,,,,,,,10.2,,,,,,,,,,,,,,,,,,,,,,,,,,,,,,,,,,,,,,,
,,,,,,,,,,,,,,,,,,,,,,,,,,,,,,,,,10.2,,,,,,,,,,,,,,,,,,,,,,,,,,,,,,,,,,,,,,,
,,,,,,,,,,,,,,,,,,,,,,,,,,,,,,,,,10.2,,,,,,,,,,,,,,,,,,,,,,,,,,,,,,,,,,,,,,,
,,,,,,,,,,,,,,,,,,,,,,,,,,,,,,,,,10.6,,,,,,,,,,,,,,,,,,,,,,,,,,,,,,,,,,,,,,,
,,,,,,,,,,,,,,,,,,,,,,,,,,,,,,,,,10.6,,,,,,,,,,,,,,,,,,,,,,,,,,,,,,,,,,,,,,,
,,,,,,,,,,,,,,,,,,,,,,,,,,,,,,,,,10.6,,,,,,,,,,,,,,,,,,,,,,,,,,,,,,,,,,,,,,,
,,,,,,,,,,,,,,,,,,,,,,,,,,,,,,,,,8.30,,,,,,,,,,,,,,,,,,,,,,,,,,,,,,,,,,,,,,,
,,,,,,,,,,,,,,,,,,,,,,,,,,,,,,,,,8.30,,,,,,,,,,,,,,,,,,,,,,,,,,,,,,,,,,,,,,,
,,,,,,,,,,,,,,,,,,,,,,,,,,,,,,,,,8.30,,,,,,,,,,,,,,,,,,,,,,,,,,,,,,,,,,,,,,,
,,,,,,,,,,,,,,,,,,,,,,,,,,,,,,,,,7.06,,,,,,,,,,,,,,,,,,,,,,,,,,,,,,,,,,,,,,,
,,,,,,,,,,,,,,,,,,,,,,,,,,,,,,,,,7.06,,,,,,,,,,,,,,,,,,,,,,,,,,,,,,,,,,,,,,,
,,,,,,,,,,,,,,,,,,,,,,,,,,,,,,,,,7.06,,,,,,,,,,,,,,,,,,,,,,,,,,,,,,,,,,,,,,,
,,,,,,,,,,,,,,,,,,,,,,,,,,,,,,,,,5.78,,,,,,,,,,,,,,,,,,,,,,,,,,,,,,,,,,,,,,,
,,,,,,,,,,,,,,,,,,,,,,,,,,,,,,,,,5.78,,,,,,,,,,,,,,,,,,,,,,,,,,,,,,,,,,,,,,,
,,,,,,,,,,,,,,,,,,,,,,,,,,,,,,,,,5.78,,,,,,,,,,,,,,,,,,,,,,,,,,,,,,,,,,,,,,,
,,,,,,,,,,,,,,,,,,,,,,,,,,,,,,,,,12.0,,,,,,,,,,,,,,,,,,,,,,,,,,,,,,,,,,,,,,,
,,,,,,,,,,,,,,,,,,,,,,,,,,,,,,,,,12.0,,,,,,,,,,,,,,,,,,,,,,,,,,,,,,,,,,,,,,,
,,,,,,,,,,,,,,,,,,,,,,,,,,,,,,,,,12.0,,,,,,,,,,,,,,,,,,,,,,,,,,,,,,,,,,,,,,,
,,,,,,,,,,,,,,,,,,,,,,,,,,,,,,,,,10.0,,,,,,,,,,,,,,,,,,,,,,,,,,,,,,,,,,,,,,,
,,,,,,,,,,,,,,,,,,,,,,,,,,,,,,,,,10.0,,,,,,,,,,,,,,,,,,,,,,,,,,,,,,,,,,,,,,,
,,,,,,,,,,,,,,,,,,,,,,,,,,,,,,,,,10.0,,,,,,,,,,,,,,,,,,,,,,,,,,,,,,,,,,,,,,,
,,,,,,,,,,,,,,,,,,,,,,,,,,,,,,,,,7.88,,,,,,,,,,,,,,,,,,,,,,,,,,,,,,,,,,,,,,,
,,,,,,,,,,,,,,,,,,,,,,,,,,,,,,,,,7.88,,,,,,,,,,,,,,,,,,,,,,,,,,,,,,,,,,,,,,,
,,,,,,,,,,,,,,,,,,,,,,,,,,,,,,,,,7.88,,,,,,,,,,,,,,,,,,,,,,,,,,,,,,,,,,,,,,,
,,,,,,,,,,,,,,,,,,,,,,,,,,,,,,,,,6.72,,,,,,,,,,,,,,,,,,,,,,,,,,,,,,,,,,,,,,,
,,,,,,,,,,,,,,,,,,,,,,,,,,,,,,,,,6.72,,,,,,,,,,,,,,,,,,,,,,,,,,,,,,,,,,,,,,,
,,,,,,,,,,,,,,,,,,,,,,,,,,,,,,,,,6.72,,,,,,,,,,,,,,,,,,,,,,,,,,,,,,,,,,,,,,,
,,,,,,,,,,,,,,,,,,,,,,,,,,,,,,,,,5.50,,,,,,,,,,,,,,,,,,,,,,,,,,,,,,,,,,,,,,,
,,,,,,,,,,,,,,,,,,,,,,,,,,,,,,,,,5.50,,,,,,,,,,,,,,,,,,,,,,,,,,,,,,,,,,,,,,,
,,,,,,,,,,,,,,,,,,,,,,,,,,,,,,,,,5.50,,,,,,,,,,,,,,,,,,,,,,,,,,,,,,,,,,,,,,,
,,,,,,,,,,,,,,,,,,,,,,,,,,,,,,,,,6.90,,,,,,,,,,,,,,,,,,,,,,,,,,,,,,,,,,,,,,,
,,,,,,,,,,,,,,,,,,,,,,,,,,,,,,,,,6.90,,,,,,,,,,,,,,,,,,,,,,,,,,,,,,,,,,,,,,,
,,,,,,,,,,,,,,,,,,,,,,,,,,,,,,,,,6.90,,,,,,,,,,,,,,,,,,,,,,,,,,,,,,,,,,,,,,,
,,,,,,,,,,,,,,,,,,,,,,,,,,,,,,,,,6.20,,,,,,,,,,,,,,,,,,,,,,,,,,,,,,,,,,,,,,,
,,,,,,,,,,,,,,,,,,,,,,,,,,,,,,,,,6.20,,,,,,,,,,,,,,,,,,,,,,,,,,,,,,,,,,,,,,,
,,,,,,,,,,,,,,,,,,,,,,,,,,,,,,,,,6.20,,,,,,,,,,,,,,,,,,,,,,,,,,,,,,,,,,,,,,,
,,,,,,,,,,,,,,,,,,,,,,,,,,,,,,,,,5.46,,,,,,,,,,,,,,,,,,,,,,,,,,,,,,,,,,,,,,,
,,,,,,,,,,,,,,,,,,,,,,,,,,,,,,,,,5.46,,,,,,,,,,,,,,,,,,,,,,,,,,,,,,,,,,,,,,,
,,,,,,,,,,,,,,,,,,,,,,,,,,,,,,,,,5.46,,,,,,,,,,,,,,,,,,,,,,,,,,,,,,,,,,,,,,,
,,,,,,,,,,,,,,,,,,,,,,,,,,,,,,,,,4.66,,,,,,,,,,,,,,,,,,,,,,,,,,,,,,,,,,,,,,,
,,,,,,,,,,,,,,,,,,,,,,,,,,,,,,,,,4.66,,,,,,,,,,,,,,,,,,,,,,,,,,,,,,,,,,,,,,,
,,,,,,,,,,,,,,,,,,,,,,,,,,,,,,,,,4.66,,,,,,,,,,,,,,,,,,,,,,,,,,,,,,,,,,,,,,,
,,,,,,,,,,,,,,,,,,,,,,,,,,,,,,,,,3.84,,,,,,,,,,,,,,,,,,,,,,,,,,,,,,,,,,,,,,,
,,,,,,,,,,,,,,,,,,,,,,,,,,,,,,,,,3.84,,,,,,,,,,,,,,,,,,,,,,,,,,,,,,,,,,,,,,,
,,,,,,,,,,,,,,,,,,,,,,,,,,,,,,,,,3.84,,,,,,,,,,,,,,,,,,,,,,,,,,,,,,,,,,,,,,,
,,,,,,,,,,,,,,,,,,,,,,,,,,,,,,,,,6.48,,,,,,,,,,,,,,,,,,,,,,,,,,,,,,,,,,,,,,,
,,,,,,,,,,,,,,,,,,,,,,,,,,,,,,,,,6.48,,,,,,,,,,,,,,,,,,,,,,,,,,,,,,,,,,,,,,,
,,,,,,,,,,,,,,,,,,,,,,,,,,,,,,,,,6.48,,,,,,,,,,,,,,,,,,,,,,,,,,,,,,,,,,,,,,,
,,,,,,,,,,,,,,,,,,,,,,,,,,,,,,,,,5.12,,,,,,,,,,,,,,,,,,,,,,,,,,,,,,,,,,,,,,,
,,,,,,,,,,,,,,,,,,,,,,,,,,,,,,,,,5.12,,,,,,,,,,,,,,,,,,,,,,,,,,,,,,,,,,,,,,,
,,,,,,,,,,,,,,,,,,,,,,,,,,,,,,,,,5.12,,,,,,,,,,,,,,,,,,,,,,,,,,,,,,,,,,,,,,,
,,,,,,,,,,,,,,,,,,,,,,,,,,,,,,,,,4.40,,,,,,,,,,,,,,,,,,,,,,,,,,,,,,,,,,,,,,,
,,,,,,,,,,,,,,,,,,,,,,,,,,,,,,,,,4.40,,,,,,,,,,,,,,,,,,,,,,,,,,,,,,,,,,,,,,,
,,,,,,,,,,,,,,,,,,,,,,,,,,,,,,,,,4.40,,,,,,,,,,,,,,,,,,,,,,,,,,,,,,,,,,,,,,,
,,,,,,,,,,,,,,,,,,,,,,,,,,,,,,,,,3.62,,,,,,,,,,,,,,,,,,,,,,,,,,,,,,,,,,,,,,,
,,,,,,,,,,,,,,,,,,,,,,,,,,,,,,,,,3.62,,,,,,,,,,,,,,,,,,,,,,,,,,,,,,,,,,,,,,,
,,,,,,,,,,,,,,,,,,,,,,,,,,,,,,,,,3.62,,,,,,,,,,,,,,,,,,,,,,,,,,,,,,,,,,,,,,,
,,,,,,,,,,,,,,,,,,,,,,,,,,,,,,,,,4.14,,,,,,,,,,,,,,,,,,,,,,,,,,,,,,,,,,,,,,,
,,,,,,,,,,,,,,,,,,,,,,,,,,,,,,,,,4.14,,,,,,,,,,,,,,,,,,,,,,,,,,,,,,,,,,,,,,,
,,,,,,,,,,,,,,,,,,,,,,,,,,,,,,,,,4.14,,,,,,,,,,,,,,,,,,,,,,,,,,,,,,,,,,,,,,,
,,,,,,,,,,,,,,,,,,,,,,,,,,,,,,,,,3.74,,,,,,,,,,,,,,,,,,,,,,,,,,,,,,,,,,,,,,,
,,,,,,,,,,,,,,,,,,,,,,,,,,,,,,,,,3.74,,,,,,,,,,,,,,,,,,,,,,,,,,,,,,,,,,,,,,,
,,,,,,,,,,,,,,,,,,,,,,,,,,,,,,,,,3.74,,,,,,,,,,,,,,,,,,,,,,,,,,,,,,,,,,,,,,,
,,,,,,,,,,,,,,,,,,,,,,,,,,,,,,,,,3.30,,,,,,,,,,,,,,,,,,,,,,,,,,,,,,,,,,,,,,,
,,,,,,,,,,,,,,,,,,,,,,,,,,,,,,,,,3.30,,,,,,,,,,,,,,,,,,,,,,,,,,,,,,,,,,,,,,,
,,,,,,,,,,,,,,,,,,,,,,,,,,,,,,,,,3.30,,,,,,,,,,,,,,,,,,,,,,,,,,,,,,,,,,,,,,,
,,,,,,,,,,,,,,,,,,,,,,,,,,,,,,,,,2.82,,,,,,,,,,,,,,,,,,,,,,,,,,,,,,,,,,,,,,,
,,,,,,,,,,,,,,,,,,,,,,,,,,,,,,,,,2.82,,,,,,,,,,,,,,,,,,,,,,,,,,,,,,,,,,,,,,,
,,,,,,,,,,,,,,,,,,,,,,,,,,,,,,,,,2.82,,,,,,,,,,,,,,,,,,,,,,,,,,,,,,,,,,,,,,,
,,,,,,,,,,,,,,,,,,,,,,,,,,,,,,,,,2.32,,,,,,,,,,,,,,,,,,,,,,,,,,,,,,,,,,,,,,,
,,,,,,,,,,,,,,,,,,,,,,,,,,,,,,,,,2.32,,,,,,,,,,,,,,,,,,,,,,,,,,,,,,,,,,,,,,,
,,,,,,,,,,,,,,,,,,,,,,,,,,,,,,,,,2.32,,,,,,,,,,,,,,,,,,,,,,,,,,,,,,,,,,,,,,,
,,,,,,,,,,,,,,,,,,,,,,,,,,,,,,,,,1.80,,,,,,,,,,,,,,,,,,,,,,,,,,,,,,,,,,,,,,,
,,,,,,,,,,,,,,,,,,,,,,,,,,,,,,,,,1.80,,,,,,,,,,,,,,,,,,,,,,,,,,,,,,,,,,,,,,,
,,,,,,,,,,,,,,,,,,,,,,,,,,,,,,,,,1.80,,,,,,,,,,,,,,,,,,,,,,,,,,,,,,,,,,,,,,,
,,,,,,,,,,,,,,,,,,,,,,,,,,,,,,,,,3.84,,,,,,,,,,,,,,,,,,,,,,,,,,,,,,,,,,,,,,,
,,,,,,,,,,,,,,,,,,,,,,,,,,,,,,,,,3.84,,,,,,,,,,,,,,,,,,,,,,,,,,,,,,,,,,,,,,,
,,,,,,,,,,,,,,,,,,,,,,,,,,,,,,,,,3.84,,,,,,,,,,,,,,,,,,,,,,,,,,,,,,,,,,,,,,,
,,,,,,,,,,,,,,,,,,,,,,,,,,,,,,,,,3.08,,,,,,,,,,,,,,,,,,,,,,,,,,,,,,,,,,,,,,,
,,,,,,,,,,,,,,,,,,,,,,,,,,,,,,,,,3.08,,,,,,,,,,,,,,,,,,,,,,,,,,,,,,,,,,,,,,,
,,,,,,,,,,,,,,,,,,,,,,,,,,,,,,,,,3.08,,,,,,,,,,,,,,,,,,,,,,,,,,,,,,,,,,,,,,,
,,,,,,,,,,,,,,,,,,,,,,,,,,,,,,,,,2.64,,,,,,,,,,,,,,,,,,,,,,,,,,,,,,,,,,,,,,,
,,,,,,,,,,,,,,,,,,,,,,,,,,,,,,,,,2.64,,,,,,,,,,,,,,,,,,,,,,,,,,,,,,,,,,,,,,,
,,,,,,,,,,,,,,,,,,,,,,,,,,,,,,,,,2.64,,,,,,,,,,,,,,,,,,,,,,,,,,,,,,,,,,,,,,,
,,,,,,,,,,,,,,,,,,,,,,,,,,,,,,,,,2.18,,,,,,,,,,,,,,,,,,,,,,,,,,,,,,,,,,,,,,,
,,,,,,,,,,,,,,,,,,,,,,,,,,,,,,,,,2.18,,,,,,,,,,,,,,,,,,,,,,,,,,,,,,,,,,,,,,,
,,,,,,,,,,,,,,,,,,,,,,,,,,,,,,,,,2.18,,,,,,,,,,,,,,,,,,,,,,,,,,,,,,,,,,,,,,,
,,,,,,,,,,,,,,,,,,,,,,,,,,,,,,,,,1.69,,,,,,,,,,,,,,,,,,,,,,,,,,,,,,,,,,,,,,,
,,,,,,,,,,,,,,,,,,,,,,,,,,,,,,,,,1.69,,,,,,,,,,,,,,,,,,,,,,,,,,,,,,,,,,,,,,,
,,,,,,,,,,,,,,,,,,,,,,,,,,,,,,,,,1.69,,,,,,,,,,,,,,,,,,,,,,,,,,,,,,,,,,,,,,,
,,,,,,,,,,,,,,,,,,,,,,,,,,,,,,,,,1.83,,,,,,,,,,,,,,,,,,,,,,,,,,,,,,,,,,,,,,,
,,,,,,,,,,,,,,,,,,,,,,,,,,,,,,,,,1.83,,,,,,,,,,,,,,,,,,,,,,,,,,,,,,,,,,,,,,,
,,,,,,,,,,,,,,,,,,,,,,,,,,,,,,,,,1.83,,,,,,,,,,,,,,,,,,,,,,,,,,,,,,,,,,,,,,,
,,,,,,,,,,,,,,,,,,,,,,,,,,,,,,,,,1.58,,,,,,,,,,,,,,,,,,,,,,,,,,,,,,,,,,,,,,,
,,,,,,,,,,,,,,,,,,,,,,,,,,,,,,,,,1.58,,,,,,,,,,,,,,,,,,,,,,,,,,,,,,,,,,,,,,,
,,,,,,,,,,,,,,,,,,,,,,,,,,,,,,,,,1.58,,,,,,,,,,,,,,,,,,,,,,,,,,,,,,,,,,,,,,,
,,,,,,,,,,,,,,,,,,,,,,,,,,,,,,,,,1.31,,,,,,,,,,,,,,,,,,,,,,,,,,,,,,,,,,,,,,,
,,,,,,,,,,,,,,,,,,,,,,,,,,,,,,,,,1.31,,,,,,,,,,,,,,,,,,,,,,,,,,,,,,,,,,,,,,,
,,,,,,,,,,,,,,,,,,,,,,,,,,,,,,,,,1.31,,,,,,,,,,,,,,,,,,,,,,,,,,,,,,,,,,,,,,,
,,,,,,,,,,,,,,,,,,,,,,,,,,,,,,,,,1.02,,,,,,,,,,,,,,,,,,,,,,,,,,,,,,,,,,,,,,,
,,,,,,,,,,,,,,,,,,,,,,,,,,,,,,,,,1.02,,,,,,,,,,,,,,,,,,,,,,,,,,,,,,,,,,,,,,,
,,,,,,,,,,,,,,,,,,,,,,,,,,,,,,,,,1.02,,,,,,,,,,,,,,,,,,,,,,,,,,,,,,,,,,,,,,,
,,,,,,,,,,,,,,,,,,,,,,,,,,,,,,,,,1.19,,,,,,,,,,,,,,,,,,,,,,,,,,,,,,,,,,,,,,,
,,,,,,,,,,,,,,,,,,,,,,,,,,,,,,,,,1.19,,,,,,,,,,,,,,,,,,,,,,,,,,,,,,,,,,,,,,,
,,,,,,,,,,,,,,,,,,,,,,,,,,,,,,,,,1.19,,,,,,,,,,,,,,,,,,,,,,,,,,,,,,,,,,,,,,,
,,,,,,,,,,,,,,,,,,,,,,,,,,,,,,,,,0.928,,,,,,,,,,,,,,,,,,,,,,,,,,,,,,,,,,,,,,,
,,,,,,,,,,,,,,,,,,,,,,,,,,,,,,,,,0.928,,,,,,,,,,,,,,,,,,,,,,,,,,,,,,,,,,,,,,,
,,,,,,,,,,,,,,,,,,,,,,,,,,,,,,,,,0.928,,,,,,,,,,,,,,,,,,,,,,,,,,,,,,,,,,,,,,,
,,,,,,,,,,,,,,,,,,,,,,,,,,,,,,,,,77.6,,,,,,,,,,,,,,,,,,,,,,,,,,,,,,,,,,,,,,,
,,,,,,,,,,,,,,,,,,,,,,,,,,,,,,,,,77.6,,,,,,,,,,,,,,,,,,,,,,,,,,,,,,,,,,,,,,,
,,,,,,,,,,,,,,,,,,,,,,,,,,,,,,,,,77.6,,,,,,,,,,,,,,,,,,,,,,,,,,,,,,,,,,,,,,,
,,,,,,,,,,,,,,,,,,,,,,,,,,,,,,,,,69.8,,,,,,,,,,,,,,,,,,,,,,,,,,,,,,,,,,,,,,,
,,,,,,,,,,,,,,,,,,,,,,,,,,,,,,,,,69.8,,,,,,,,,,,,,,,,,,,,,,,,,,,,,,,,,,,,,,,
,,,,,,,,,,,,,,,,,,,,,,,,,,,,,,,,,69.8,,,,,,,,,,,,,,,,,,,,,,,,,,,,,,,,,,,,,,,
,,,,,,,,,,,,,,,,,,,,,,,,,,,,,,,,,61.5,,,,,,,,,,,,,,,,,,,,,,,,,,,,,,,,,,,,,,,
,,,,,,,,,,,,,,,,,,,,,,,,,,,,,,,,,61.5,,,,,,,,,,,,,,,,,,,,,,,,,,,,,,,,,,,,,,,
,,,,,,,,,,,,,,,,,,,,,,,,,,,,,,,,,61.5,,,,,,,,,,,,,,,,,,,,,,,,,,,,,,,,,,,,,,,
,,,,,,,,,,,,,,,,,,,,,,,,,,,,,,,,,52.8,,,,,,,,,,,,,,,,,,,,,,,,,,,,,,,,,,,,,,,
,,,,,,,,,,,,,,,,,,,,,,,,,,,,,,,,,52.8,,,,,,,,,,,,,,,,,,,,,,,,,,,,,,,,,,,,,,,
,,,,,,,,,,,,,,,,,,,,,,,,,,,,,,,,,52.8,,,,,,,,,,,,,,,,,,,,,,,,,,,,,,,,,,,,,,,
,,,,,,,,,,,,,,,,,,,,,,,,,,,,,,,,,48.2,,,,,,,,,,,,,,,,,,,,,,,,,,,,,,,,,,,,,,,
,,,,,,,,,,,,,,,,,,,,,,,,,,,,,,,,,48.2,,,,,,,,,,,,,,,,,,,,,,,,,,,,,,,,,,,,,,,
,,,,,,,,,,,,,,,,,,,,,,,,,,,,,,,,,48.2,,,,,,,,,,,,,,,,,,,,,,,,,,,,,,,,,,,,,,,
,,,,,,,,,,,,,,,,,,,,,,,,,,,,,,,,,43.5,,,,,,,,,,,,,,,,,,,,,,,,,,,,,,,,,,,,,,,
,,,,,,,,,,,,,,,,,,,,,,,,,,,,,,,,,43.5,,,,,,,,,,,,,,,,,,,,,,,,,,,,,,,,,,,,,,,
,,,,,,,,,,,,,,,,,,,,,,,,,,,,,,,,,43.5,,,,,,,,,,,,,,,,,,,,,,,,,,,,,,,,,,,,,,,
,,,,,,,,,,,,,,,,,,,,,,,,,,,,,,,,,38.6,,,,,,,,,,,,,,,,,,,,,,,,,,,,,,,,,,,,,,,
,,,,,,,,,,,,,,,,,,,,,,,,,,,,,,,,,38.6,,,,,,,,,,,,,,,,,,,,,,,,,,,,,,,,,,,,,,,
,,,,,,,,,,,,,,,,,,,,,,,,,,,,,,,,,38.6,,,,,,,,,,,,,,,,,,,,,,,,,,,,,,,,,,,,,,,
,,,,,,,,,,,,,,,,,,,,,,,,,,,,,,,,,23.3,,,,,,,,,,,,,,,,,,,,,,,,,,,,,,,,,,,,,,,
,,,,,,,,,,,,,,,,,,,,,,,,,,,,,,,,,23.3,,,,,,,,,,,,,,,,,,,,,,,,,,,,,,,,,,,,,,,
,,,,,,,,,,,,,,,,,,,,,,,,,,,,,,,,,23.3,,,,,,,,,,,,,,,,,,,,,,,,,,,,,,,,,,,,,,,
,,,,,,,,,,,,,,,,,,,,,,,,,,,,,,,,,21.1,,,,,,,,,,,,,,,,,,,,,,,,,,,,,,,,,,,,,,,
,,,,,,,,,,,,,,,,,,,,,,,,,,,,,,,,,21.1,,,,,,,,,,,,,,,,,,,,,,,,,,,,,,,,,,,,,,,
,,,,,,,,,,,,,,,,,,,,,,,,,,,,,,,,,21.1,,,,,,,,,,,,,,,,,,,,,,,,,,,,,,,,,,,,,,,
,,,,,,,,,,,,,,,,,,,,,,,,,,,,,,,,,18.7,,,,,,,,,,,,,,,,,,,,,,,,,,,,,,,,,,,,,,,
,,,,,,,,,,,,,,,,,,,,,,,,,,,,,,,,,18.7,,,,,,,,,,,,,,,,,,,,,,,,,,,,,,,,,,,,,,,
,,,,,,,,,,,,,,,,,,,,,,,,,,,,,,,,,18.7,,,,,,,,,,,,,,,,,,,,,,,,,,,,,,,,,,,,,,,
,,,,,,,,,,,,,,,,,,,,,,,,,,,,,,,,,16.2,,,,,,,,,,,,,,,,,,,,,,,,,,,,,,,,,,,,,,,
,,,,,,,,,,,,,,,,,,,,,,,,,,,,,,,,,16.2,,,,,,,,,,,,,,,,,,,,,,,,,,,,,,,,,,,,,,,
,,,,,,,,,,,,,,,,,,,,,,,,,,,,,,,,,16.2,,,,,,,,,,,,,,,,,,,,,,,,,,,,,,,,,,,,,,,
,,,,,,,,,,,,,,,,,,,,,,,,,,,,,,,,,14.9,,,,,,,,,,,,,,,,,,,,,,,,,,,,,,,,,,,,,,,
,,,,,,,,,,,,,,,,,,,,,,,,,,,,,,,,,14.9,,,,,,,,,,,,,,,,,,,,,,,,,,,,,,,,,,,,,,,
,,,,,,,,,,,,,,,,,,,,,,,,,,,,,,,,,14.9,,,,,,,,,,,,,,,,,,,,,,,,,,,,,,,,,,,,,,,
,,,,,,,,,,,,,,,,,,,,,,,,,,,,,,,,,13.5,,,,,,,,,,,,,,,,,,,,,,,,,,,,,,,,,,,,,,,
,,,,,,,,,,,,,,,,,,,,,,,,,,,,,,,,,13.5,,,,,,,,,,,,,,,,,,,,,,,,,,,,,,,,,,,,,,,
,,,,,,,,,,,,,,,,,,,,,,,,,,,,,,,,,13.5,,,,,,,,,,,,,,,,,,,,,,,,,,,,,,,,,,,,,,,
,,,,,,,,,,,,,,,,,,,,,,,,,,,,,,,,,12.1,,,,,,,,,,,,,,,,,,,,,,,,,,,,,,,,,,,,,,,
,,,,,,,,,,,,,,,,,,,,,,,,,,,,,,,,,12.1,,,,,,,,,,,,,,,,,,,,,,,,,,,,,,,,,,,,,,,
,,,,,,,,,,,,,,,,,,,,,,,,,,,,,,,,,12.1,,,,,,,,,,,,,,,,,,,,,,,,,,,,,,,,,,,,,,,
,,,,,,,,,,,,,,,,,,,,,,,,,,,,,,,,,18.0,,,,,,,,,,,,,,,,,,,,,,,,,,,,,,,,,,,,,,,
,,,,,,,,,,,,,,,,,,,,,,,,,,,,,,,,,18.0,,,,,,,,,,,,,,,,,,,,,,,,,,,,,,,,,,,,,,,
,,,,,,,,,,,,,,,,,,,,,,,,,,,,,,,,,18.0,,,,,,,,,,,,,,,,,,,,,,,,,,,,,,,,,,,,,,,
,,,,,,,,,,,,,,,,,,,,,,,,,,,,,,,,,15.6,,,,,,,,,,,,,,,,,,,,,,,,,,,,,,,,,,,,,,,
,,,,,,,,,,,,,,,,,,,,,,,,,,,,,,,,,15.6,,,,,,,,,,,,,,,,,,,,,,,,,,,,,,,,,,,,,,,
,,,,,,,,,,,,,,,,,,,,,,,,,,,,,,,,,15.6,,,,,,,,,,,,,,,,,,,,,,,,,,,,,,,,,,,,,,,
,,,,,,,,,,,,,,,,,,,,,,,,,,,,,,,,,13.0,,,,,,,,,,,,,,,,,,,,,,,,,,,,,,,,,,,,,,,
,,,,,,,,,,,,,,,,,,,,,,,,,,,,,,,,,13.0,,,,,,,,,,,,,,,,,,,,,,,,,,,,,,,,,,,,,,,
,,,,,,,,,,,,,,,,,,,,,,,,,,,,,,,,,13.0,,,,,,,,,,,,,,,,,,,,,,,,,,,,,,,,,,,,,,,
,,,,,,,,,,,,,,,,,,,,,,,,,,,,,,,,,11.6,,,,,,,,,,,,,,,,,,,,,,,,,,,,,,,,,,,,,,,
,,,,,,,,,,,,,,,,,,,,,,,,,,,,,,,,,11.6,,,,,,,,,,,,,,,,,,,,,,,,,,,,,,,,,,,,,,,
,,,,,,,,,,,,,,,,,,,,,,,,,,,,,,,,,11.6,,,,,,,,,,,,,,,,,,,,,,,,,,,,,,,,,,,,,,,
,,,,,,,,,,,,,,,,,,,,,,,,,,,,,,,,,10.1,,,,,,,,,,,,,,,,,,,,,,,,,,,,,,,,,,,,,,,
,,,,,,,,,,,,,,,,,,,,,,,,,,,,,,,,,10.1,,,,,,,,,,,,,,,,,,,,,,,,,,,,,,,,,,,,,,,
,,,,,,,,,,,,,,,,,,,,,,,,,,,,,,,,,10.1,,,,,,,,,,,,,,,,,,,,,,,,,,,,,,,,,,,,,,,
,,,,,,,,,,,,,,,,,,,,,,,,,,,,,,,,,19.4,,,,,,,,,,,,,,,,,,,,,,,,,,,,,,,,,,,,,,,
,,,,,,,,,,,,,,,,,,,,,,,,,,,,,,,,,19.4,,,,,,,,,,,,,,,,,,,,,,,,,,,,,,,,,,,,,,,
,,,,,,,,,,,,,,,,,,,,,,,,,,,,,,,,,19.4,,,,,,,,,,,,,,,,,,,,,,,,,,,,,,,,,,,,,,,
,,,,,,,,,,,,,,,,,,,,,,,,,,,,,,,,,17.3,,,,,,,,,,,,,,,,,,,,,,,,,,,,,,,,,,,,,,,
,,,,,,,,,,,,,,,,,,,,,,,,,,,,,,,,,17.3,,,,,,,,,,,,,,,,,,,,,,,,,,,,,,,,,,,,,,,
,,,,,,,,,,,,,,,,,,,,,,,,,,,,,,,,,17.3,,,,,,,,,,,,,,,,,,,,,,,,,,,,,,,,,,,,,,,
,,,,,,,,,,,,,,,,,,,,,,,,,,,,,,,,,15.0,,,,,,,,,,,,,,,,,,,,,,,,,,,,,,,,,,,,,,,
,,,,,,,,,,,,,,,,,,,,,,,,,,,,,,,,,15.0,,,,,,,,,,,,,,,,,,,,,,,,,,,,,,,,,,,,,,,
,,,,,,,,,,,,,,,,,,,,,,,,,,,,,,,,,15.0,,,,,,,,,,,,,,,,,,,,,,,,,,,,,,,,,,,,,,,
,,,,,,,,,,,,,,,,,,,,,,,,,,,,,,,,,13.7,,,,,,,,,,,,,,,,,,,,,,,,,,,,,,,,,,,,,,,
,,,,,,,,,,,,,,,,,,,,,,,,,,,,,,,,,13.7,,,,,,,,,,,,,,,,,,,,,,,,,,,,,,,,,,,,,,,
,,,,,,,,,,,,,,,,,,,,,,,,,,,,,,,,,13.7,,,,,,,,,,,,,,,,,,,,,,,,,,,,,,,,,,,,,,,
,,,,,,,,,,,,,,,,,,,,,,,,,,,,,,,,,12.4,,,,,,,,,,,,,,,,,,,,,,,,,,,,,,,,,,,,,,,
,,,,,,,,,,,,,,,,,,,,,,,,,,,,,,,,,12.4,,,,,,,,,,,,,,,,,,,,,,,,,,,,,,,,,,,,,,,
,,,,,,,,,,,,,,,,,,,,,,,,,,,,,,,,,12.4,,,,,,,,,,,,,,,,,,,,,,,,,,,,,,,,,,,,,,,
,,,,,,,,,,,,,,,,,,,,,,,,,,,,,,,,,11.1,,,,,,,,,,,,,,,,,,,,,,,,,,,,,,,,,,,,,,,
,,,,,,,,,,,,,,,,,,,,,,,,,,,,,,,,,11.1,,,,,,,,,,,,,,,,,,,,,,,,,,,,,,,,,,,,,,,
,,,,,,,,,,,,,,,,,,,,,,,,,,,,,,,,,11.1,,,,,,,,,,,,,,,,,,,,,,,,,,,,,,,,,,,,,,,
,,,,,,,,,,,,,,,,,,,,,,,,,,,,,,,,,9.72,,,,,,,,,,,,,,,,,,,,,,,,,,,,,,,,,,,,,,,
,,,,,,,,,,,,,,,,,,,,,,,,,,,,,,,,,9.72,,,,,,,,,,,,,,,,,,,,,,,,,,,,,,,,,,,,,,,
,,,,,,,,,,,,,,,,,,,,,,,,,,,,,,,,,9.72,,,,,,,,,,,,,,,,,,,,,,,,,,,,,,,,,,,,,,,
,,,,,,,,,,,,,,,,,,,,,,,,,,,,,,,,,8.26,,,,,,,,,,,,,,,,,,,,,,,,,,,,,,,,,,,,,,,
,,,,,,,,,,,,,,,,,,,,,,,,,,,,,,,,,8.26,,,,,,,,,,,,,,,,,,,,,,,,,,,,,,,,,,,,,,,
,,,,,,,,,,,,,,,,,,,,,,,,,,,,,,,,,8.26,,,,,,,,,,,,,,,,,,,,,,,,,,,,,,,,,,,,,,,
,,,,,,,,,,,,,,,,,,,,,,,,,,,,,,,,,8.47,,,,,,,,,,,,,,,,,,,,,,,,,,,,,,,,,,,,,,,
,,,,,,,,,,,,,,,,,,,,,,,,,,,,,,,,,8.47,,,,,,,,,,,,,,,,,,,,,,,,,,,,,,,,,,,,,,,
,,,,,,,,,,,,,,,,,,,,,,,,,,,,,,,,,8.47,,,,,,,,,,,,,,,,,,,,,,,,,,,,,,,,,,,,,,,
,,,,,,,,,,,,,,,,,,,,,,,,,,,,,,,,,6.65,,,,,,,,,,,,,,,,,,,,,,,,,,,,,,,,,,,,,,,
,,,,,,,,,,,,,,,,,,,,,,,,,,,,,,,,,6.65,,,,,,,,,,,,,,,,,,,,,,,,,,,,,,,,,,,,,,,
,,,,,,,,,,,,,,,,,,,,,,,,,,,,,,,,,6.65,,,,,,,,,,,,,,,,,,,,,,,,,,,,,,,,,,,,,,,
,,,,,,,,,,,,,,,,,,,,,,,,,,,,,,,,,5.68,,,,,,,,,,,,,,,,,,,,,,,,,,,,,,,,,,,,,,,
,,,,,,,,,,,,,,,,,,,,,,,,,,,,,,,,,5.68,,,,,,,,,,,,,,,,,,,,,,,,,,,,,,,,,,,,,,,
,,,,,,,,,,,,,,,,,,,,,,,,,,,,,,,,,5.68,,,,,,,,,,,,,,,,,,,,,,,,,,,,,,,,,,,,,,,
,,,,,,,,,,,,,,,,,,,,,,,,,,,,,,,,,11.0,,,,,,,,,,,,,,,,,,,,,,,,,,,,,,,,,,,,,,,
,,,,,,,,,,,,,,,,,,,,,,,,,,,,,,,,,11.0,,,,,,,,,,,,,,,,,,,,,,,,,,,,,,,,,,,,,,,
,,,,,,,,,,,,,,,,,,,,,,,,,,,,,,,,,11.0,,,,,,,,,,,,,,,,,,,,,,,,,,,,,,,,,,,,,,,
,,,,,,,,,,,,,,,,,,,,,,,,,,,,,,,,,9.60,,,,,,,,,,,,,,,,,,,,,,,,,,,,,,,,,,,,,,,
,,,,,,,,,,,,,,,,,,,,,,,,,,,,,,,,,9.60,,,,,,,,,,,,,,,,,,,,,,,,,,,,,,,,,,,,,,,
,,,,,,,,,,,,,,,,,,,,,,,,,,,,,,,,,9.60,,,,,,,,,,,,,,,,,,,,,,,,,,,,,,,,,,,,,,,
,,,,,,,,,,,,,,,,,,,,,,,,,,,,,,,,,8.04,,,,,,,,,,,,,,,,,,,,,,,,,,,,,,,,,,,,,,,
,,,,,,,,,,,,,,,,,,,,,,,,,,,,,,,,,8.04,,,,,,,,,,,,,,,,,,,,,,,,,,,,,,,,,,,,,,,
,,,,,,,,,,,,,,,,,,,,,,,,,,,,,,,,,8.04,,,,,,,,,,,,,,,,,,,,,,,,,,,,,,,,,,,,,,,
,,,,,,,,,,,,,,,,,,,,,,,,,,,,,,,,,6.31,,,,,,,,,,,,,,,,,,,,,,,,,,,,,,,,,,,,,,,
,,,,,,,,,,,,,,,,,,,,,,,,,,,,,,,,,6.31,,,,,,,,,,,,,,,,,,,,,,,,,,,,,,,,,,,,,,,
,,,,,,,,,,,,,,,,,,,,,,,,,,,,,,,,,6.31,,,,,,,,,,,,,,,,,,,,,,,,,,,,,,,,,,,,,,,
,,,,,,,,,,,,,,,,,,,,,,,,,,,,,,,,,5.38,,,,,,,,,,,,,,,,,,,,,,,,,,,,,,,,,,,,,,,
,,,,,,,,,,,,,,,,,,,,,,,,,,,,,,,,,5.38,,,,,,,,,,,,,,,,,,,,,,,,,,,,,,,,,,,,,,,
,,,,,,,,,,,,,,,,,,,,,,,,,,,,,,,,,5.38,,,,,,,,,,,,,,,,,,,,,,,,,,,,,,,,,,,,,,,
,,,,,,,,,,,,,,,,,,,,,,,,,,,,,,,,,4.40,,,,,,,,,,,,,,,,,,,,,,,,,,,,,,,,,,,,,,,
,,,,,,,,,,,,,,,,,,,,,,,,,,,,,,,,,4.40,,,,,,,,,,,,,,,,,,,,,,,,,,,,,,,,,,,,,,,
,,,,,,,,,,,,,,,,,,,,,,,,,,,,,,,,,4.40,,,,,,,,,,,,,,,,,,,,,,,,,,,,,,,,,,,,,,,
,,,,,,,,,,,,,,,,,,,,,,,,,,,,,,,,,5.10,,,,,,,,,,,,,,,,,,,,,,,,,,,,,,,,,,,,,,,
,,,,,,,,,,,,,,,,,,,,,,,,,,,,,,,,,5.10,,,,,,,,,,,,,,,,,,,,,,,,,,,,,,,,,,,,,,,
,,,,,,,,,,,,,,,,,,,,,,,,,,,,,,,,,5.10,,,,,,,,,,,,,,,,,,,,,,,,,,,,,,,,,,,,,,,
,,,,,,,,,,,,,,,,,,,,,,,,,,,,,,,,,4.58,,,,,,,,,,,,,,,,,,,,,,,,,,,,,,,,,,,,,,,
,,,,,,,,,,,,,,,,,,,,,,,,,,,,,,,,,4.58,,,,,,,,,,,,,,,,,,,,,,,,,,,,,,,,,,,,,,,
,,,,,,,,,,,,,,,,,,,,,,,,,,,,,,,,,4.58,,,,,,,,,,,,,,,,,,,,,,,,,,,,,,,,,,,,,,,
,,,,,,,,,,,,,,,,,,,,,,,,,,,,,,,,,4.02,,,,,,,,,,,,,,,,,,,,,,,,,,,,,,,,,,,,,,,
,,,,,,,,,,,,,,,,,,,,,,,,,,,,,,,,,4.02,,,,,,,,,,,,,,,,,,,,,,,,,,,,,,,,,,,,,,,
,,,,,,,,,,,,,,,,,,,,,,,,,,,,,,,,,4.02,,,,,,,,,,,,,,,,,,,,,,,,,,,,,,,,,,,,,,,
,,,,,,,,,,,,,,,,,,,,,,,,,,,,,,,,,3.44,,,,,,,,,,,,,,,,,,,,,,,,,,,,,,,,,,,,,,,
,,,,,,,,,,,,,,,,,,,,,,,,,,,,,,,,,3.44,,,,,,,,,,,,,,,,,,,,,,,,,,,,,,,,,,,,,,,
,,,,,,,,,,,,,,,,,,,,,,,,,,,,,,,,,3.44,,,,,,,,,,,,,,,,,,,,,,,,,,,,,,,,,,,,,,,
,,,,,,,,,,,,,,,,,,,,,,,,,,,,,,,,,2.82,,,,,,,,,,,,,,,,,,,,,,,,,,,,,,,,,,,,,,,
,,,,,,,,,,,,,,,,,,,,,,,,,,,,,,,,,2.82,,,,,,,,,,,,,,,,,,,,,,,,,,,,,,,,,,,,,,,
,,,,,,,,,,,,,,,,,,,,,,,,,,,,,,,,,2.82,,,,,,,,,,,,,,,,,,,,,,,,,,,,,,,,,,,,,,,
,,,,,,,,,,,,,,,,,,,,,,,,,,,,,,,,,7.53,,,,,,,,,,,,,,,,,,,,,,,,,,,,,,,,,,,,,,,
,,,,,,,,,,,,,,,,,,,,,,,,,,,,,,,,,7.53,,,,,,,,,,,,,,,,,,,,,,,,,,,,,,,,,,,,,,,
,,,,,,,,,,,,,,,,,,,,,,,,,,,,,,,,,7.53,,,,,,,,,,,,,,,,,,,,,,,,,,,,,,,,,,,,,,,
,,,,,,,,,,,,,,,,,,,,,,,,,,,,,,,,,5.92,,,,,,,,,,,,,,,,,,,,,,,,,,,,,,,,,,,,,,,
,,,,,,,,,,,,,,,,,,,,,,,,,,,,,,,,,5.92,,,,,,,,,,,,,,,,,,,,,,,,,,,,,,,,,,,,,,,
,,,,,,,,,,,,,,,,,,,,,,,,,,,,,,,,,5.92,,,,,,,,,,,,,,,,,,,,,,,,,,,,,,,,,,,,,,,
,,,,,,,,,,,,,,,,,,,,,,,,,,,,,,,,,5.05,,,,,,,,,,,,,,,,,,,,,,,,,,,,,,,,,,,,,,,
,,,,,,,,,,,,,,,,,,,,,,,,,,,,,,,,,5.05,,,,,,,,,,,,,,,,,,,,,,,,,,,,,,,,,,,,,,,
,,,,,,,,,,,,,,,,,,,,,,,,,,,,,,,,,5.05,,,,,,,,,,,,,,,,,,,,,,,,,,,,,,,,,,,,,,,
,,,,,,,,,,,,,,,,,,,,,,,,,,,,,,,,,4.13,,,,,,,,,,,,,,,,,,,,,,,,,,,,,,,,,,,,,,,
,,,,,,,,,,,,,,,,,,,,,,,,,,,,,,,,,4.13,,,,,,,,,,,,,,,,,,,,,,,,,,,,,,,,,,,,,,,
,,,,,,,,,,,,,,,,,,,,,,,,,,,,,,,,,4.13,,,,,,,,,,,,,,,,,,,,,,,,,,,,,,,,,,,,,,,
,,,,,,,,,,,,,,,,,,,,,,,,,,,,,,,,,5.70,,,,,,,,,,,,,,,,,,,,,,,,,,,,,,,,,,,,,,,
,,,,,,,,,,,,,,,,,,,,,,,,,,,,,,,,,5.70,,,,,,,,,,,,,,,,,,,,,,,,,,,,,,,,,,,,,,,
,,,,,,,,,,,,,,,,,,,,,,,,,,,,,,,,,5.70,,,,,,,,,,,,,,,,,,,,,,,,,,,,,,,,,,,,,,,
,,,,,,,,,,,,,,,,,,,,,,,,,,,,,,,,,4.79,,,,,,,,,,,,,,,,,,,,,,,,,,,,,,,,,,,,,,,
,,,,,,,,,,,,,,,,,,,,,,,,,,,,,,,,,4.79,,,,,,,,,,,,,,,,,,,,,,,,,,,,,,,,,,,,,,,
,,,,,,,,,,,,,,,,,,,,,,,,,,,,,,,,,4.79,,,,,,,,,,,,,,,,,,,,,,,,,,,,,,,,,,,,,,,
,,,,,,,,,,,,,,,,,,,,,,,,,,,,,,,,,3.79,,,,,,,,,,,,,,,,,,,,,,,,,,,,,,,,,,,,,,,
,,,,,,,,,,,,,,,,,,,,,,,,,,,,,,,,,3.79,,,,,,,,,,,,,,,,,,,,,,,,,,,,,,,,,,,,,,,
,,,,,,,,,,,,,,,,,,,,,,,,,,,,,,,,,3.79,,,,,,,,,,,,,,,,,,,,,,,,,,,,,,,,,,,,,,,
,,,,,,,,,,,,,,,,,,,,,,,,,,,,,,,,,3.24,,,,,,,,,,,,,,,,,,,,,,,,,,,,,,,,,,,,,,,
,,,,,,,,,,,,,,,,,,,,,,,,,,,,,,,,,3.24,,,,,,,,,,,,,,,,,,,,,,,,,,,,,,,,,,,,,,,
,,,,,,,,,,,,,,,,,,,,,,,,,,,,,,,,,3.24,,,,,,,,,,,,,,,,,,,,,,,,,,,,,,,,,,,,,,,
,,,,,,,,,,,,,,,,,,,,,,,,,,,,,,,,,2.66,,,,,,,,,,,,,,,,,,,,,,,,,,,,,,,,,,,,,,,
,,,,,,,,,,,,,,,,,,,,,,,,,,,,,,,,,2.66,,,,,,,,,,,,,,,,,,,,,,,,,,,,,,,,,,,,,,,
,,,,,,,,,,,,,,,,,,,,,,,,,,,,,,,,,2.66,,,,,,,,,,,,,,,,,,,,,,,,,,,,,,,,,,,,,,,
,,,,,,,,,,,,,,,,,,,,,,,,,,,,,,,,,4.65,,,,,,,,,,,,,,,,,,,,,,,,,,,,,,,,,,,,,,,
,,,,,,,,,,,,,,,,,,,,,,,,,,,,,,,,,4.65,,,,,,,,,,,,,,,,,,,,,,,,,,,,,,,,,,,,,,,
,,,,,,,,,,,,,,,,,,,,,,,,,,,,,,,,,4.65,,,,,,,,,,,,,,,,,,,,,,,,,,,,,,,,,,,,,,,
,,,,,,,,,,,,,,,,,,,,,,,,,,,,,,,,,4.18,,,,,,,,,,,,,,,,,,,,,,,,,,,,,,,,,,,,,,,
,,,,,,,,,,,,,,,,,,,,,,,,,,,,,,,,,4.18,,,,,,,,,,,,,,,,,,,,,,,,,,,,,,,,,,,,,,,
,,,,,,,,,,,,,,,,,,,,,,,,,,,,,,,,,4.18,,,,,,,,,,,,,,,,,,,,,,,,,,,,,,,,,,,,,,,
,,,,,,,,,,,,,,,,,,,,,,,,,,,,,,,,,3.69,,,,,,,,,,,,,,,,,,,,,,,,,,,,,,,,,,,,,,,
,,,,,,,,,,,,,,,,,,,,,,,,,,,,,,,,,3.69,,,,,,,,,,,,,,,,,,,,,,,,,,,,,,,,,,,,,,,
,,,,,,,,,,,,,,,,,,,,,,,,,,,,,,,,,3.69,,,,,,,,,,,,,,,,,,,,,,,,,,,,,,,,,,,,,,,
,,,,,,,,,,,,,,,,,,,,,,,,,,,,,,,,,3.16,,,,,,,,,,,,,,,,,,,,,,,,,,,,,,,,,,,,,,,
,,,,,,,,,,,,,,,,,,,,,,,,,,,,,,,,,3.16,,,,,,,,,,,,,,,,,,,,,,,,,,,,,,,,,,,,,,,
,,,,,,,,,,,,,,,,,,,,,,,,,,,,,,,,,3.16,,,,,,,,,,,,,,,,,,,,,,,,,,,,,,,,,,,,,,,
,,,,,,,,,,,,,,,,,,,,,,,,,,,,,,,,,2.61,,,,,,,,,,,,,,,,,,,,,,,,,,,,,,,,,,,,,,,
,,,,,,,,,,,,,,,,,,,,,,,,,,,,,,,,,2.61,,,,,,,,,,,,,,,,,,,,,,,,,,,,,,,,,,,,,,,
,,,,,,,,,,,,,,,,,,,,,,,,,,,,,,,,,2.61,,,,,,,,,,,,,,,,,,,,,,,,,,,,,,,,,,,,,,,
,,,,,,,,,,,,,,,,,,,,,,,,,,,,,,,,,2.72,,,,,,,,,,,,,,,,,,,,,,,,,,,,,,,,,,,,,,,
,,,,,,,,,,,,,,,,,,,,,,,,,,,,,,,,,2.72,,,,,,,,,,,,,,,,,,,,,,,,,,,,,,,,,,,,,,,
,,,,,,,,,,,,,,,,,,,,,,,,,,,,,,,,,2.72,,,,,,,,,,,,,,,,,,,,,,,,,,,,,,,,,,,,,,,
,,,,,,,,,,,,,,,,,,,,,,,,,,,,,,,,,2.17,,,,,,,,,,,,,,,,,,,,,,,,,,,,,,,,,,,,,,,
,,,,,,,,,,,,,,,,,,,,,,,,,,,,,,,,,2.17,,,,,,,,,,,,,,,,,,,,,,,,,,,,,,,,,,,,,,,
,,,,,,,,,,,,,,,,,,,,,,,,,,,,,,,,,2.17,,,,,,,,,,,,,,,,,,,,,,,,,,,,,,,,,,,,,,,
,,,,,,,,,,,,,,,,,,,,,,,,,,,,,,,,,1.87,,,,,,,,,,,,,,,,,,,,,,,,,,,,,,,,,,,,,,,
,,,,,,,,,,,,,,,,,,,,,,,,,,,,,,,,,1.87,,,,,,,,,,,,,,,,,,,,,,,,,,,,,,,,,,,,,,,
,,,,,,,,,,,,,,,,,,,,,,,,,,,,,,,,,1.87,,,,,,,,,,,,,,,,,,,,,,,,,,,,,,,,,,,,,,,
,,,,,,,,,,,,,,,,,,,,,,,,,,,,,,,,,1.55,,,,,,,,,,,,,,,,,,,,,,,,,,,,,,,,,,,,,,,
,,,,,,,,,,,,,,,,,,,,,,,,,,,,,,,,,1.55,,,,,,,,,,,,,,,,,,,,,,,,,,,,,,,,,,,,,,,
,,,,,,,,,,,,,,,,,,,,,,,,,,,,,,,,,1.55,,,,,,,,,,,,,,,,,,,,,,,,,,,,,,,,,,,,,,,
,,,,,,,,,,,,,,,,,,,,,,,,,,,,,,,,,2.58,,,,,,,,,,,,,,,,,,,,,,,,,,,,,,,,,,,,,,,
,,,,,,,,,,,,,,,,,,,,,,,,,,,,,,,,,2.58,,,,,,,,,,,,,,,,,,,,,,,,,,,,,,,,,,,,,,,
,,,,,,,,,,,,,,,,,,,,,,,,,,,,,,,,,2.58,,,,,,,,,,,,,,,,,,,,,,,,,,,,,,,,,,,,,,,
,,,,,,,,,,,,,,,,,,,,,,,,,,,,,,,,,2.33,,,,,,,,,,,,,,,,,,,,,,,,,,,,,,,,,,,,,,,
,,,,,,,,,,,,,,,,,,,,,,,,,,,,,,,,,2.33,,,,,,,,,,,,,,,,,,,,,,,,,,,,,,,,,,,,,,,
,,,,,,,,,,,,,,,,,,,,,,,,,,,,,,,,,2.33,,,,,,,,,,,,,,,,,,,,,,,,,,,,,,,,,,,,,,,
,,,,,,,,,,,,,,,,,,,,,,,,,,,,,,,,,2.06,,,,,,,,,,,,,,,,,,,,,,,,,,,,,,,,,,,,,,,
,,,,,,,,,,,,,,,,,,,,,,,,,,,,,,,,,2.06,,,,,,,,,,,,,,,,,,,,,,,,,,,,,,,,,,,,,,,
,,,,,,,,,,,,,,,,,,,,,,,,,,,,,,,,,2.06,,,,,,,,,,,,,,,,,,,,,,,,,,,,,,,,,,,,,,,
,,,,,,,,,,,,,,,,,,,,,,,,,,,,,,,,,1.78,,,,,,,,,,,,,,,,,,,,,,,,,,,,,,,,,,,,,,,
,,,,,,,,,,,,,,,,,,,,,,,,,,,,,,,,,1.78,,,,,,,,,,,,,,,,,,,,,,,,,,,,,,,,,,,,,,,
,,,,,,,,,,,,,,,,,,,,,,,,,,,,,,,,,1.78,,,,,,,,,,,,,,,,,,,,,,,,,,,,,,,,,,,,,,,
,,,,,,,,,,,,,,,,,,,,,,,,,,,,,,,,,1.47,,,,,,,,,,,,,,,,,,,,,,,,,,,,,,,,,,,,,,,
,,,,,,,,,,,,,,,,,,,,,,,,,,,,,,,,,1.47,,,,,,,,,,,,,,,,,,,,,,,,,,,,,,,,,,,,,,,
,,,,,,,,,,,,,,,,,,,,,,,,,,,,,,,,,1.47,,,,,,,,,,,,,,,,,,,,,,,,,,,,,,,,,,,,,,,
,,,,,,,,,,,,,,,,,,,,,,,,,,,,,,,,,1.14,,,,,,,,,,,,,,,,,,,,,,,,,,,,,,,,,,,,,,,
,,,,,,,,,,,,,,,,,,,,,,,,,,,,,,,,,1.14,,,,,,,,,,,,,,,,,,,,,,,,,,,,,,,,,,,,,,,
,,,,,,,,,,,,,,,,,,,,,,,,,,,,,,,,,1.14,,,,,,,,,,,,,,,,,,,,,,,,,,,,,,,,,,,,,,,
,,,,,,,,,,,,,,,,,,,,,,,,,,,,,,,,,1.33,,,,,,,,,,,,,,,,,,,,,,,,,,,,,,,,,,,,,,,
,,,,,,,,,,,,,,,,,,,,,,,,,,,,,,,,,1.33,,,,,,,,,,,,,,,,,,,,,,,,,,,,,,,,,,,,,,,
,,,,,,,,,,,,,,,,,,,,,,,,,,,,,,,,,1.33,,,,,,,,,,,,,,,,,,,,,,,,,,,,,,,,,,,,,,,
,,,,,,,,,,,,,,,,,,,,,,,,,,,,,,,,,1.08,,,,,,,,,,,,,,,,,,,,,,,,,,,,,,,,,,,,,,,
,,,,,,,,,,,,,,,,,,,,,,,,,,,,,,,,,1.08,,,,,,,,,,,,,,,,,,,,,,,,,,,,,,,,,,,,,,,
,,,,,,,,,,,,,,,,,,,,,,,,,,,,,,,,,1.08,,,,,,,,,,,,,,,,,,,,,,,,,,,,,,,,,,,,,,,
,,,,,,,,,,,,,,,,,,,,,,,,,,,,,,,,,0.935,,,,,,,,,,,,,,,,,,,,,,,,,,,,,,,,,,,,,,,
,,,,,,,,,,,,,,,,,,,,,,,,,,,,,,,,,0.935,,,,,,,,,,,,,,,,,,,,,,,,,,,,,,,,,,,,,,,
,,,,,,,,,,,,,,,,,,,,,,,,,,,,,,,,,0.935,,,,,,,,,,,,,,,,,,,,,,,,,,,,,,,,,,,,,,,
,,,,,,,,,,,,,,,,,,,,,,,,,,,,,,,,,0.779,,,,,,,,,,,,,,,,,,,,,,,,,,,,,,,,,,,,,,,
,,,,,,,,,,,,,,,,,,,,,,,,,,,,,,,,,0.779,,,,,,,,,,,,,,,,,,,,,,,,,,,,,,,,,,,,,,,
,,,,,,,,,,,,,,,,,,,,,,,,,,,,,,,,,0.779,,,,,,,,,,,,,,,,,,,,,,,,,,,,,,,,,,,,,,,
,,,,,,,,,,,,,,,,,,,,,,,,,,,,,,,,,0.610,,,,,,,,,,,,,,,,,,,,,,,,,,,,,,,,,,,,,,,
,,,,,,,,,,,,,,,,,,,,,,,,,,,,,,,,,0.610,,,,,,,,,,,,,,,,,,,,,,,,,,,,,,,,,,,,,,,
,,,,,,,,,,,,,,,,,,,,,,,,,,,,,,,,,0.610,,,,,,,,,,,,,,,,,,,,,,,,,,,,,,,,,,,,,,,
,,,,,,,,,,,,,,,,,,,,,,,,,,,,,,,,,1.03,,,,,,,,,,,,,,,,,,,,,,,,,,,,,,,,,,,,,,,
,,,,,,,,,,,,,,,,,,,,,,,,,,,,,,,,,1.03,,,,,,,,,,,,,,,,,,,,,,,,,,,,,,,,,,,,,,,
,,,,,,,,,,,,,,,,,,,,,,,,,,,,,,,,,1.03,,,,,,,,,,,,,,,,,,,,,,,,,,,,,,,,,,,,,,,
,,,,,,,,,,,,,,,,,,,,,,,,,,,,,,,,,0.891,,,,,,,,,,,,,,,,,,,,,,,,,,,,,,,,,,,,,,,
,,,,,,,,,,,,,,,,,,,,,,,,,,,,,,,,,0.891,,,,,,,,,,,,,,,,,,,,,,,,,,,,,,,,,,,,,,,
,,,,,,,,,,,,,,,,,,,,,,,,,,,,,,,,,0.891,,,,,,,,,,,,,,,,,,,,,,,,,,,,,,,,,,,,,,,
,,,,,,,,,,,,,,,,,,,,,,,,,,,,,,,,,0.744,,,,,,,,,,,,,,,,,,,,,,,,,,,,,,,,,,,,,,,
,,,,,,,,,,,,,,,,,,,,,,,,,,,,,,,,,0.744,,,,,,,,,,,,,,,,,,,,,,,,,,,,,,,,,,,,,,,
,,,,,,,,,,,,,,,,,,,,,,,,,,,,,,,,,0.744,,,,,,,,,,,,,,,,,,,,,,,,,,,,,,,,,,,,,,,
,,,,,,,,,,,,,,,,,,,,,,,,,,,,,,,,,0.583,,,,,,,,,,,,,,,,,,,,,,,,,,,,,,,,,,,,,,,
,,,,,,,,,,,,,,,,,,,,,,,,,,,,,,,,,0.583,,,,,,,,,,,,,,,,,,,,,,,,,,,,,,,,,,,,,,,
,,,,,,,,,,,,,,,,,,,,,,,,,,,,,,,,,0.583,,,,,,,,,,,,,,,,,,,,,,,,,,,,,,,,,,,,,,,
,,,,,,,,,,,,,,,,,,,,,,,,,,,,,,,,,0.316,,,,,,,,,,,,,,,,,,,,,,,,,,,,,,,,,,,,,,,
,,,,,,,,,,,,,,,,,,,,,,,,,,,,,,,,,0.316,,,,,,,,,,,,,,,,,,,,,,,,,,,,,,,,,,,,,,,
,,,,,,,,,,,,,,,,,,,,,,,,,,,,,,,,,0.316,,,,,,,,,,,,,,,,,,,,,,,,,,,,,,,,,,,,,,,
,,,,,,,,,,,,,,,,,,,,,,,,,,,,,,,,,0.249,,,,,,,,,,,,,,,,,,,,,,,,,,,,,,,,,,,,,,,
,,,,,,,,,,,,,,,,,,,,,,,,,,,,,,,,,0.249,,,,,,,,,,,,,,,,,,,,,,,,,,,,,,,,,,,,,,,
,,,,,,,,,,,,,,,,,,,,,,,,,,,,,,,,,0.249,,,,,,,,,,,,,,,,,,,,,,,,,,,,,,,,,,,,,,,
,,,,,,,,,,,,,,,,,,,,,,,,,,,,,,,,,9600,,,,,,,,,,,,,,,,,,,,,,,,,,,,,,,,,,,,,,,
,,,,,,,,,,,,,,,,,,,,,,,,,,,,,,,,,8600,,,,,,,,,,,,,,,,,,,,,,,,,,,,,,,,,,,,,,,
,,,,,,,,,,,,,,,,,,,,,,,,,,,,,,,,,7550,,,,,,,,,,,,,,,,,,,,,,,,,,,,,,,,,,,,,,,
,,,,,,,,,,,,,,,,,,,,,,,,,,,,,,,,,6430,,,,,,,,,,,,,,,,,,,,,,,,,,,,,,,,,,,,,,,
,,,,,,,,,,,,,,,,,,,,,,,,,,,,,,,,,6900,,,,,,,,,,,,,,,,,,,,,,,,,,,,,,,,,,,,,,,
,,,,,,,,,,,,,,,,,,,,,,,,,,,,,,,,,6190,,,,,,,,,,,,,,,,,,,,,,,,,,,,,,,,,,,,,,,
,,,,,,,,,,,,,,,,,,,,,,,,,,,,,,,,,5440,,,,,,,,,,,,,,,,,,,,,,,,,,,,,,,,,,,,,,,
,,,,,,,,,,,,,,,,,,,,,,,,,,,,,,,,,4640,,,,,,,,,,,,,,,,,,,,,,,,,,,,,,,,,,,,,,,
,,,,,,,,,,,,,,,,,,,,,,,,,,,,,,,,,3810,,,,,,,,,,,,,,,,,,,,,,,,,,,,,,,,,,,,,,,
,,,,,,,,,,,,,,,,,,,,,,,,,,,,,,,,,4960,,,,,,,,,,,,,,,,,,,,,,,,,,,,,,,,,,,,,,,
,,,,,,,,,,,,,,,,,,,,,,,,,,,,,,,,,4220,,,,,,,,,,,,,,,,,,,,,,,,,,,,,,,,,,,,,,,
,,,,,,,,,,,,,,,,,,,,,,,,,,,,,,,,,3450,,,,,,,,,,,,,,,,,,,,,,,,,,,,,,,,,,,,,,,
,,,,,,,,,,,,,,,,,,,,,,,,,,,,,,,,,2640,,,,,,,,,,,,,,,,,,,,,,,,,,,,,,,,,,,,,,,
,,,,,,,,,,,,,,,,,,,,,,,,,,,,,,,,,2230,,,,,,,,,,,,,,,,,,,,,,,,,,,,,,,,,,,,,,,
,,,,,,,,,,,,,,,,,,,,,,,,,,,,,,,,,4580,,,,,,,,,,,,,,,,,,,,,,,,,,,,,,,,,,,,,,,
,,,,,,,,,,,,,,,,,,,,,,,,,,,,,,,,,3900,,,,,,,,,,,,,,,,,,,,,,,,,,,,,,,,,,,,,,,
,,,,,,,,,,,,,,,,,,,,,,,,,,,,,,,,,3190,,,,,,,,,,,,,,,,,,,,,,,,,,,,,,,,,,,,,,,
,,,,,,,,,,,,,,,,,,,,,,,,,,,,,,,,,2450,,,,,,,,,,,,,,,,,,,,,,,,,,,,,,,,,,,,,,,
,,,,,,,,,,,,,,,,,,,,,,,,,,,,,,,,,2060,,,,,,,,,,,,,,,,,,,,,,,,,,,,,,,,,,,,,,,
,,,,,,,,,,,,,,,,,,,,,,,,,,,,,,,,,4200,,,,,,,,,,,,,,,,,,,,,,,,,,,,,,,,,,,,,,,
,,,,,,,,,,,,,,,,,,,,,,,,,,,,,,,,,3580,,,,,,,,,,,,,,,,,,,,,,,,,,,,,,,,,,,,,,,
,,,,,,,,,,,,,,,,,,,,,,,,,,,,,,,,,2930,,,,,,,,,,,,,,,,,,,,,,,,,,,,,,,,,,,,,,,
,,,,,,,,,,,,,,,,,,,,,,,,,,,,,,,,,2250,,,,,,,,,,,,,,,,,,,,,,,,,,,,,,,,,,,,,,,
,,,,,,,,,,,,,,,,,,,,,,,,,,,,,,,,,1900,,,,,,,,,,,,,,,,,,,,,,,,,,,,,,,,,,,,,,,
,,,,,,,,,,,,,,,,,,,,,,,,,,,,,,,,,3820,,,,,,,,,,,,,,,,,,,,,,,,,,,,,,,,,,,,,,,
,,,,,,,,,,,,,,,,,,,,,,,,,,,,,,,,,3260,,,,,,,,,,,,,,,,,,,,,,,,,,,,,,,,,,,,,,,
,,,,,,,,,,,,,,,,,,,,,,,,,,,,,,,,,2680,,,,,,,,,,,,,,,,,,,,,,,,,,,,,,,,,,,,,,,
,,,,,,,,,,,,,,,,,,,,,,,,,,,,,,,,,2060,,,,,,,,,,,,,,,,,,,,,,,,,,,,,,,,,,,,,,,
,,,,,,,,,,,,,,,,,,,,,,,,,,,,,,,,,1740,,,,,,,,,,,,,,,,,,,,,,,,,,,,,,,,,,,,,,,
,,,,,,,,,,,,,,,,,,,,,,,,,,,,,,,,,1410,,,,,,,,,,,,,,,,,,,,,,,,,,,,,,,,,,,,,,,
,,,,,,,,,,,,,,,,,,,,,,,,,,,,,,,,,4340,,,,,,,,,,,,,,,,,,,,,,,,,,,,,,,,,,,,,,,
,,,,,,,,,,,,,,,,,,,,,,,,,,,,,,,,,3910,,,,,,,,,,,,,,,,,,,,,,,,,,,,,,,,,,,,,,,
,,,,,,,,,,,,,,,,,,,,,,,,,,,,,,,,,3440,,,,,,,,,,,,,,,,,,,,,,,,,,,,,,,,,,,,,,,
,,,,,,,,,,,,,,,,,,,,,,,,,,,,,,,,,2940,,,,,,,,,,,,,,,,,,,,,,,,,,,,,,,,,,,,,,,
,,,,,,,,,,,,,,,,,,,,,,,,,,,,,,,,,2420,,,,,,,,,,,,,,,,,,,,,,,,,,,,,,,,,,,,,,,
,,,,,,,,,,,,,,,,,,,,,,,,,,,,,,,,,1860,,,,,,,,,,,,,,,,,,,,,,,,,,,,,,,,,,,,,,,
,,,,,,,,,,,,,,,,,,,,,,,,,,,,,,,,,1570,,,,,,,,,,,,,,,,,,,,,,,,,,,,,,,,,,,,,,,
,,,,,,,,,,,,,,,,,,,,,,,,,,,,,,,,,1280,,,,,,,,,,,,,,,,,,,,,,,,,,,,,,,,,,,,,,,
,,,,,,,,,,,,,,,,,,,,,,,,,,,,,,,,,1900,,,,,,,,,,,,,,,,,,,,,,,,,,,,,,,,,,,,,,,
,,,,,,,,,,,,,,,,,,,,,,,,,,,,,,,,,1470,,,,,,,,,,,,,,,,,,,,,,,,,,,,,,,,,,,,,,,
,,,,,,,,,,,,,,,,,,,,,,,,,,,,,,,,,1250,,,,,,,,,,,,,,,,,,,,,,,,,,,,,,,,,,,,,,,
,,,,,,,,,,,,,,,,,,,,,,,,,,,,,,,,,1010,,,,,,,,,,,,,,,,,,,,,,,,,,,,,,,,,,,,,,,
,,,,,,,,,,,,,,,,,,,,,,,,,,,,,,,,,5550,,,,,,,,,,,,,,,,,,,,,,,,,,,,,,,,,,,,,,,
,,,,,,,,,,,,,,,,,,,,,,,,,,,,,,,,,4970,,,,,,,,,,,,,,,,,,,,,,,,,,,,,,,,,,,,,,,
,,,,,,,,,,,,,,,,,,,,,,,,,,,,,,,,,4350,,,,,,,,,,,,,,,,,,,,,,,,,,,,,,,,,,,,,,,
,,,,,,,,,,,,,,,,,,,,,,,,,,,,,,,,,3710,,,,,,,,,,,,,,,,,,,,,,,,,,,,,,,,,,,,,,,
,,,,,,,,,,,,,,,,,,,,,,,,,,,,,,,,,3030,,,,,,,,,,,,,,,,,,,,,,,,,,,,,,,,,,,,,,,
,,,,,,,,,,,,,,,,,,,,,,,,,,,,,,,,,4040,,,,,,,,,,,,,,,,,,,,,,,,,,,,,,,,,,,,,,,
,,,,,,,,,,,,,,,,,,,,,,,,,,,,,,,,,3440,,,,,,,,,,,,,,,,,,,,,,,,,,,,,,,,,,,,,,,
,,,,,,,,,,,,,,,,,,,,,,,,,,,,,,,,,2820,,,,,,,,,,,,,,,,,,,,,,,,,,,,,,,,,,,,,,,
,,,,,,,,,,,,,,,,,,,,,,,,,,,,,,,,,2160,,,,,,,,,,,,,,,,,,,,,,,,,,,,,,,,,,,,,,,
,,,,,,,,,,,,,,,,,,,,,,,,,,,,,,,,,1820,,,,,,,,,,,,,,,,,,,,,,,,,,,,,,,,,,,,,,,
,,,,,,,,,,,,,,,,,,,,,,,,,,,,,,,,,3720,,,,,,,,,,,,,,,,,,,,,,,,,,,,,,,,,,,,,,,
,,,,,,,,,,,,,,,,,,,,,,,,,,,,,,,,,3170,,,,,,,,,,,,,,,,,,,,,,,,,,,,,,,,,,,,,,,
,,,,,,,,,,,,,,,,,,,,,,,,,,,,,,,,,2600,,,,,,,,,,,,,,,,,,,,,,,,,,,,,,,,,,,,,,,
,,,,,,,,,,,,,,,,,,,,,,,,,,,,,,,,,2000,,,,,,,,,,,,,,,,,,,,,,,,,,,,,,,,,,,,,,,
,,,,,,,,,,,,,,,,,,,,,,,,,,,,,,,,,1680,,,,,,,,,,,,,,,,,,,,,,,,,,,,,,,,,,,,,,,
,,,,,,,,,,,,,,,,,,,,,,,,,,,,,,,,,3400,,,,,,,,,,,,,,,,,,,,,,,,,,,,,,,,,,,,,,,
,,,,,,,,,,,,,,,,,,,,,,,,,,,,,,,,,2910,,,,,,,,,,,,,,,,,,,,,,,,,,,,,,,,,,,,,,,
,,,,,,,,,,,,,,,,,,,,,,,,,,,,,,,,,2380,,,,,,,,,,,,,,,,,,,,,,,,,,,,,,,,,,,,,,,
,,,,,,,,,,,,,,,,,,,,,,,,,,,,,,,,,1830,,,,,,,,,,,,,,,,,,,,,,,,,,,,,,,,,,,,,,,
,,,,,,,,,,,,,,,,,,,,,,,,,,,,,,,,,1550,,,,,,,,,,,,,,,,,,,,,,,,,,,,,,,,,,,,,,,
,,,,,,,,,,,,,,,,,,,,,,,,,,,,,,,,,1250,,,,,,,,,,,,,,,,,,,,,,,,,,,,,,,,,,,,,,,
,,,,,,,,,,,,,,,,,,,,,,,,,,,,,,,,,3090,,,,,,,,,,,,,,,,,,,,,,,,,,,,,,,,,,,,,,,
,,,,,,,,,,,,,,,,,,,,,,,,,,,,,,,,,2640,,,,,,,,,,,,,,,,,,,,,,,,,,,,,,,,,,,,,,,
,,,,,,,,,,,,,,,,,,,,,,,,,,,,,,,,,2170,,,,,,,,,,,,,,,,,,,,,,,,,,,,,,,,,,,,,,,
,,,,,,,,,,,,,,,,,,,,,,,,,,,,,,,,,1670,,,,,,,,,,,,,,,,,,,,,,,,,,,,,,,,,,,,,,,
,,,,,,,,,,,,,,,,,,,,,,,,,,,,,,,,,1410,,,,,,,,,,,,,,,,,,,,,,,,,,,,,,,,,,,,,,,
,,,,,,,,,,,,,,,,,,,,,,,,,,,,,,,,,1140,,,,,,,,,,,,,,,,,,,,,,,,,,,,,,,,,,,,,,,
,,,,,,,,,,,,,,,,,,,,,,,,,,,,,,,,,2110,,,,,,,,,,,,,,,,,,,,,,,,,,,,,,,,,,,,,,,
,,,,,,,,,,,,,,,,,,,,,,,,,,,,,,,,,1740,,,,,,,,,,,,,,,,,,,,,,,,,,,,,,,,,,,,,,,
,,,,,,,,,,,,,,,,,,,,,,,,,,,,,,,,,1340,,,,,,,,,,,,,,,,,,,,,,,,,,,,,,,,,,,,,,,
,,,,,,,,,,,,,,,,,,,,,,,,,,,,,,,,,1140,,,,,,,,,,,,,,,,,,,,,,,,,,,,,,,,,,,,,,,
,,,,,,,,,,,,,,,,,,,,,,,,,,,,,,,,,923,,,,,,,,,,,,,,,,,,,,,,,,,,,,,,,,,,,,,,,
,,,,,,,,,,,,,,,,,,,,,,,,,,,,,,,,,4100,,,,,,,,,,,,,,,,,,,,,,,,,,,,,,,,,,,,,,,
,,,,,,,,,,,,,,,,,,,,,,,,,,,,,,,,,3670,,,,,,,,,,,,,,,,,,,,,,,,,,,,,,,,,,,,,,,
,,,,,,,,,,,,,,,,,,,,,,,,,,,,,,,,,3230,,,,,,,,,,,,,,,,,,,,,,,,,,,,,,,,,,,,,,,
,,,,,,,,,,,,,,,,,,,,,,,,,,,,,,,,,2750,,,,,,,,,,,,,,,,,,,,,,,,,,,,,,,,,,,,,,,
,,,,,,,,,,,,,,,,,,,,,,,,,,,,,,,,,2260,,,,,,,,,,,,,,,,,,,,,,,,,,,,,,,,,,,,,,,
,,,,,,,,,,,,,,,,,,,,,,,,,,,,,,,,,1740,,,,,,,,,,,,,,,,,,,,,,,,,,,,,,,,,,,,,,,
,,,,,,,,,,,,,,,,,,,,,,,,,,,,,,,,,1460,,,,,,,,,,,,,,,,,,,,,,,,,,,,,,,,,,,,,,,
,,,,,,,,,,,,,,,,,,,,,,,,,,,,,,,,,2710,,,,,,,,,,,,,,,,,,,,,,,,,,,,,,,,,,,,,,,
,,,,,,,,,,,,,,,,,,,,,,,,,,,,,,,,,2320,,,,,,,,,,,,,,,,,,,,,,,,,,,,,,,,,,,,,,,
,,,,,,,,,,,,,,,,,,,,,,,,,,,,,,,,,1900,,,,,,,,,,,,,,,,,,,,,,,,,,,,,,,,,,,,,,,
,,,,,,,,,,,,,,,,,,,,,,,,,,,,,,,,,1470,,,,,,,,,,,,,,,,,,,,,,,,,,,,,,,,,,,,,,,
,,,,,,,,,,,,,,,,,,,,,,,,,,,,,,,,,1240,,,,,,,,,,,,,,,,,,,,,,,,,,,,,,,,,,,,,,,
,,,,,,,,,,,,,,,,,,,,,,,,,,,,,,,,,1000,,,,,,,,,,,,,,,,,,,,,,,,,,,,,,,,,,,,,,,
,,,,,,,,,,,,,,,,,,,,,,,,,,,,,,,,,2740,,,,,,,,,,,,,,,,,,,,,,,,,,,,,,,,,,,,,,,
,,,,,,,,,,,,,,,,,,,,,,,,,,,,,,,,,2480,,,,,,,,,,,,,,,,,,,,,,,,,,,,,,,,,,,,,,,
,,,,,,,,,,,,,,,,,,,,,,,,,,,,,,,,,2190,,,,,,,,,,,,,,,,,,,,,,,,,,,,,,,,,,,,,,,
,,,,,,,,,,,,,,,,,,,,,,,,,,,,,,,,,1880,,,,,,,,,,,,,,,,,,,,,,,,,,,,,,,,,,,,,,,
,,,,,,,,,,,,,,,,,,,,,,,,,,,,,,,,,1550,,,,,,,,,,,,,,,,,,,,,,,,,,,,,,,,,,,,,,,
,,,,,,,,,,,,,,,,,,,,,,,,,,,,,,,,,1200,,,,,,,,,,,,,,,,,,,,,,,,,,,,,,,,,,,,,,,
,,,,,,,,,,,,,,,,,,,,,,,,,,,,,,,,,1010,,,,,,,,,,,,,,,,,,,,,,,,,,,,,,,,,,,,,,,
,,,,,,,,,,,,,,,,,,,,,,,,,,,,,,,,,2060,,,,,,,,,,,,,,,,,,,,,,,,,,,,,,,,,,,,,,,
,,,,,,,,,,,,,,,,,,,,,,,,,,,,,,,,,1880,,,,,,,,,,,,,,,,,,,,,,,,,,,,,,,,,,,,,,,
,,,,,,,,,,,,,,,,,,,,,,,,,,,,,,,,,1670,,,,,,,,,,,,,,,,,,,,,,,,,,,,,,,,,,,,,,,
,,,,,,,,,,,,,,,,,,,,,,,,,,,,,,,,,1440,,,,,,,,,,,,,,,,,,,,,,,,,,,,,,,,,,,,,,,
,,,,,,,,,,,,,,,,,,,,,,,,,,,,,,,,,1190,,,,,,,,,,,,,,,,,,,,,,,,,,,,,,,,,,,,,,,
,,,,,,,,,,,,,,,,,,,,,,,,,,,,,,,,,926,,,,,,,,,,,,,,,,,,,,,,,,,,,,,,,,,,,,,,,
,,,,,,,,,,,,,,,,,,,,,,,,,,,,,,,,,786,,,,,,,,,,,,,,,,,,,,,,,,,,,,,,,,,,,,,,,
,,,,,,,,,,,,,,,,,,,,,,,,,,,,,,,,,1220,,,,,,,,,,,,,,,,,,,,,,,,,,,,,,,,,,,,,,,
,,,,,,,,,,,,,,,,,,,,,,,,,,,,,,,,,1020,,,,,,,,,,,,,,,,,,,,,,,,,,,,,,,,,,,,,,,
,,,,,,,,,,,,,,,,,,,,,,,,,,,,,,,,,792,,,,,,,,,,,,,,,,,,,,,,,,,,,,,,,,,,,,,,,
,,,,,,,,,,,,,,,,,,,,,,,,,,,,,,,,,673,,,,,,,,,,,,,,,,,,,,,,,,,,,,,,,,,,,,,,,
,,,,,,,,,,,,,,,,,,,,,,,,,,,,,,,,,549,,,,,,,,,,,,,,,,,,,,,,,,,,,,,,,,,,,,,,,
,,,,,,,,,,,,,,,,,,,,,,,,,,,,,,,,,838,,,,,,,,,,,,,,,,,,,,,,,,,,,,,,,,,,,,,,,
,,,,,,,,,,,,,,,,,,,,,,,,,,,,,,,,,657,,,,,,,,,,,,,,,,,,,,,,,,,,,,,,,,,,,,,,,
,,,,,,,,,,,,,,,,,,,,,,,,,,,,,,,,,560,,,,,,,,,,,,,,,,,,,,,,,,,,,,,,,,,,,,,,,
,,,,,,,,,,,,,,,,,,,,,,,,,,,,,,,,,458,,,,,,,,,,,,,,,,,,,,,,,,,,,,,,,,,,,,,,,
,,,,,,,,,,,,,,,,,,,,,,,,,,,,,,,,,2920,,,,,,,,,,,,,,,,,,,,,,,,,,,,,,,,,,,,,,,
,,,,,,,,,,,,,,,,,,,,,,,,,,,,,,,,,2630,,,,,,,,,,,,,,,,,,,,,,,,,,,,,,,,,,,,,,,
,,,,,,,,,,,,,,,,,,,,,,,,,,,,,,,,,2320,,,,,,,,,,,,,,,,,,,,,,,,,,,,,,,,,,,,,,,
,,,,,,,,,,,,,,,,,,,,,,,,,,,,,,,,,1980,,,,,,,,,,,,,,,,,,,,,,,,,,,,,,,,,,,,,,,
,,,,,,,,,,,,,,,,,,,,,,,,,,,,,,,,,1630,,,,,,,,,,,,,,,,,,,,,,,,,,,,,,,,,,,,,,,
,,,,,,,,,,,,,,,,,,,,,,,,,,,,,,,,,1250,,,,,,,,,,,,,,,,,,,,,,,,,,,,,,,,,,,,,,,
,,,,,,,,,,,,,,,,,,,,,,,,,,,,,,,,,1060,,,,,,,,,,,,,,,,,,,,,,,,,,,,,,,,,,,,,,,
,,,,,,,,,,,,,,,,,,,,,,,,,,,,,,,,,860,,,,,,,,,,,,,,,,,,,,,,,,,,,,,,,,,,,,,,,
,,,,,,,,,,,,,,,,,,,,,,,,,,,,,,,,,1280,,,,,,,,,,,,,,,,,,,,,,,,,,,,,,,,,,,,,,,
,,,,,,,,,,,,,,,,,,,,,,,,,,,,,,,,,1060,,,,,,,,,,,,,,,,,,,,,,,,,,,,,,,,,,,,,,,
,,,,,,,,,,,,,,,,,,,,,,,,,,,,,,,,,820,,,,,,,,,,,,,,,,,,,,,,,,,,,,,,,,,,,,,,,
,,,,,,,,,,,,,,,,,,,,,,,,,,,,,,,,,695,,,,,,,,,,,,,,,,,,,,,,,,,,,,,,,,,,,,,,,
,,,,,,,,,,,,,,,,,,,,,,,,,,,,,,,,,566,,,,,,,,,,,,,,,,,,,,,,,,,,,,,,,,,,,,,,,
,,,,,,,,,,,,,,,,,,,,,,,,,,,,,,,,,1100,,,,,,,,,,,,,,,,,,,,,,,,,,,,,,,,,,,,,,,
,,,,,,,,,,,,,,,,,,,,,,,,,,,,,,,,,913,,,,,,,,,,,,,,,,,,,,,,,,,,,,,,,,,,,,,,,
,,,,,,,,,,,,,,,,,,,,,,,,,,,,,,,,,711,,,,,,,,,,,,,,,,,,,,,,,,,,,,,,,,,,,,,,,
,,,,,,,,,,,,,,,,,,,,,,,,,,,,,,,,,604,,,,,,,,,,,,,,,,,,,,,,,,,,,,,,,,,,,,,,,
,,,,,,,,,,,,,,,,,,,,,,,,,,,,,,,,,492,,,,,,,,,,,,,,,,,,,,,,,,,,,,,,,,,,,,,,,
,,,,,,,,,,,,,,,,,,,,,,,,,,,,,,,,,1060,,,,,,,,,,,,,,,,,,,,,,,,,,,,,,,,,,,,,,,
,,,,,,,,,,,,,,,,,,,,,,,,,,,,,,,,,923,,,,,,,,,,,,,,,,,,,,,,,,,,,,,,,,,,,,,,,
,,,,,,,,,,,,,,,,,,,,,,,,,,,,,,,,,770,,,,,,,,,,,,,,,,,,,,,,,,,,,,,,,,,,,,,,,
,,,,,,,,,,,,,,,,,,,,,,,,,,,,,,,,,602,,,,,,,,,,,,,,,,,,,,,,,,,,,,,,,,,,,,,,,
,,,,,,,,,,,,,,,,,,,,,,,,,,,,,,,,,513,,,,,,,,,,,,,,,,,,,,,,,,,,,,,,,,,,,,,,,
,,,,,,,,,,,,,,,,,,,,,,,,,,,,,,,,,419,,,,,,,,,,,,,,,,,,,,,,,,,,,,,,,,,,,,,,,
,,,,,,,,,,,,,,,,,,,,,,,,,,,,,,,,,1990,,,,,,,,,,,,,,,,,,,,,,,,,,,,,,,,,,,,,,,
,,,,,,,,,,,,,,,,,,,,,,,,,,,,,,,,,1800,,,,,,,,,,,,,,,,,,,,,,,,,,,,,,,,,,,,,,,
,,,,,,,,,,,,,,,,,,,,,,,,,,,,,,,,,1590,,,,,,,,,,,,,,,,,,,,,,,,,,,,,,,,,,,,,,,
,,,,,,,,,,,,,,,,,,,,,,,,,,,,,,,,,1370,,,,,,,,,,,,,,,,,,,,,,,,,,,,,,,,,,,,,,,
,,,,,,,,,,,,,,,,,,,,,,,,,,,,,,,,,1130,,,,,,,,,,,,,,,,,,,,,,,,,,,,,,,,,,,,,,,
,,,,,,,,,,,,,,,,,,,,,,,,,,,,,,,,,873,,,,,,,,,,,,,,,,,,,,,,,,,,,,,,,,,,,,,,,
,,,,,,,,,,,,,,,,,,,,,,,,,,,,,,,,,739,,,,,,,,,,,,,,,,,,,,,,,,,,,,,,,,,,,,,,,
,,,,,,,,,,,,,,,,,,,,,,,,,,,,,,,,,600,,,,,,,,,,,,,,,,,,,,,,,,,,,,,,,,,,,,,,,
,,,,,,,,,,,,,,,,,,,,,,,,,,,,,,,,,1570,,,,,,,,,,,,,,,,,,,,,,,,,,,,,,,,,,,,,,,
,,,,,,,,,,,,,,,,,,,,,,,,,,,,,,,,,1430,,,,,,,,,,,,,,,,,,,,,,,,,,,,,,,,,,,,,,,
,,,,,,,,,,,,,,,,,,,,,,,,,,,,,,,,,1270,,,,,,,,,,,,,,,,,,,,,,,,,,,,,,,,,,,,,,,
,,,,,,,,,,,,,,,,,,,,,,,,,,,,,,,,,1090,,,,,,,,,,,,,,,,,,,,,,,,,,,,,,,,,,,,,,,
,,,,,,,,,,,,,,,,,,,,,,,,,,,,,,,,,904,,,,,,,,,,,,,,,,,,,,,,,,,,,,,,,,,,,,,,,
,,,,,,,,,,,,,,,,,,,,,,,,,,,,,,,,,702,,,,,,,,,,,,,,,,,,,,,,,,,,,,,,,,,,,,,,,
,,,,,,,,,,,,,,,,,,,,,,,,,,,,,,,,,595,,,,,,,,,,,,,,,,,,,,,,,,,,,,,,,,,,,,,,,
,,,,,,,,,,,,,,,,,,,,,,,,,,,,,,,,,953,,,,,,,,,,,,,,,,,,,,,,,,,,,,,,,,,,,,,,,
,,,,,,,,,,,,,,,,,,,,,,,,,,,,,,,,,792,,,,,,,,,,,,,,,,,,,,,,,,,,,,,,,,,,,,,,,
,,,,,,,,,,,,,,,,,,,,,,,,,,,,,,,,,616,,,,,,,,,,,,,,,,,,,,,,,,,,,,,,,,,,,,,,,
,,,,,,,,,,,,,,,,,,,,,,,,,,,,,,,,,523,,,,,,,,,,,,,,,,,,,,,,,,,,,,,,,,,,,,,,,
,,,,,,,,,,,,,,,,,,,,,,,,,,,,,,,,,426,,,,,,,,,,,,,,,,,,,,,,,,,,,,,,,,,,,,,,,
,,,,,,,,,,,,,,,,,,,,,,,,,,,,,,,,,1050,,,,,,,,,,,,,,,,,,,,,,,,,,,,,,,,,,,,,,,
,,,,,,,,,,,,,,,,,,,,,,,,,,,,,,,,,939,,,,,,,,,,,,,,,,,,,,,,,,,,,,,,,,,,,,,,,
,,,,,,,,,,,,,,,,,,,,,,,,,,,,,,,,,815,,,,,,,,,,,,,,,,,,,,,,,,,,,,,,,,,,,,,,,
,,,,,,,,,,,,,,,,,,,,,,,,,,,,,,,,,679,,,,,,,,,,,,,,,,,,,,,,,,,,,,,,,,,,,,,,,
,,,,,,,,,,,,,,,,,,,,,,,,,,,,,,,,,531,,,,,,,,,,,,,,,,,,,,,,,,,,,,,,,,,,,,,,,
,,,,,,,,,,,,,,,,,,,,,,,,,,,,,,,,,451,,,,,,,,,,,,,,,,,,,,,,,,,,,,,,,,,,,,,,,
,,,,,,,,,,,,,,,,,,,,,,,,,,,,,,,,,368,,,,,,,,,,,,,,,,,,,,,,,,,,,,,,,,,,,,,,,
,,,,,,,,,,,,,,,,,,,,,,,,,,,,,,,,,677,,,,,,,,,,,,,,,,,,,,,,,,,,,,,,,,,,,,,,,
,,,,,,,,,,,,,,,,,,,,,,,,,,,,,,,,,567,,,,,,,,,,,,,,,,,,,,,,,,,,,,,,,,,,,,,,,
,,,,,,,,,,,,,,,,,,,,,,,,,,,,,,,,,445,,,,,,,,,,,,,,,,,,,,,,,,,,,,,,,,,,,,,,,
,,,,,,,,,,,,,,,,,,,,,,,,,,,,,,,,,379,,,,,,,,,,,,,,,,,,,,,,,,,,,,,,,,,,,,,,,
,,,,,,,,,,,,,,,,,,,,,,,,,,,,,,,,,311,,,,,,,,,,,,,,,,,,,,,,,,,,,,,,,,,,,,,,,
,,,,,,,,,,,,,,,,,,,,,,,,,,,,,,,,,237,,,,,,,,,,,,,,,,,,,,,,,,,,,,,,,,,,,,,,,
,,,,,,,,,,,,,,,,,,,,,,,,,,,,,,,,,539,,,,,,,,,,,,,,,,,,,,,,,,,,,,,,,,,,,,,,,
,,,,,,,,,,,,,,,,,,,,,,,,,,,,,,,,,455,,,,,,,,,,,,,,,,,,,,,,,,,,,,,,,,,,,,,,,
,,,,,,,,,,,,,,,,,,,,,,,,,,,,,,,,,360,,,,,,,,,,,,,,,,,,,,,,,,,,,,,,,,,,,,,,,
,,,,,,,,,,,,,,,,,,,,,,,,,,,,,,,,,308,,,,,,,,,,,,,,,,,,,,,,,,,,,,,,,,,,,,,,,
,,,,,,,,,,,,,,,,,,,,,,,,,,,,,,,,,253,,,,,,,,,,,,,,,,,,,,,,,,,,,,,,,,,,,,,,,
,,,,,,,,,,,,,,,,,,,,,,,,,,,,,,,,,193,,,,,,,,,,,,,,,,,,,,,,,,,,,,,,,,,,,,,,,
,,,,,,,,,,,,,,,,,,,,,,,,,,,,,,,,,1290,,,,,,,,,,,,,,,,,,,,,,,,,,,,,,,,,,,,,,,
,,,,,,,,,,,,,,,,,,,,,,,,,,,,,,,,,1170,,,,,,,,,,,,,,,,,,,,,,,,,,,,,,,,,,,,,,,
,,,,,,,,,,,,,,,,,,,,,,,,,,,,,,,,,1040,,,,,,,,,,,,,,,,,,,,,,,,,,,,,,,,,,,,,,,
,,,,,,,,,,,,,,,,,,,,,,,,,,,,,,,,,897,,,,,,,,,,,,,,,,,,,,,,,,,,,,,,,,,,,,,,,
,,,,,,,,,,,,,,,,,,,,,,,,,,,,,,,,,743,,,,,,,,,,,,,,,,,,,,,,,,,,,,,,,,,,,,,,,
,,,,,,,,,,,,,,,,,,,,,,,,,,,,,,,,,577,,,,,,,,,,,,,,,,,,,,,,,,,,,,,,,,,,,,,,,
,,,,,,,,,,,,,,,,,,,,,,,,,,,,,,,,,490,,,,,,,,,,,,,,,,,,,,,,,,,,,,,,,,,,,,,,,
,,,,,,,,,,,,,,,,,,,,,,,,,,,,,,,,,399,,,,,,,,,,,,,,,,,,,,,,,,,,,,,,,,,,,,,,,
,,,,,,,,,,,,,,,,,,,,,,,,,,,,,,,,,792,,,,,,,,,,,,,,,,,,,,,,,,,,,,,,,,,,,,,,,
,,,,,,,,,,,,,,,,,,,,,,,,,,,,,,,,,658,,,,,,,,,,,,,,,,,,,,,,,,,,,,,,,,,,,,,,,
,,,,,,,,,,,,,,,,,,,,,,,,,,,,,,,,,512,,,,,,,,,,,,,,,,,,,,,,,,,,,,,,,,,,,,,,,
,,,,,,,,,,,,,,,,,,,,,,,,,,,,,,,,,435,,,,,,,,,,,,,,,,,,,,,,,,,,,,,,,,,,,,,,,
,,,,,,,,,,,,,,,,,,,,,,,,,,,,,,,,,354,,,,,,,,,,,,,,,,,,,,,,,,,,,,,,,,,,,,,,,
,,,,,,,,,,,,,,,,,,,,,,,,,,,,,,,,,886,,,,,,,,,,,,,,,,,,,,,,,,,,,,,,,,,,,,,,,
,,,,,,,,,,,,,,,,,,,,,,,,,,,,,,,,,792,,,,,,,,,,,,,,,,,,,,,,,,,,,,,,,,,,,,,,,
,,,,,,,,,,,,,,,,,,,,,,,,,,,,,,,,,687,,,,,,,,,,,,,,,,,,,,,,,,,,,,,,,,,,,,,,,
,,,,,,,,,,,,,,,,,,,,,,,,,,,,,,,,,573,,,,,,,,,,,,,,,,,,,,,,,,,,,,,,,,,,,,,,,
,,,,,,,,,,,,,,,,,,,,,,,,,,,,,,,,,447,,,,,,,,,,,,,,,,,,,,,,,,,,,,,,,,,,,,,,,
,,,,,,,,,,,,,,,,,,,,,,,,,,,,,,,,,380,,,,,,,,,,,,,,,,,,,,,,,,,,,,,,,,,,,,,,,
,,,,,,,,,,,,,,,,,,,,,,,,,,,,,,,,,310,,,,,,,,,,,,,,,,,,,,,,,,,,,,,,,,,,,,,,,
,,,,,,,,,,,,,,,,,,,,,,,,,,,,,,,,,582,,,,,,,,,,,,,,,,,,,,,,,,,,,,,,,,,,,,,,,
,,,,,,,,,,,,,,,,,,,,,,,,,,,,,,,,,487,,,,,,,,,,,,,,,,,,,,,,,,,,,,,,,,,,,,,,,
,,,,,,,,,,,,,,,,,,,,,,,,,,,,,,,,,382,,,,,,,,,,,,,,,,,,,,,,,,,,,,,,,,,,,,,,,
,,,,,,,,,,,,,,,,,,,,,,,,,,,,,,,,,325,,,,,,,,,,,,,,,,,,,,,,,,,,,,,,,,,,,,,,,
,,,,,,,,,,,,,,,,,,,,,,,,,,,,,,,,,266,,,,,,,,,,,,,,,,,,,,,,,,,,,,,,,,,,,,,,,
,,,,,,,,,,,,,,,,,,,,,,,,,,,,,,,,,203,,,,,,,,,,,,,,,,,,,,,,,,,,,,,,,,,,,,,,,
,,,,,,,,,,,,,,,,,,,,,,,,,,,,,,,,,478,,,,,,,,,,,,,,,,,,,,,,,,,,,,,,,,,,,,,,,
,,,,,,,,,,,,,,,,,,,,,,,,,,,,,,,,,402,,,,,,,,,,,,,,,,,,,,,,,,,,,,,,,,,,,,,,,
,,,,,,,,,,,,,,,,,,,,,,,,,,,,,,,,,317,,,,,,,,,,,,,,,,,,,,,,,,,,,,,,,,,,,,,,,
,,,,,,,,,,,,,,,,,,,,,,,,,,,,,,,,,271,,,,,,,,,,,,,,,,,,,,,,,,,,,,,,,,,,,,,,,
,,,,,,,,,,,,,,,,,,,,,,,,,,,,,,,,,222,,,,,,,,,,,,,,,,,,,,,,,,,,,,,,,,,,,,,,,
,,,,,,,,,,,,,,,,,,,,,,,,,,,,,,,,,170,,,,,,,,,,,,,,,,,,,,,,,,,,,,,,,,,,,,,,,
,,,,,,,,,,,,,,,,,,,,,,,,,,,,,,,,,373,,,,,,,,,,,,,,,,,,,,,,,,,,,,,,,,,,,,,,,
,,,,,,,,,,,,,,,,,,,,,,,,,,,,,,,,,317,,,,,,,,,,,,,,,,,,,,,,,,,,,,,,,,,,,,,,,
,,,,,,,,,,,,,,,,,,,,,,,,,,,,,,,,,252,,,,,,,,,,,,,,,,,,,,,,,,,,,,,,,,,,,,,,,
,,,,,,,,,,,,,,,,,,,,,,,,,,,,,,,,,216,,,,,,,,,,,,,,,,,,,,,,,,,,,,,,,,,,,,,,,
,,,,,,,,,,,,,,,,,,,,,,,,,,,,,,,,,178,,,,,,,,,,,,,,,,,,,,,,,,,,,,,,,,,,,,,,,
,,,,,,,,,,,,,,,,,,,,,,,,,,,,,,,,,137,,,,,,,,,,,,,,,,,,,,,,,,,,,,,,,,,,,,,,,
,,,,,,,,,,,,,,,,,,,,,,,,,,,,,,,,,772,,,,,,,,,,,,,,,,,,,,,,,,,,,,,,,,,,,,,,,
,,,,,,,,,,,,,,,,,,,,,,,,,,,,,,,,,706,,,,,,,,,,,,,,,,,,,,,,,,,,,,,,,,,,,,,,,
,,,,,,,,,,,,,,,,,,,,,,,,,,,,,,,,,631,,,,,,,,,,,,,,,,,,,,,,,,,,,,,,,,,,,,,,,
,,,,,,,,,,,,,,,,,,,,,,,,,,,,,,,,,548,,,,,,,,,,,,,,,,,,,,,,,,,,,,,,,,,,,,,,,
,,,,,,,,,,,,,,,,,,,,,,,,,,,,,,,,,457,,,,,,,,,,,,,,,,,,,,,,,,,,,,,,,,,,,,,,,
,,,,,,,,,,,,,,,,,,,,,,,,,,,,,,,,,357,,,,,,,,,,,,,,,,,,,,,,,,,,,,,,,,,,,,,,,
,,,,,,,,,,,,,,,,,,,,,,,,,,,,,,,,,304,,,,,,,,,,,,,,,,,,,,,,,,,,,,,,,,,,,,,,,
,,,,,,,,,,,,,,,,,,,,,,,,,,,,,,,,,248,,,,,,,,,,,,,,,,,,,,,,,,,,,,,,,,,,,,,,,
,,,,,,,,,,,,,,,,,,,,,,,,,,,,,,,,,189,,,,,,,,,,,,,,,,,,,,,,,,,,,,,,,,,,,,,,,
,,,,,,,,,,,,,,,,,,,,,,,,,,,,,,,,,472,,,,,,,,,,,,,,,,,,,,,,,,,,,,,,,,,,,,,,,
,,,,,,,,,,,,,,,,,,,,,,,,,,,,,,,,,395,,,,,,,,,,,,,,,,,,,,,,,,,,,,,,,,,,,,,,,
,,,,,,,,,,,,,,,,,,,,,,,,,,,,,,,,,310,,,,,,,,,,,,,,,,,,,,,,,,,,,,,,,,,,,,,,,
,,,,,,,,,,,,,,,,,,,,,,,,,,,,,,,,,264,,,,,,,,,,,,,,,,,,,,,,,,,,,,,,,,,,,,,,,
,,,,,,,,,,,,,,,,,,,,,,,,,,,,,,,,,216,,,,,,,,,,,,,,,,,,,,,,,,,,,,,,,,,,,,,,,
,,,,,,,,,,,,,,,,,,,,,,,,,,,,,,,,,165,,,,,,,,,,,,,,,,,,,,,,,,,,,,,,,,,,,,,,,
,,,,,,,,,,,,,,,,,,,,,,,,,,,,,,,,,397,,,,,,,,,,,,,,,,,,,,,,,,,,,,,,,,,,,,,,,
,,,,,,,,,,,,,,,,,,,,,,,,,,,,,,,,,333,,,,,,,,,,,,,,,,,,,,,,,,,,,,,,,,,,,,,,,
,,,,,,,,,,,,,,,,,,,,,,,,,,,,,,,,,262,,,,,,,,,,,,,,,,,,,,,,,,,,,,,,,,,,,,,,,
,,,,,,,,,,,,,,,,,,,,,,,,,,,,,,,,,224,,,,,,,,,,,,,,,,,,,,,,,,,,,,,,,,,,,,,,,
,,,,,,,,,,,,,,,,,,,,,,,,,,,,,,,,,184,,,,,,,,,,,,,,,,,,,,,,,,,,,,,,,,,,,,,,,
,,,,,,,,,,,,,,,,,,,,,,,,,,,,,,,,,140,,,,,,,,,,,,,,,,,,,,,,,,,,,,,,,,,,,,,,,
,,,,,,,,,,,,,,,,,,,,,,,,,,,,,,,,,321,,,,,,,,,,,,,,,,,,,,,,,,,,,,,,,,,,,,,,,
,,,,,,,,,,,,,,,,,,,,,,,,,,,,,,,,,271,,,,,,,,,,,,,,,,,,,,,,,,,,,,,,,,,,,,,,,
,,,,,,,,,,,,,,,,,,,,,,,,,,,,,,,,,215,,,,,,,,,,,,,,,,,,,,,,,,,,,,,,,,,,,,,,,
,,,,,,,,,,,,,,,,,,,,,,,,,,,,,,,,,184,,,,,,,,,,,,,,,,,,,,,,,,,,,,,,,,,,,,,,,
,,,,,,,,,,,,,,,,,,,,,,,,,,,,,,,,,151,,,,,,,,,,,,,,,,,,,,,,,,,,,,,,,,,,,,,,,
,,,,,,,,,,,,,,,,,,,,,,,,,,,,,,,,,116,,,,,,,,,,,,,,,,,,,,,,,,,,,,,,,,,,,,,,,
,,,,,,,,,,,,,,,,,,,,,,,,,,,,,,,,,245,,,,,,,,,,,,,,,,,,,,,,,,,,,,,,,,,,,,,,,
,,,,,,,,,,,,,,,,,,,,,,,,,,,,,,,,,210,,,,,,,,,,,,,,,,,,,,,,,,,,,,,,,,,,,,,,,
,,,,,,,,,,,,,,,,,,,,,,,,,,,,,,,,,168,,,,,,,,,,,,,,,,,,,,,,,,,,,,,,,,,,,,,,,
,,,,,,,,,,,,,,,,,,,,,,,,,,,,,,,,,144,,,,,,,,,,,,,,,,,,,,,,,,,,,,,,,,,,,,,,,
,,,,,,,,,,,,,,,,,,,,,,,,,,,,,,,,,119,,,,,,,,,,,,,,,,,,,,,,,,,,,,,,,,,,,,,,,
,,,,,,,,,,,,,,,,,,,,,,,,,,,,,,,,,91.8,,,,,,,,,,,,,,,,,,,,,,,,,,,,,,,,,,,,,,,
,,,,,,,,,,,,,,,,,,,,,,,,,,,,,,,,,124,,,,,,,,,,,,,,,,,,,,,,,,,,,,,,,,,,,,,,,
,,,,,,,,,,,,,,,,,,,,,,,,,,,,,,,,,103,,,,,,,,,,,,,,,,,,,,,,,,,,,,,,,,,,,,,,,
,,,,,,,,,,,,,,,,,,,,,,,,,,,,,,,,,79.6,,,,,,,,,,,,,,,,,,,,,,,,,,,,,,,,,,,,,,,
,,,,,,,,,,,,,,,,,,,,,,,,,,,,,,,,,104,,,,,,,,,,,,,,,,,,,,,,,,,,,,,,,,,,,,,,,
,,,,,,,,,,,,,,,,,,,,,,,,,,,,,,,,,86.9,,,,,,,,,,,,,,,,,,,,,,,,,,,,,,,,,,,,,,,
,,,,,,,,,,,,,,,,,,,,,,,,,,,,,,,,,67.4,,,,,,,,,,,,,,,,,,,,,,,,,,,,,,,,,,,,,,,
,,,,,,,,,,,,,,,,,,,,,,,,,,,,,,,,,347,,,,,,,,,,,,,,,,,,,,,,,,,,,,,,,,,,,,,,,
,,,,,,,,,,,,,,,,,,,,,,,,,,,,,,,,,304,,,,,,,,,,,,,,,,,,,,,,,,,,,,,,,,,,,,,,,
,,,,,,,,,,,,,,,,,,,,,,,,,,,,,,,,,256,,,,,,,,,,,,,,,,,,,,,,,,,,,,,,,,,,,,,,,
,,,,,,,,,,,,,,,,,,,,,,,,,,,,,,,,,202,,,,,,,,,,,,,,,,,,,,,,,,,,,,,,,,,,,,,,,
,,,,,,,,,,,,,,,,,,,,,,,,,,,,,,,,,172,,,,,,,,,,,,,,,,,,,,,,,,,,,,,,,,,,,,,,,
,,,,,,,,,,,,,,,,,,,,,,,,,,,,,,,,,141,,,,,,,,,,,,,,,,,,,,,,,,,,,,,,,,,,,,,,,
,,,,,,,,,,,,,,,,,,,,,,,,,,,,,,,,,108,,,,,,,,,,,,,,,,,,,,,,,,,,,,,,,,,,,,,,,
,,,,,,,,,,,,,,,,,,,,,,,,,,,,,,,,,253,,,,,,,,,,,,,,,,,,,,,,,,,,,,,,,,,,,,,,,
,,,,,,,,,,,,,,,,,,,,,,,,,,,,,,,,,214,,,,,,,,,,,,,,,,,,,,,,,,,,,,,,,,,,,,,,,
,,,,,,,,,,,,,,,,,,,,,,,,,,,,,,,,,169,,,,,,,,,,,,,,,,,,,,,,,,,,,,,,,,,,,,,,,
,,,,,,,,,,,,,,,,,,,,,,,,,,,,,,,,,145,,,,,,,,,,,,,,,,,,,,,,,,,,,,,,,,,,,,,,,
,,,,,,,,,,,,,,,,,,,,,,,,,,,,,,,,,119,,,,,,,,,,,,,,,,,,,,,,,,,,,,,,,,,,,,,,,
,,,,,,,,,,,,,,,,,,,,,,,,,,,,,,,,,91.4,,,,,,,,,,,,,,,,,,,,,,,,,,,,,,,,,,,,,,,
,,,,,,,,,,,,,,,,,,,,,,,,,,,,,,,,,201,,,,,,,,,,,,,,,,,,,,,,,,,,,,,,,,,,,,,,,
,,,,,,,,,,,,,,,,,,,,,,,,,,,,,,,,,171,,,,,,,,,,,,,,,,,,,,,,,,,,,,,,,,,,,,,,,
,,,,,,,,,,,,,,,,,,,,,,,,,,,,,,,,,137,,,,,,,,,,,,,,,,,,,,,,,,,,,,,,,,,,,,,,,
,,,,,,,,,,,,,,,,,,,,,,,,,,,,,,,,,118,,,,,,,,,,,,,,,,,,,,,,,,,,,,,,,,,,,,,,,
,,,,,,,,,,,,,,,,,,,,,,,,,,,,,,,,,96.9,,,,,,,,,,,,,,,,,,,,,,,,,,,,,,,,,,,,,,,
,,,,,,,,,,,,,,,,,,,,,,,,,,,,,,,,,74.6,,,,,,,,,,,,,,,,,,,,,,,,,,,,,,,,,,,,,,,
,,,,,,,,,,,,,,,,,,,,,,,,,,,,,,,,,120,,,,,,,,,,,,,,,,,,,,,,,,,,,,,,,,,,,,,,,
,,,,,,,,,,,,,,,,,,,,,,,,,,,,,,,,,104,,,,,,,,,,,,,,,,,,,,,,,,,,,,,,,,,,,,,,,
,,,,,,,,,,,,,,,,,,,,,,,,,,,,,,,,,85.8,,,,,,,,,,,,,,,,,,,,,,,,,,,,,,,,,,,,,,,
,,,,,,,,,,,,,,,,,,,,,,,,,,,,,,,,,149,,,,,,,,,,,,,,,,,,,,,,,,,,,,,,,,,,,,,,,
,,,,,,,,,,,,,,,,,,,,,,,,,,,,,,,,,129,,,,,,,,,,,,,,,,,,,,,,,,,,,,,,,,,,,,,,,
,,,,,,,,,,,,,,,,,,,,,,,,,,,,,,,,,104,,,,,,,,,,,,,,,,,,,,,,,,,,,,,,,,,,,,,,,
,,,,,,,,,,,,,,,,,,,,,,,,,,,,,,,,,90.1,,,,,,,,,,,,,,,,,,,,,,,,,,,,,,,,,,,,,,,
,,,,,,,,,,,,,,,,,,,,,,,,,,,,,,,,,74.7,,,,,,,,,,,,,,,,,,,,,,,,,,,,,,,,,,,,,,,
,,,,,,,,,,,,,,,,,,,,,,,,,,,,,,,,,57.8,,,,,,,,,,,,,,,,,,,,,,,,,,,,,,,,,,,,,,,
,,,,,,,,,,,,,,,,,,,,,,,,,,,,,,,,,39.8,,,,,,,,,,,,,,,,,,,,,,,,,,,,,,,,,,,,,,,
,,,,,,,,,,,,,,,,,,,,,,,,,,,,,,,,,96.1,,,,,,,,,,,,,,,,,,,,,,,,,,,,,,,,,,,,,,,
,,,,,,,,,,,,,,,,,,,,,,,,,,,,,,,,,83.2,,,,,,,,,,,,,,,,,,,,,,,,,,,,,,,,,,,,,,,
,,,,,,,,,,,,,,,,,,,,,,,,,,,,,,,,,69.1,,,,,,,,,,,,,,,,,,,,,,,,,,,,,,,,,,,,,,,
,,,,,,,,,,,,,,,,,,,,,,,,,,,,,,,,,53.6,,,,,,,,,,,,,,,,,,,,,,,,,,,,,,,,,,,,,,,
,,,,,,,,,,,,,,,,,,,,,,,,,,,,,,,,,88.0,,,,,,,,,,,,,,,,,,,,,,,,,,,,,,,,,,,,,,,
,,,,,,,,,,,,,,,,,,,,,,,,,,,,,,,,,76.3,,,,,,,,,,,,,,,,,,,,,,,,,,,,,,,,,,,,,,,
,,,,,,,,,,,,,,,,,,,,,,,,,,,,,,,,,63.6,,,,,,,,,,,,,,,,,,,,,,,,,,,,,,,,,,,,,,,
,,,,,,,,,,,,,,,,,,,,,,,,,,,,,,,,,49.4,,,,,,,,,,,,,,,,,,,,,,,,,,,,,,,,,,,,,,,
,,,,,,,,,,,,,,,,,,,,,,,,,,,,,,,,,34.2,,,,,,,,,,,,,,,,,,,,,,,,,,,,,,,,,,,,,,,
,,,,,,,,,,,,,,,,,,,,,,,,,,,,,,,,,71.7,,,,,,,,,,,,,,,,,,,,,,,,,,,,,,,,,,,,,,,
,,,,,,,,,,,,,,,,,,,,,,,,,,,,,,,,,62.6,,,,,,,,,,,,,,,,,,,,,,,,,,,,,,,,,,,,,,,
,,,,,,,,,,,,,,,,,,,,,,,,,,,,,,,,,52.5,,,,,,,,,,,,,,,,,,,,,,,,,,,,,,,,,,,,,,,
,,,,,,,,,,,,,,,,,,,,,,,,,,,,,,,,,41.0,,,,,,,,,,,,,,,,,,,,,,,,,,,,,,,,,,,,,,,
,,,,,,,,,,,,,,,,,,,,,,,,,,,,,,,,,28.5,,,,,,,,,,,,,,,,,,,,,,,,,,,,,,,,,,,,,,,
,,,,,,,,,,,,,,,,,,,,,,,,,,,,,,,,,216,,,,,,,,,,,,,,,,,,,,,,,,,,,,,,,,,,,,,,,
,,,,,,,,,,,,,,,,,,,,,,,,,,,,,,,,,183,,,,,,,,,,,,,,,,,,,,,,,,,,,,,,,,,,,,,,,
,,,,,,,,,,,,,,,,,,,,,,,,,,,,,,,,,145,,,,,,,,,,,,,,,,,,,,,,,,,,,,,,,,,,,,,,,
,,,,,,,,,,,,,,,,,,,,,,,,,,,,,,,,,124,,,,,,,,,,,,,,,,,,,,,,,,,,,,,,,,,,,,,,,
,,,,,,,,,,,,,,,,,,,,,,,,,,,,,,,,,102,,,,,,,,,,,,,,,,,,,,,,,,,,,,,,,,,,,,,,,
,,,,,,,,,,,,,,,,,,,,,,,,,,,,,,,,,78.2,,,,,,,,,,,,,,,,,,,,,,,,,,,,,,,,,,,,,,,
,,,,,,,,,,,,,,,,,,,,,,,,,,,,,,,,,53.5,,,,,,,,,,,,,,,,,,,,,,,,,,,,,,,,,,,,,,,
,,,,,,,,,,,,,,,,,,,,,,,,,,,,,,,,,174,,,,,,,,,,,,,,,,,,,,,,,,,,,,,,,,,,,,,,,
,,,,,,,,,,,,,,,,,,,,,,,,,,,,,,,,,149,,,,,,,,,,,,,,,,,,,,,,,,,,,,,,,,,,,,,,,
,,,,,,,,,,,,,,,,,,,,,,,,,,,,,,,,,119,,,,,,,,,,,,,,,,,,,,,,,,,,,,,,,,,,,,,,,
,,,,,,,,,,,,,,,,,,,,,,,,,,,,,,,,,102,,,,,,,,,,,,,,,,,,,,,,,,,,,,,,,,,,,,,,,
,,,,,,,,,,,,,,,,,,,,,,,,,,,,,,,,,84.1,,,,,,,,,,,,,,,,,,,,,,,,,,,,,,,,,,,,,,,
,,,,,,,,,,,,,,,,,,,,,,,,,,,,,,,,,64.7,,,,,,,,,,,,,,,,,,,,,,,,,,,,,,,,,,,,,,,
,,,,,,,,,,,,,,,,,,,,,,,,,,,,,,,,,133,,,,,,,,,,,,,,,,,,,,,,,,,,,,,,,,,,,,,,,
,,,,,,,,,,,,,,,,,,,,,,,,,,,,,,,,,115,,,,,,,,,,,,,,,,,,,,,,,,,,,,,,,,,,,,,,,
,,,,,,,,,,,,,,,,,,,,,,,,,,,,,,,,,92.5,,,,,,,,,,,,,,,,,,,,,,,,,,,,,,,,,,,,,,,
,,,,,,,,,,,,,,,,,,,,,,,,,,,,,,,,,79.8,,,,,,,,,,,,,,,,,,,,,,,,,,,,,,,,,,,,,,,
,,,,,,,,,,,,,,,,,,,,,,,,,,,,,,,,,66.1,,,,,,,,,,,,,,,,,,,,,,,,,,,,,,,,,,,,,,,
,,,,,,,,,,,,,,,,,,,,,,,,,,,,,,,,,51.1,,,,,,,,,,,,,,,,,,,,,,,,,,,,,,,,,,,,,,,
,,,,,,,,,,,,,,,,,,,,,,,,,,,,,,,,,80.8,,,,,,,,,,,,,,,,,,,,,,,,,,,,,,,,,,,,,,,
,,,,,,,,,,,,,,,,,,,,,,,,,,,,,,,,,66.3,,,,,,,,,,,,,,,,,,,,,,,,,,,,,,,,,,,,,,,
,,,,,,,,,,,,,,,,,,,,,,,,,,,,,,,,,57.7,,,,,,,,,,,,,,,,,,,,,,,,,,,,,,,,,,,,,,,
,,,,,,,,,,,,,,,,,,,,,,,,,,,,,,,,,48.2,,,,,,,,,,,,,,,,,,,,,,,,,,,,,,,,,,,,,,,
,,,,,,,,,,,,,,,,,,,,,,,,,,,,,,,,,37.6,,,,,,,,,,,,,,,,,,,,,,,,,,,,,,,,,,,,,,,
,,,,,,,,,,,,,,,,,,,,,,,,,,,,,,,,,146,,,,,,,,,,,,,,,,,,,,,,,,,,,,,,,,,,,,,,,
,,,,,,,,,,,,,,,,,,,,,,,,,,,,,,,,,125,,,,,,,,,,,,,,,,,,,,,,,,,,,,,,,,,,,,,,,
,,,,,,,,,,,,,,,,,,,,,,,,,,,,,,,,,100,,,,,,,,,,,,,,,,,,,,,,,,,,,,,,,,,,,,,,,
,,,,,,,,,,,,,,,,,,,,,,,,,,,,,,,,,85.6,,,,,,,,,,,,,,,,,,,,,,,,,,,,,,,,,,,,,,,
,,,,,,,,,,,,,,,,,,,,,,,,,,,,,,,,,70.7,,,,,,,,,,,,,,,,,,,,,,,,,,,,,,,,,,,,,,,
,,,,,,,,,,,,,,,,,,,,,,,,,,,,,,,,,54.4,,,,,,,,,,,,,,,,,,,,,,,,,,,,,,,,,,,,,,,
,,,,,,,,,,,,,,,,,,,,,,,,,,,,,,,,,37.4,,,,,,,,,,,,,,,,,,,,,,,,,,,,,,,,,,,,,,,
,,,,,,,,,,,,,,,,,,,,,,,,,,,,,,,,,114,,,,,,,,,,,,,,,,,,,,,,,,,,,,,,,,,,,,,,,
,,,,,,,,,,,,,,,,,,,,,,,,,,,,,,,,,98.2,,,,,,,,,,,,,,,,,,,,,,,,,,,,,,,,,,,,,,,
,,,,,,,,,,,,,,,,,,,,,,,,,,,,,,,,,79.1,,,,,,,,,,,,,,,,,,,,,,,,,,,,,,,,,,,,,,,
,,,,,,,,,,,,,,,,,,,,,,,,,,,,,,,,,68.3,,,,,,,,,,,,,,,,,,,,,,,,,,,,,,,,,,,,,,,
,,,,,,,,,,,,,,,,,,,,,,,,,,,,,,,,,56.6,,,,,,,,,,,,,,,,,,,,,,,,,,,,,,,,,,,,,,,
,,,,,,,,,,,,,,,,,,,,,,,,,,,,,,,,,43.7,,,,,,,,,,,,,,,,,,,,,,,,,,,,,,,,,,,,,,,
,,,,,,,,,,,,,,,,,,,,,,,,,,,,,,,,,82.0,,,,,,,,,,,,,,,,,,,,,,,,,,,,,,,,,,,,,,,
,,,,,,,,,,,,,,,,,,,,,,,,,,,,,,,,,71.8,,,,,,,,,,,,,,,,,,,,,,,,,,,,,,,,,,,,,,,
,,,,,,,,,,,,,,,,,,,,,,,,,,,,,,,,,58.7,,,,,,,,,,,,,,,,,,,,,,,,,,,,,,,,,,,,,,,
,,,,,,,,,,,,,,,,,,,,,,,,,,,,,,,,,51.0,,,,,,,,,,,,,,,,,,,,,,,,,,,,,,,,,,,,,,,
,,,,,,,,,,,,,,,,,,,,,,,,,,,,,,,,,42.5,,,,,,,,,,,,,,,,,,,,,,,,,,,,,,,,,,,,,,,
,,,,,,,,,,,,,,,,,,,,,,,,,,,,,,,,,33.1,,,,,,,,,,,,,,,,,,,,,,,,,,,,,,,,,,,,,,,
,,,,,,,,,,,,,,,,,,,,,,,,,,,,,,,,,22.9,,,,,,,,,,,,,,,,,,,,,,,,,,,,,,,,,,,,,,,
,,,,,,,,,,,,,,,,,,,,,,,,,,,,,,,,,58.6,,,,,,,,,,,,,,,,,,,,,,,,,,,,,,,,,,,,,,,
,,,,,,,,,,,,,,,,,,,,,,,,,,,,,,,,,48.5,,,,,,,,,,,,,,,,,,,,,,,,,,,,,,,,,,,,,,,
,,,,,,,,,,,,,,,,,,,,,,,,,,,,,,,,,42.4,,,,,,,,,,,,,,,,,,,,,,,,,,,,,,,,,,,,,,,
,,,,,,,,,,,,,,,,,,,,,,,,,,,,,,,,,35.5,,,,,,,,,,,,,,,,,,,,,,,,,,,,,,,,,,,,,,,
,,,,,,,,,,,,,,,,,,,,,,,,,,,,,,,,,27.8,,,,,,,,,,,,,,,,,,,,,,,,,,,,,,,,,,,,,,,
,,,,,,,,,,,,,,,,,,,,,,,,,,,,,,,,,19.3,,,,,,,,,,,,,,,,,,,,,,,,,,,,,,,,,,,,,,,
,,,,,,,,,,,,,,,,,,,,,,,,,,,,,,,,,45.3,,,,,,,,,,,,,,,,,,,,,,,,,,,,,,,,,,,,,,,
,,,,,,,,,,,,,,,,,,,,,,,,,,,,,,,,,38.2,,,,,,,,,,,,,,,,,,,,,,,,,,,,,,,,,,,,,,,
,,,,,,,,,,,,,,,,,,,,,,,,,,,,,,,,,33.7,,,,,,,,,,,,,,,,,,,,,,,,,,,,,,,,,,,,,,,
,,,,,,,,,,,,,,,,,,,,,,,,,,,,,,,,,28.5,,,,,,,,,,,,,,,,,,,,,,,,,,,,,,,,,,,,,,,
,,,,,,,,,,,,,,,,,,,,,,,,,,,,,,,,,22.4,,,,,,,,,,,,,,,,,,,,,,,,,,,,,,,,,,,,,,,
,,,,,,,,,,,,,,,,,,,,,,,,,,,,,,,,,15.7,,,,,,,,,,,,,,,,,,,,,,,,,,,,,,,,,,,,,,,
,,,,,,,,,,,,,,,,,,,,,,,,,,,,,,,,,93.4,,,,,,,,,,,,,,,,,,,,,,,,,,,,,,,,,,,,,,,
,,,,,,,,,,,,,,,,,,,,,,,,,,,,,,,,,80.5,,,,,,,,,,,,,,,,,,,,,,,,,,,,,,,,,,,,,,,
,,,,,,,,,,,,,,,,,,,,,,,,,,,,,,,,,65.0,,,,,,,,,,,,,,,,,,,,,,,,,,,,,,,,,,,,,,,
,,,,,,,,,,,,,,,,,,,,,,,,,,,,,,,,,56.1,,,,,,,,,,,,,,,,,,,,,,,,,,,,,,,,,,,,,,,
,,,,,,,,,,,,,,,,,,,,,,,,,,,,,,,,,46.5,,,,,,,,,,,,,,,,,,,,,,,,,,,,,,,,,,,,,,,
,,,,,,,,,,,,,,,,,,,,,,,,,,,,,,,,,36.0,,,,,,,,,,,,,,,,,,,,,,,,,,,,,,,,,,,,,,,
,,,,,,,,,,,,,,,,,,,,,,,,,,,,,,,,,24.8,,,,,,,,,,,,,,,,,,,,,,,,,,,,,,,,,,,,,,,
,,,,,,,,,,,,,,,,,,,,,,,,,,,,,,,,,60.6,,,,,,,,,,,,,,,,,,,,,,,,,,,,,,,,,,,,,,,
,,,,,,,,,,,,,,,,,,,,,,,,,,,,,,,,,49.5,,,,,,,,,,,,,,,,,,,,,,,,,,,,,,,,,,,,,,,
,,,,,,,,,,,,,,,,,,,,,,,,,,,,,,,,,43.0,,,,,,,,,,,,,,,,,,,,,,,,,,,,,,,,,,,,,,,
,,,,,,,,,,,,,,,,,,,,,,,,,,,,,,,,,35.9,,,,,,,,,,,,,,,,,,,,,,,,,,,,,,,,,,,,,,,
,,,,,,,,,,,,,,,,,,,,,,,,,,,,,,,,,27.9,,,,,,,,,,,,,,,,,,,,,,,,,,,,,,,,,,,,,,,
,,,,,,,,,,,,,,,,,,,,,,,,,,,,,,,,,19.3,,,,,,,,,,,,,,,,,,,,,,,,,,,,,,,,,,,,,,,
,,,,,,,,,,,,,,,,,,,,,,,,,,,,,,,,,50.7,,,,,,,,,,,,,,,,,,,,,,,,,,,,,,,,,,,,,,,
,,,,,,,,,,,,,,,,,,,,,,,,,,,,,,,,,41.8,,,,,,,,,,,,,,,,,,,,,,,,,,,,,,,,,,,,,,,
,,,,,,,,,,,,,,,,,,,,,,,,,,,,,,,,,36.5,,,,,,,,,,,,,,,,,,,,,,,,,,,,,,,,,,,,,,,
,,,,,,,,,,,,,,,,,,,,,,,,,,,,,,,,,30.5,,,,,,,,,,,,,,,,,,,,,,,,,,,,,,,,,,,,,,,
,,,,,,,,,,,,,,,,,,,,,,,,,,,,,,,,,23.8,,,,,,,,,,,,,,,,,,,,,,,,,,,,,,,,,,,,,,,
,,,,,,,,,,,,,,,,,,,,,,,,,,,,,,,,,16.6,,,,,,,,,,,,,,,,,,,,,,,,,,,,,,,,,,,,,,,
,,,,,,,,,,,,,,,,,,,,,,,,,,,,,,,,,40.7,,,,,,,,,,,,,,,,,,,,,,,,,,,,,,,,,,,,,,,
,,,,,,,,,,,,,,,,,,,,,,,,,,,,,,,,,34.1,,,,,,,,,,,,,,,,,,,,,,,,,,,,,,,,,,,,,,,
,,,,,,,,,,,,,,,,,,,,,,,,,,,,,,,,,29.9,,,,,,,,,,,,,,,,,,,,,,,,,,,,,,,,,,,,,,,
,,,,,,,,,,,,,,,,,,,,,,,,,,,,,,,,,25.2,,,,,,,,,,,,,,,,,,,,,,,,,,,,,,,,,,,,,,,
,,,,,,,,,,,,,,,,,,,,,,,,,,,,,,,,,19.8,,,,,,,,,,,,,,,,,,,,,,,,,,,,,,,,,,,,,,,
,,,,,,,,,,,,,,,,,,,,,,,,,,,,,,,,,13.8,,,,,,,,,,,,,,,,,,,,,,,,,,,,,,,,,,,,,,,
,,,,,,,,,,,,,,,,,,,,,,,,,,,,,,,,,19.8,,,,,,,,,,,,,,,,,,,,,,,,,,,,,,,,,,,,,,,
,,,,,,,,,,,,,,,,,,,,,,,,,,,,,,,,,15.7,,,,,,,,,,,,,,,,,,,,,,,,,,,,,,,,,,,,,,,
,,,,,,,,,,,,,,,,,,,,,,,,,,,,,,,,,11.1,,,,,,,,,,,,,,,,,,,,,,,,,,,,,,,,,,,,,,,
,,,,,,,,,,,,,,,,,,,,,,,,,,,,,,,,,55.2,,,,,,,,,,,,,,,,,,,,,,,,,,,,,,,,,,,,,,,
,,,,,,,,,,,,,,,,,,,,,,,,,,,,,,,,,48.3,,,,,,,,,,,,,,,,,,,,,,,,,,,,,,,,,,,,,,,
,,,,,,,,,,,,,,,,,,,,,,,,,,,,,,,,,39.5,,,,,,,,,,,,,,,,,,,,,,,,,,,,,,,,,,,,,,,
,,,,,,,,,,,,,,,,,,,,,,,,,,,,,,,,,34.3,,,,,,,,,,,,,,,,,,,,,,,,,,,,,,,,,,,,,,,
,,,,,,,,,,,,,,,,,,,,,,,,,,,,,,,,,28.6,,,,,,,,,,,,,,,,,,,,,,,,,,,,,,,,,,,,,,,
,,,,,,,,,,,,,,,,,,,,,,,,,,,,,,,,,22.3,,,,,,,,,,,,,,,,,,,,,,,,,,,,,,,,,,,,,,,
,,,,,,,,,,,,,,,,,,,,,,,,,,,,,,,,,15.5,,,,,,,,,,,,,,,,,,,,,,,,,,,,,,,,,,,,,,,
,,,,,,,,,,,,,,,,,,,,,,,,,,,,,,,,,41.1,,,,,,,,,,,,,,,,,,,,,,,,,,,,,,,,,,,,,,,
,,,,,,,,,,,,,,,,,,,,,,,,,,,,,,,,,33.9,,,,,,,,,,,,,,,,,,,,,,,,,,,,,,,,,,,,,,,
,,,,,,,,,,,,,,,,,,,,,,,,,,,,,,,,,29.6,,,,,,,,,,,,,,,,,,,,,,,,,,,,,,,,,,,,,,,
,,,,,,,,,,,,,,,,,,,,,,,,,,,,,,,,,24.7,,,,,,,,,,,,,,,,,,,,,,,,,,,,,,,,,,,,,,,
,,,,,,,,,,,,,,,,,,,,,,,,,,,,,,,,,19.3,,,,,,,,,,,,,,,,,,,,,,,,,,,,,,,,,,,,,,,
,,,,,,,,,,,,,,,,,,,,,,,,,,,,,,,,,13.4,,,,,,,,,,,,,,,,,,,,,,,,,,,,,,,,,,,,,,,
,,,,,,,,,,,,,,,,,,,,,,,,,,,,,,,,,34.0,,,,,,,,,,,,,,,,,,,,,,,,,,,,,,,,,,,,,,,
,,,,,,,,,,,,,,,,,,,,,,,,,,,,,,,,,28.3,,,,,,,,,,,,,,,,,,,,,,,,,,,,,,,,,,,,,,,
,,,,,,,,,,,,,,,,,,,,,,,,,,,,,,,,,24.8,,,,,,,,,,,,,,,,,,,,,,,,,,,,,,,,,,,,,,,
,,,,,,,,,,,,,,,,,,,,,,,,,,,,,,,,,20.9,,,,,,,,,,,,,,,,,,,,,,,,,,,,,,,,,,,,,,,
,,,,,,,,,,,,,,,,,,,,,,,,,,,,,,,,,16.4,,,,,,,,,,,,,,,,,,,,,,,,,,,,,,,,,,,,,,,
,,,,,,,,,,,,,,,,,,,,,,,,,,,,,,,,,11.4,,,,,,,,,,,,,,,,,,,,,,,,,,,,,,,,,,,,,,,
,,,,,,,,,,,,,,,,,,,,,,,,,,,,,,,,,26.8,,,,,,,,,,,,,,,,,,,,,,,,,,,,,,,,,,,,,,,
,,,,,,,,,,,,,,,,,,,,,,,,,,,,,,,,,22.7,,,,,,,,,,,,,,,,,,,,,,,,,,,,,,,,,,,,,,,
,,,,,,,,,,,,,,,,,,,,,,,,,,,,,,,,,20.1,,,,,,,,,,,,,,,,,,,,,,,,,,,,,,,,,,,,,,,
,,,,,,,,,,,,,,,,,,,,,,,,,,,,,,,,,17.0,,,,,,,,,,,,,,,,,,,,,,,,,,,,,,,,,,,,,,,
,,,,,,,,,,,,,,,,,,,,,,,,,,,,,,,,,13.4,,,,,,,,,,,,,,,,,,,,,,,,,,,,,,,,,,,,,,,
,,,,,,,,,,,,,,,,,,,,,,,,,,,,,,,,,9.43,,,,,,,,,,,,,,,,,,,,,,,,,,,,,,,,,,,,,,,
,,,,,,,,,,,,,,,,,,,,,,,,,,,,,,,,,17.1,,,,,,,,,,,,,,,,,,,,,,,,,,,,,,,,,,,,,,,
,,,,,,,,,,,,,,,,,,,,,,,,,,,,,,,,,15.3,,,,,,,,,,,,,,,,,,,,,,,,,,,,,,,,,,,,,,,
,,,,,,,,,,,,,,,,,,,,,,,,,,,,,,,,,13.1,,,,,,,,,,,,,,,,,,,,,,,,,,,,,,,,,,,,,,,
,,,,,,,,,,,,,,,,,,,,,,,,,,,,,,,,,10.5,,,,,,,,,,,,,,,,,,,,,,,,,,,,,,,,,,,,,,,
,,,,,,,,,,,,,,,,,,,,,,,,,,,,,,,,,7.42,,,,,,,,,,,,,,,,,,,,,,,,,,,,,,,,,,,,,,,
,,,,,,,,,,,,,,,,,,,,,,,,,,,,,,,,,29.7,,,,,,,,,,,,,,,,,,,,,,,,,,,,,,,,,,,,,,,
,,,,,,,,,,,,,,,,,,,,,,,,,,,,,,,,,25.9,,,,,,,,,,,,,,,,,,,,,,,,,,,,,,,,,,,,,,,
,,,,,,,,,,,,,,,,,,,,,,,,,,,,,,,,,21.7,,,,,,,,,,,,,,,,,,,,,,,,,,,,,,,,,,,,,,,
,,,,,,,,,,,,,,,,,,,,,,,,,,,,,,,,,17.0,,,,,,,,,,,,,,,,,,,,,,,,,,,,,,,,,,,,,,,
,,,,,,,,,,,,,,,,,,,,,,,,,,,,,,,,,11.8,,,,,,,,,,,,,,,,,,,,,,,,,,,,,,,,,,,,,,,
,,,,,,,,,,,,,,,,,,,,,,,,,,,,,,,,,26.0,,,,,,,,,,,,,,,,,,,,,,,,,,,,,,,,,,,,,,,
,,,,,,,,,,,,,,,,,,,,,,,,,,,,,,,,,21.7,,,,,,,,,,,,,,,,,,,,,,,,,,,,,,,,,,,,,,,
,,,,,,,,,,,,,,,,,,,,,,,,,,,,,,,,,19.0,,,,,,,,,,,,,,,,,,,,,,,,,,,,,,,,,,,,,,,
,,,,,,,,,,,,,,,,,,,,,,,,,,,,,,,,,16.0,,,,,,,,,,,,,,,,,,,,,,,,,,,,,,,,,,,,,,,
,,,,,,,,,,,,,,,,,,,,,,,,,,,,,,,,,12.6,,,,,,,,,,,,,,,,,,,,,,,,,,,,,,,,,,,,,,,
,,,,,,,,,,,,,,,,,,,,,,,,,,,,,,,,,8.80,,,,,,,,,,,,,,,,,,,,,,,,,,,,,,,,,,,,,,,
,,,,,,,,,,,,,,,,,,,,,,,,,,,,,,,,,21.2,,,,,,,,,,,,,,,,,,,,,,,,,,,,,,,,,,,,,,,
,,,,,,,,,,,,,,,,,,,,,,,,,,,,,,,,,17.9,,,,,,,,,,,,,,,,,,,,,,,,,,,,,,,,,,,,,,,
,,,,,,,,,,,,,,,,,,,,,,,,,,,,,,,,,15.8,,,,,,,,,,,,,,,,,,,,,,,,,,,,,,,,,,,,,,,
,,,,,,,,,,,,,,,,,,,,,,,,,,,,,,,,,13.4,,,,,,,,,,,,,,,,,,,,,,,,,,,,,,,,,,,,,,,
,,,,,,,,,,,,,,,,,,,,,,,,,,,,,,,,,10.6,,,,,,,,,,,,,,,,,,,,,,,,,,,,,,,,,,,,,,,
,,,,,,,,,,,,,,,,,,,,,,,,,,,,,,,,,7.42,,,,,,,,,,,,,,,,,,,,,,,,,,,,,,,,,,,,,,,
,,,,,,,,,,,,,,,,,,,,,,,,,,,,,,,,,16.4,,,,,,,,,,,,,,,,,,,,,,,,,,,,,,,,,,,,,,,
,,,,,,,,,,,,,,,,,,,,,,,,,,,,,,,,,14.1,,,,,,,,,,,,,,,,,,,,,,,,,,,,,,,,,,,,,,,
,,,,,,,,,,,,,,,,,,,,,,,,,,,,,,,,,12.6,,,,,,,,,,,,,,,,,,,,,,,,,,,,,,,,,,,,,,,
,,,,,,,,,,,,,,,,,,,,,,,,,,,,,,,,,10.7,,,,,,,,,,,,,,,,,,,,,,,,,,,,,,,,,,,,,,,
,,,,,,,,,,,,,,,,,,,,,,,,,,,,,,,,,8.53,,,,,,,,,,,,,,,,,,,,,,,,,,,,,,,,,,,,,,,
,,,,,,,,,,,,,,,,,,,,,,,,,,,,,,,,,6.03,,,,,,,,,,,,,,,,,,,,,,,,,,,,,,,,,,,,,,,
,,,,,,,,,,,,,,,,,,,,,,,,,,,,,,,,,9.40,,,,,,,,,,,,,,,,,,,,,,,,,,,,,,,,,,,,,,,
,,,,,,,,,,,,,,,,,,,,,,,,,,,,,,,,,7.51,,,,,,,,,,,,,,,,,,,,,,,,,,,,,,,,,,,,,,,
,,,,,,,,,,,,,,,,,,,,,,,,,,,,,,,,,5.34,,,,,,,,,,,,,,,,,,,,,,,,,,,,,,,,,,,,,,,
,,,,,,,,,,,,,,,,,,,,,,,,,,,,,,,,,10.4,,,,,,,,,,,,,,,,,,,,,,,,,,,,,,,,,,,,,,,
,,,,,,,,,,,,,,,,,,,,,,,,,,,,,,,,,9.35,,,,,,,,,,,,,,,,,,,,,,,,,,,,,,,,,,,,,,,
,,,,,,,,,,,,,,,,,,,,,,,,,,,,,,,,,8.08,,,,,,,,,,,,,,,,,,,,,,,,,,,,,,,,,,,,,,,
,,,,,,,,,,,,,,,,,,,,,,,,,,,,,,,,,6.50,,,,,,,,,,,,,,,,,,,,,,,,,,,,,,,,,,,,,,,
,,,,,,,,,,,,,,,,,,,,,,,,,,,,,,,,,4.65,,,,,,,,,,,,,,,,,,,,,,,,,,,,,,,,,,,,,,,
,,,,,,,,,,,,,,,,,,,,,,,,,,,,,,,,,18.1,,,,,,,,,,,,,,,,,,,,,,,,,,,,,,,,,,,,,,,
,,,,,,,,,,,,,,,,,,,,,,,,,,,,,,,,,15.3,,,,,,,,,,,,,,,,,,,,,,,,,,,,,,,,,,,,,,,
,,,,,,,,,,,,,,,,,,,,,,,,,,,,,,,,,13.5,,,,,,,,,,,,,,,,,,,,,,,,,,,,,,,,,,,,,,,
,,,,,,,,,,,,,,,,,,,,,,,,,,,,,,,,,11.4,,,,,,,,,,,,,,,,,,,,,,,,,,,,,,,,,,,,,,,
,,,,,,,,,,,,,,,,,,,,,,,,,,,,,,,,,9.02,,,,,,,,,,,,,,,,,,,,,,,,,,,,,,,,,,,,,,,
,,,,,,,,,,,,,,,,,,,,,,,,,,,,,,,,,6.35,,,,,,,,,,,,,,,,,,,,,,,,,,,,,,,,,,,,,,,
,,,,,,,,,,,,,,,,,,,,,,,,,,,,,,,,,11.9,,,,,,,,,,,,,,,,,,,,,,,,,,,,,,,,,,,,,,,
,,,,,,,,,,,,,,,,,,,,,,,,,,,,,,,,,10.3,,,,,,,,,,,,,,,,,,,,,,,,,,,,,,,,,,,,,,,
,,,,,,,,,,,,,,,,,,,,,,,,,,,,,,,,,9.14,,,,,,,,,,,,,,,,,,,,,,,,,,,,,,,,,,,,,,,
,,,,,,,,,,,,,,,,,,,,,,,,,,,,,,,,,7.80,,,,,,,,,,,,,,,,,,,,,,,,,,,,,,,,,,,,,,,
,,,,,,,,,,,,,,,,,,,,,,,,,,,,,,,,,6.21,,,,,,,,,,,,,,,,,,,,,,,,,,,,,,,,,,,,,,,
,,,,,,,,,,,,,,,,,,,,,,,,,,,,,,,,,4.40,,,,,,,,,,,,,,,,,,,,,,,,,,,,,,,,,,,,,,,
,,,,,,,,,,,,,,,,,,,,,,,,,,,,,,,,,7.93,,,,,,,,,,,,,,,,,,,,,,,,,,,,,,,,,,,,,,,
,,,,,,,,,,,,,,,,,,,,,,,,,,,,,,,,,7.14,,,,,,,,,,,,,,,,,,,,,,,,,,,,,,,,,,,,,,,
,,,,,,,,,,,,,,,,,,,,,,,,,,,,,,,,,6.15,,,,,,,,,,,,,,,,,,,,,,,,,,,,,,,,,,,,,,,
,,,,,,,,,,,,,,,,,,,,,,,,,,,,,,,,,4.93,,,,,,,,,,,,,,,,,,,,,,,,,,,,,,,,,,,,,,,
,,,,,,,,,,,,,,,,,,,,,,,,,,,,,,,,,3.52,,,,,,,,,,,,,,,,,,,,,,,,,,,,,,,,,,,,,,,
,,,,,,,,,,,,,,,,,,,,,,,,,,,,,,,,,5.32,,,,,,,,,,,,,,,,,,,,,,,,,,,,,,,,,,,,,,,
,,,,,,,,,,,,,,,,,,,,,,,,,,,,,,,,,4.30,,,,,,,,,,,,,,,,,,,,,,,,,,,,,,,,,,,,,,,
,,,,,,,,,,,,,,,,,,,,,,,,,,,,,,,,,3.09,,,,,,,,,,,,,,,,,,,,,,,,,,,,,,,,,,,,,,,
,,,,,,,,,,,,,,,,,,,,,,,,,,,,,,,,,5.60,,,,,,,,,,,,,,,,,,,,,,,,,,,,,,,,,,,,,,,
,,,,,,,,,,,,,,,,,,,,,,,,,,,,,,,,,5.13,,,,,,,,,,,,,,,,,,,,,,,,,,,,,,,,,,,,,,,
,,,,,,,,,,,,,,,,,,,,,,,,,,,,,,,,,4.49,,,,,,,,,,,,,,,,,,,,,,,,,,,,,,,,,,,,,,,
,,,,,,,,,,,,,,,,,,,,,,,,,,,,,,,,,3.66,,,,,,,,,,,,,,,,,,,,,,,,,,,,,,,,,,,,,,,
,,,,,,,,,,,,,,,,,,,,,,,,,,,,,,,,,2.65,,,,,,,,,,,,,,,,,,,,,,,,,,,,,,,,,,,,,,,
,,,,,,,,,,,,,,,,,,,,,,,,,,,,,,,,,3.66,,,,,,,,,,,,,,,,,,,,,,,,,,,,,,,,,,,,,,,
,,,,,,,,,,,,,,,,,,,,,,,,,,,,,,,,,3.02,,,,,,,,,,,,,,,,,,,,,,,,,,,,,,,,,,,,,,,
,,,,,,,,,,,,,,,,,,,,,,,,,,,,,,,,,2.21,,,,,,,,,,,,,,,,,,,,,,,,,,,,,,,,,,,,,,,
,,,,,,,,,,,,,,,,,,,,,,,,,,,,,,,,,6.49,,,,,,,,,,,,,,,,,,,,,,,,,,,,,,,,,,,,,,,
,,,,,,,,,,,,,,,,,,,,,,,,,,,,,,,,,5.84,,,,,,,,,,,,,,,,,,,,,,,,,,,,,,,,,,,,,,,
,,,,,,,,,,,,,,,,,,,,,,,,,,,,,,,,,5.04,,,,,,,,,,,,,,,,,,,,,,,,,,,,,,,,,,,,,,,
,,,,,,,,,,,,,,,,,,,,,,,,,,,,,,,,,4.05,,,,,,,,,,,,,,,,,,,,,,,,,,,,,,,,,,,,,,,
,,,,,,,,,,,,,,,,,,,,,,,,,,,,,,,,,2.90,,,,,,,,,,,,,,,,,,,,,,,,,,,,,,,,,,,,,,,
,,,,,,,,,,,,,,,,,,,,,,,,,,,,,,,,,4.75,,,,,,,,,,,,,,,,,,,,,,,,,,,,,,,,,,,,,,,
,,,,,,,,,,,,,,,,,,,,,,,,,,,,,,,,,4.34,,,,,,,,,,,,,,,,,,,,,,,,,,,,,,,,,,,,,,,
,,,,,,,,,,,,,,,,,,,,,,,,,,,,,,,,,3.79,,,,,,,,,,,,,,,,,,,,,,,,,,,,,,,,,,,,,,,
,,,,,,,,,,,,,,,,,,,,,,,,,,,,,,,,,3.09,,,,,,,,,,,,,,,,,,,,,,,,,,,,,,,,,,,,,,,
,,,,,,,,,,,,,,,,,,,,,,,,,,,,,,,,,2.23,,,,,,,,,,,,,,,,,,,,,,,,,,,,,,,,,,,,,,,
,,,,,,,,,,,,,,,,,,,,,,,,,,,,,,,,,3.17,,,,,,,,,,,,,,,,,,,,,,,,,,,,,,,,,,,,,,,
,,,,,,,,,,,,,,,,,,,,,,,,,,,,,,,,,2.61,,,,,,,,,,,,,,,,,,,,,,,,,,,,,,,,,,,,,,,
,,,,,,,,,,,,,,,,,,,,,,,,,,,,,,,,,1.90,,,,,,,,,,,,,,,,,,,,,,,,,,,,,,,,,,,,,,,
,,,,,,,,,,,,,,,,,,,,,,,,,,,,,,,,,2.55,,,,,,,,,,,,,,,,,,,,,,,,,,,,,,,,,,,,,,,
,,,,,,,,,,,,,,,,,,,,,,,,,,,,,,,,,2.12,,,,,,,,,,,,,,,,,,,,,,,,,,,,,,,,,,,,,,,
,,,,,,,,,,,,,,,,,,,,,,,,,,,,,,,,,1.57,,,,,,,,,,,,,,,,,,,,,,,,,,,,,,,,,,,,,,,
,,,,,,,,,,,,,,,,,,,,,,,,,,,,,,,,,3.78,,,,,,,,,,,,,,,,,,,,,,,,,,,,,,,,,,,,,,,
,,,,,,,,,,,,,,,,,,,,,,,,,,,,,,,,,3.45,,,,,,,,,,,,,,,,,,,,,,,,,,,,,,,,,,,,,,,
,,,,,,,,,,,,,,,,,,,,,,,,,,,,,,,,,3.02,,,,,,,,,,,,,,,,,,,,,,,,,,,,,,,,,,,,,,,
,,,,,,,,,,,,,,,,,,,,,,,,,,,,,,,,,2.46,,,,,,,,,,,,,,,,,,,,,,,,,,,,,,,,,,,,,,,
,,,,,,,,,,,,,,,,,,,,,,,,,,,,,,,,,1.78,,,,,,,,,,,,,,,,,,,,,,,,,,,,,,,,,,,,,,,
,,,,,,,,,,,,,,,,,,,,,,,,,,,,,,,,,2.92,,,,,,,,,,,,,,,,,,,,,,,,,,,,,,,,,,,,,,,
,,,,,,,,,,,,,,,,,,,,,,,,,,,,,,,,,2.57,,,,,,,,,,,,,,,,,,,,,,,,,,,,,,,,,,,,,,,
,,,,,,,,,,,,,,,,,,,,,,,,,,,,,,,,,2.11,,,,,,,,,,,,,,,,,,,,,,,,,,,,,,,,,,,,,,,
,,,,,,,,,,,,,,,,,,,,,,,,,,,,,,,,,1.54,,,,,,,,,,,,,,,,,,,,,,,,,,,,,,,,,,,,,,,
,,,,,,,,,,,,,,,,,,,,,,,,,,,,,,,,,2.38,,,,,,,,,,,,,,,,,,,,,,,,,,,,,,,,,,,,,,,
,,,,,,,,,,,,,,,,,,,,,,,,,,,,,,,,,2.13,,,,,,,,,,,,,,,,,,,,,,,,,,,,,,,,,,,,,,,
,,,,,,,,,,,,,,,,,,,,,,,,,,,,,,,,,1.77,,,,,,,,,,,,,,,,,,,,,,,,,,,,,,,,,,,,,,,
,,,,,,,,,,,,,,,,,,,,,,,,,,,,,,,,,1.30,,,,,,,,,,,,,,,,,,,,,,,,,,,,,,,,,,,,,,,
,,,,,,,,,,,,,,,,,,,,,,,,,,,,,,,,,1.68,,,,,,,,,,,,,,,,,,,,,,,,,,,,,,,,,,,,,,,
,,,,,,,,,,,,,,,,,,,,,,,,,,,,,,,,,1.42,,,,,,,,,,,,,,,,,,,,,,,,,,,,,,,,,,,,,,,
,,,,,,,,,,,,,,,,,,,,,,,,,,,,,,,,,1.06,,,,,,,,,,,,,,,,,,,,,,,,,,,,,,,,,,,,,,,
,,,,,,,,,,,,,,,,,,,,,,,,,,,,,,,,,1.07,,,,,,,,,,,,,,,,,,,,,,,,,,,,,,,,,,,,,,,
,,,,,,,,,,,,,,,,,,,,,,,,,,,,,,,,,0.817,,,,,,,,,,,,,,,,,,,,,,,,,,,,,,,,,,,,,,,
,,,,,,,,,,,,,,,,,,,,,,,,,,,,,,,,,1.82,,,,,,,,,,,,,,,,,,,,,,,,,,,,,,,,,,,,,,,
,,,,,,,,,,,,,,,,,,,,,,,,,,,,,,,,,1.63,,,,,,,,,,,,,,,,,,,,,,,,,,,,,,,,,,,,,,,
,,,,,,,,,,,,,,,,,,,,,,,,,,,,,,,,,1.35,,,,,,,,,,,,,,,,,,,,,,,,,,,,,,,,,,,,,,,
,,,,,,,,,,,,,,,,,,,,,,,,,,,,,,,,,0.998,,,,,,,,,,,,,,,,,,,,,,,,,,,,,,,,,,,,,,,
,,,,,,,,,,,,,,,,,,,,,,,,,,,,,,,,,1.33,,,,,,,,,,,,,,,,,,,,,,,,,,,,,,,,,,,,,,,
,,,,,,,,,,,,,,,,,,,,,,,,,,,,,,,,,1.12,,,,,,,,,,,,,,,,,,,,,,,,,,,,,,,,,,,,,,,
,,,,,,,,,,,,,,,,,,,,,,,,,,,,,,,,,0.833,,,,,,,,,,,,,,,,,,,,,,,,,,,,,,,,,,,,,,,
,,,,,,,,,,,,,,,,,,,,,,,,,,,,,,,,,1.03,,,,,,,,,,,,,,,,,,,,,,,,,,,,,,,,,,,,,,,
,,,,,,,,,,,,,,,,,,,,,,,,,,,,,,,,,0.882,,,,,,,,,,,,,,,,,,,,,,,,,,,,,,,,,,,,,,,
,,,,,,,,,,,,,,,,,,,,,,,,,,,,,,,,,0.668,,,,,,,,,,,,,,,,,,,,,,,,,,,,,,,,,,,,,,,
,,,,,,,,,,,,,,,,,,,,,,,,,,,,,,,,,0.646,,,,,,,,,,,,,,,,,,,,,,,,,,,,,,,,,,,,,,,
,,,,,,,,,,,,,,,,,,,,,,,,,,,,,,,,,0.503,,,,,,,,,,,,,,,,,,,,,,,,,,,,,,,,,,,,,,,
,,,,,,,,,,,,,,,,,,,,,,,,,,,,,,,,,1.13,,,,,,,,,,,,,,,,,,,,,,,,,,,,,,,,,,,,,,,
,,,,,,,,,,,,,,,,,,,,,,,,,,,,,,,,,0.953,,,,,,,,,,,,,,,,,,,,,,,,,,,,,,,,,,,,,,,
,,,,,,,,,,,,,,,,,,,,,,,,,,,,,,,,,0.712,,,,,,,,,,,,,,,,,,,,,,,,,,,,,,,,,,,,,,,
,,,,,,,,,,,,,,,,,,,,,,,,,,,,,,,,,0.747,,,,,,,,,,,,,,,,,,,,,,,,,,,,,,,,,,,,,,,
,,,,,,,,,,,,,,,,,,,,,,,,,,,,,,,,,0.641,,,,,,,,,,,,,,,,,,,,,,,,,,,,,,,,,,,,,,,
,,,,,,,,,,,,,,,,,,,,,,,,,,,,,,,,,0.486,,,,,,,,,,,,,,,,,,,,,,,,,,,,,,,,,,,,,,,
,,,,,,,,,,,,,,,,,,,,,,,,,,,,,,,,,0.495,,,,,,,,,,,,,,,,,,,,,,,,,,,,,,,,,,,,,,,
,,,,,,,,,,,,,,,,,,,,,,,,,,,,,,,,,0.383,,,,,,,,,,,,,,,,,,,,,,,,,,,,,,,,,,,,,,,
,,,,,,,,,,,,,,,,,,,,,,,,,,,,,,,,,0.350,,,,,,,,,,,,,,,,,,,,,,,,,,,,,,,,,,,,,,,
,,,,,,,,,,,,,,,,,,,,,,,,,,,,,,,,,0.280,,,,,,,,,,,,,,,,,,,,,,,,,,,,,,,,,,,,,,,
,,,,,,,,,,,,,,,,,,,,,,,,,,,,,,,,,0.260,,,,,,,,,,,,,,,,,,,,,,,,,,,,,,,,,,,,,,,
,,,,,,,,,,,,,,,,,,,,,,,,,,,,,,,,,0.236,,,,,,,,,,,,,,,,,,,,,,,,,,,,,,,,,,,,,,,
,,,,,,,,,,,,,,,,,,,,,,,,,,,,,,,,,0.188,,,,,,,,,,,,,,,,,,,,,,,,,,,,,,,,,,,,,,,
,,,,,,,,,,,,,,,,,,,,,,,,,,,,,,,,,7250,,,,,,,,,,,,,,,,,,,,,,,,,,,,,,,,,,,,,,,
,,,,,,,,,,,,,,,,,,,,,,,,,,,,,,,,,6430,,,,,,,,,,,,,,,,,,,,,,,,,,,,,,,,,,,,,,,
,,,,,,,,,,,,,,,,,,,,,,,,,,,,,,,,,5580,,,,,,,,,,,,,,,,,,,,,,,,,,,,,,,,,,,,,,,
,,,,,,,,,,,,,,,,,,,,,,,,,,,,,,,,,4710,,,,,,,,,,,,,,,,,,,,,,,,,,,,,,,,,,,,,,,
,,,,,,,,,,,,,,,,,,,,,,,,,,,,,,,,,3810,,,,,,,,,,,,,,,,,,,,,,,,,,,,,,,,,,,,,,,
,,,,,,,,,,,,,,,,,,,,,,,,,,,,,,,,,2900,,,,,,,,,,,,,,,,,,,,,,,,,,,,,,,,,,,,,,,
,,,,,,,,,,,,,,,,,,,,,,,,,,,,,,,,,4440,,,,,,,,,,,,,,,,,,,,,,,,,,,,,,,,,,,,,,,
,,,,,,,,,,,,,,,,,,,,,,,,,,,,,,,,,3750,,,,,,,,,,,,,,,,,,,,,,,,,,,,,,,,,,,,,,,
,,,,,,,,,,,,,,,,,,,,,,,,,,,,,,,,,3040,,,,,,,,,,,,,,,,,,,,,,,,,,,,,,,,,,,,,,,
,,,,,,,,,,,,,,,,,,,,,,,,,,,,,,,,,2310,,,,,,,,,,,,,,,,,,,,,,,,,,,,,,,,,,,,,,,
,,,,,,,,,,,,,,,,,,,,,,,,,,,,,,,,,1940,,,,,,,,,,,,,,,,,,,,,,,,,,,,,,,,,,,,,,,
,,,,,,,,,,,,,,,,,,,,,,,,,,,,,,,,,4490,,,,,,,,,,,,,,,,,,,,,,,,,,,,,,,,,,,,,,,
,,,,,,,,,,,,,,,,,,,,,,,,,,,,,,,,,3990,,,,,,,,,,,,,,,,,,,,,,,,,,,,,,,,,,,,,,,
,,,,,,,,,,,,,,,,,,,,,,,,,,,,,,,,,3470,,,,,,,,,,,,,,,,,,,,,,,,,,,,,,,,,,,,,,,
,,,,,,,,,,,,,,,,,,,,,,,,,,,,,,,,,2930,,,,,,,,,,,,,,,,,,,,,,,,,,,,,,,,,,,,,,,
,,,,,,,,,,,,,,,,,,,,,,,,,,,,,,,,,2380,,,,,,,,,,,,,,,,,,,,,,,,,,,,,,,,,,,,,,,
,,,,,,,,,,,,,,,,,,,,,,,,,,,,,,,,,1810,,,,,,,,,,,,,,,,,,,,,,,,,,,,,,,,,,,,,,,
,,,,,,,,,,,,,,,,,,,,,,,,,,,,,,,,,1520,,,,,,,,,,,,,,,,,,,,,,,,,,,,,,,,,,,,,,,
,,,,,,,,,,,,,,,,,,,,,,,,,,,,,,,,,2650,,,,,,,,,,,,,,,,,,,,,,,,,,,,,,,,,,,,,,,
,,,,,,,,,,,,,,,,,,,,,,,,,,,,,,,,,2240,,,,,,,,,,,,,,,,,,,,,,,,,,,,,,,,,,,,,,,
,,,,,,,,,,,,,,,,,,,,,,,,,,,,,,,,,1820,,,,,,,,,,,,,,,,,,,,,,,,,,,,,,,,,,,,,,,
,,,,,,,,,,,,,,,,,,,,,,,,,,,,,,,,,1390,,,,,,,,,,,,,,,,,,,,,,,,,,,,,,,,,,,,,,,
,,,,,,,,,,,,,,,,,,,,,,,,,,,,,,,,,1170,,,,,,,,,,,,,,,,,,,,,,,,,,,,,,,,,,,,,,,
,,,,,,,,,,,,,,,,,,,,,,,,,,,,,,,,,2540,,,,,,,,,,,,,,,,,,,,,,,,,,,,,,,,,,,,,,,
,,,,,,,,,,,,,,,,,,,,,,,,,,,,,,,,,2260,,,,,,,,,,,,,,,,,,,,,,,,,,,,,,,,,,,,,,,
,,,,,,,,,,,,,,,,,,,,,,,,,,,,,,,,,1970,,,,,,,,,,,,,,,,,,,,,,,,,,,,,,,,,,,,,,,
,,,,,,,,,,,,,,,,,,,,,,,,,,,,,,,,,1670,,,,,,,,,,,,,,,,,,,,,,,,,,,,,,,,,,,,,,,
,,,,,,,,,,,,,,,,,,,,,,,,,,,,,,,,,1360,,,,,,,,,,,,,,,,,,,,,,,,,,,,,,,,,,,,,,,
,,,,,,,,,,,,,,,,,,,,,,,,,,,,,,,,,1040,,,,,,,,,,,,,,,,,,,,,,,,,,,,,,,,,,,,,,,
,,,,,,,,,,,,,,,,,,,,,,,,,,,,,,,,,874,,,,,,,,,,,,,,,,,,,,,,,,,,,,,,,,,,,,,,,
,,,,,,,,,,,,,,,,,,,,,,,,,,,,,,,,,705,,,,,,,,,,,,,,,,,,,,,,,,,,,,,,,,,,,,,,,
,,,,,,,,,,,,,,,,,,,,,,,,,,,,,,,,,1820,,,,,,,,,,,,,,,,,,,,,,,,,,,,,,,,,,,,,,,
,,,,,,,,,,,,,,,,,,,,,,,,,,,,,,,,,1630,,,,,,,,,,,,,,,,,,,,,,,,,,,,,,,,,,,,,,,
,,,,,,,,,,,,,,,,,,,,,,,,,,,,,,,,,1420,,,,,,,,,,,,,,,,,,,,,,,,,,,,,,,,,,,,,,,
,,,,,,,,,,,,,,,,,,,,,,,,,,,,,,,,,1210,,,,,,,,,,,,,,,,,,,,,,,,,,,,,,,,,,,,,,,
,,,,,,,,,,,,,,,,,,,,,,,,,,,,,,,,,985,,,,,,,,,,,,,,,,,,,,,,,,,,,,,,,,,,,,,,,
,,,,,,,,,,,,,,,,,,,,,,,,,,,,,,,,,754,,,,,,,,,,,,,,,,,,,,,,,,,,,,,,,,,,,,,,,
,,,,,,,,,,,,,,,,,,,,,,,,,,,,,,,,,634,,,,,,,,,,,,,,,,,,,,,,,,,,,,,,,,,,,,,,,
,,,,,,,,,,,,,,,,,,,,,,,,,,,,,,,,,512,,,,,,,,,,,,,,,,,,,,,,,,,,,,,,,,,,,,,,,
,,,,,,,,,,,,,,,,,,,,,,,,,,,,,,,,,1250,,,,,,,,,,,,,,,,,,,,,,,,,,,,,,,,,,,,,,,
,,,,,,,,,,,,,,,,,,,,,,,,,,,,,,,,,1120,,,,,,,,,,,,,,,,,,,,,,,,,,,,,,,,,,,,,,,
,,,,,,,,,,,,,,,,,,,,,,,,,,,,,,,,,984,,,,,,,,,,,,,,,,,,,,,,,,,,,,,,,,,,,,,,,
,,,,,,,,,,,,,,,,,,,,,,,,,,,,,,,,,838,,,,,,,,,,,,,,,,,,,,,,,,,,,,,,,,,,,,,,,
,,,,,,,,,,,,,,,,,,,,,,,,,,,,,,,,,685,,,,,,,,,,,,,,,,,,,,,,,,,,,,,,,,,,,,,,,
,,,,,,,,,,,,,,,,,,,,,,,,,,,,,,,,,606,,,,,,,,,,,,,,,,,,,,,,,,,,,,,,,,,,,,,,,
,,,,,,,,,,,,,,,,,,,,,,,,,,,,,,,,,526,,,,,,,,,,,,,,,,,,,,,,,,,,,,,,,,,,,,,,,
,,,,,,,,,,,,,,,,,,,,,,,,,,,,,,,,,443,,,,,,,,,,,,,,,,,,,,,,,,,,,,,,,,,,,,,,,
,,,,,,,,,,,,,,,,,,,,,,,,,,,,,,,,,359,,,,,,,,,,,,,,,,,,,,,,,,,,,,,,,,,,,,,,,
,,,,,,,,,,,,,,,,,,,,,,,,,,,,,,,,,820,,,,,,,,,,,,,,,,,,,,,,,,,,,,,,,,,,,,,,,
,,,,,,,,,,,,,,,,,,,,,,,,,,,,,,,,,735,,,,,,,,,,,,,,,,,,,,,,,,,,,,,,,,,,,,,,,
,,,,,,,,,,,,,,,,,,,,,,,,,,,,,,,,,647,,,,,,,,,,,,,,,,,,,,,,,,,,,,,,,,,,,,,,,
,,,,,,,,,,,,,,,,,,,,,,,,,,,,,,,,,552,,,,,,,,,,,,,,,,,,,,,,,,,,,,,,,,,,,,,,,
,,,,,,,,,,,,,,,,,,,,,,,,,,,,,,,,,453,,,,,,,,,,,,,,,,,,,,,,,,,,,,,,,,,,,,,,,
,,,,,,,,,,,,,,,,,,,,,,,,,,,,,,,,,349,,,,,,,,,,,,,,,,,,,,,,,,,,,,,,,,,,,,,,,
,,,,,,,,,,,,,,,,,,,,,,,,,,,,,,,,,295,,,,,,,,,,,,,,,,,,,,,,,,,,,,,,,,,,,,,,,
,,,,,,,,,,,,,,,,,,,,,,,,,,,,,,,,,239,,,,,,,,,,,,,,,,,,,,,,,,,,,,,,,,,,,,,,,
,,,,,,,,,,,,,,,,,,,,,,,,,,,,,,,,,181,,,,,,,,,,,,,,,,,,,,,,,,,,,,,,,,,,,,,,,
,,,,,,,,,,,,,,,,,,,,,,,,,,,,,,,,,479,,,,,,,,,,,,,,,,,,,,,,,,,,,,,,,,,,,,,,,
,,,,,,,,,,,,,,,,,,,,,,,,,,,,,,,,,393,,,,,,,,,,,,,,,,,,,,,,,,,,,,,,,,,,,,,,,
,,,,,,,,,,,,,,,,,,,,,,,,,,,,,,,,,303,,,,,,,,,,,,,,,,,,,,,,,,,,,,,,,,,,,,,,,
,,,,,,,,,,,,,,,,,,,,,,,,,,,,,,,,,256,,,,,,,,,,,,,,,,,,,,,,,,,,,,,,,,,,,,,,,
,,,,,,,,,,,,,,,,,,,,,,,,,,,,,,,,,207,,,,,,,,,,,,,,,,,,,,,,,,,,,,,,,,,,,,,,,
,,,,,,,,,,,,,,,,,,,,,,,,,,,,,,,,,158,,,,,,,,,,,,,,,,,,,,,,,,,,,,,,,,,,,,,,,
,,,,,,,,,,,,,,,,,,,,,,,,,,,,,,,,,481,,,,,,,,,,,,,,,,,,,,,,,,,,,,,,,,,,,,,,,
,,,,,,,,,,,,,,,,,,,,,,,,,,,,,,,,,412,,,,,,,,,,,,,,,,,,,,,,,,,,,,,,,,,,,,,,,
,,,,,,,,,,,,,,,,,,,,,,,,,,,,,,,,,339,,,,,,,,,,,,,,,,,,,,,,,,,,,,,,,,,,,,,,,
,,,,,,,,,,,,,,,,,,,,,,,,,,,,,,,,,262,,,,,,,,,,,,,,,,,,,,,,,,,,,,,,,,,,,,,,,
,,,,,,,,,,,,,,,,,,,,,,,,,,,,,,,,,180,,,,,,,,,,,,,,,,,,,,,,,,,,,,,,,,,,,,,,,
,,,,,,,,,,,,,,,,,,,,,,,,,,,,,,,,,136,,,,,,,,,,,,,,,,,,,,,,,,,,,,,,,,,,,,,,,
,,,,,,,,,,,,,,,,,,,,,,,,,,,,,,,,,341,,,,,,,,,,,,,,,,,,,,,,,,,,,,,,,,,,,,,,,
,,,,,,,,,,,,,,,,,,,,,,,,,,,,,,,,,281,,,,,,,,,,,,,,,,,,,,,,,,,,,,,,,,,,,,,,,
,,,,,,,,,,,,,,,,,,,,,,,,,,,,,,,,,217,,,,,,,,,,,,,,,,,,,,,,,,,,,,,,,,,,,,,,,
,,,,,,,,,,,,,,,,,,,,,,,,,,,,,,,,,149,,,,,,,,,,,,,,,,,,,,,,,,,,,,,,,,,,,,,,,
,,,,,,,,,,,,,,,,,,,,,,,,,,,,,,,,,319,,,,,,,,,,,,,,,,,,,,,,,,,,,,,,,,,,,,,,,
,,,,,,,,,,,,,,,,,,,,,,,,,,,,,,,,,263,,,,,,,,,,,,,,,,,,,,,,,,,,,,,,,,,,,,,,,
,,,,,,,,,,,,,,,,,,,,,,,,,,,,,,,,,203,,,,,,,,,,,,,,,,,,,,,,,,,,,,,,,,,,,,,,,
,,,,,,,,,,,,,,,,,,,,,,,,,,,,,,,,,184,,,,,,,,,,,,,,,,,,,,,,,,,,,,,,,,,,,,,,,
,,,,,,,,,,,,,,,,,,,,,,,,,,,,,,,,,140,,,,,,,,,,,,,,,,,,,,,,,,,,,,,,,,,,,,,,,
,,,,,,,,,,,,,,,,,,,,,,,,,,,,,,,,,241,,,,,,,,,,,,,,,,,,,,,,,,,,,,,,,,,,,,,,,
,,,,,,,,,,,,,,,,,,,,,,,,,,,,,,,,,199,,,,,,,,,,,,,,,,,,,,,,,,,,,,,,,,,,,,,,,
,,,,,,,,,,,,,,,,,,,,,,,,,,,,,,,,,154,,,,,,,,,,,,,,,,,,,,,,,,,,,,,,,,,,,,,,,
,,,,,,,,,,,,,,,,,,,,,,,,,,,,,,,,,131,,,,,,,,,,,,,,,,,,,,,,,,,,,,,,,,,,,,,,,
,,,,,,,,,,,,,,,,,,,,,,,,,,,,,,,,,106,,,,,,,,,,,,,,,,,,,,,,,,,,,,,,,,,,,,,,,
,,,,,,,,,,,,,,,,,,,,,,,,,,,,,,,,,81.0,,,,,,,,,,,,,,,,,,,,,,,,,,,,,,,,,,,,,,,
,,,,,,,,,,,,,,,,,,,,,,,,,,,,,,,,,191,,,,,,,,,,,,,,,,,,,,,,,,,,,,,,,,,,,,,,,
,,,,,,,,,,,,,,,,,,,,,,,,,,,,,,,,,159,,,,,,,,,,,,,,,,,,,,,,,,,,,,,,,,,,,,,,,
,,,,,,,,,,,,,,,,,,,,,,,,,,,,,,,,,123,,,,,,,,,,,,,,,,,,,,,,,,,,,,,,,,,,,,,,,
,,,,,,,,,,,,,,,,,,,,,,,,,,,,,,,,,105,,,,,,,,,,,,,,,,,,,,,,,,,,,,,,,,,,,,,,,
,,,,,,,,,,,,,,,,,,,,,,,,,,,,,,,,,85.3,,,,,,,,,,,,,,,,,,,,,,,,,,,,,,,,,,,,,,,
,,,,,,,,,,,,,,,,,,,,,,,,,,,,,,,,,64.8,,,,,,,,,,,,,,,,,,,,,,,,,,,,,,,,,,,,,,,
,,,,,,,,,,,,,,,,,,,,,,,,,,,,,,,,,170,,,,,,,,,,,,,,,,,,,,,,,,,,,,,,,,,,,,,,,
,,,,,,,,,,,,,,,,,,,,,,,,,,,,,,,,,141,,,,,,,,,,,,,,,,,,,,,,,,,,,,,,,,,,,,,,,
,,,,,,,,,,,,,,,,,,,,,,,,,,,,,,,,,110,,,,,,,,,,,,,,,,,,,,,,,,,,,,,,,,,,,,,,,
,,,,,,,,,,,,,,,,,,,,,,,,,,,,,,,,,93.0,,,,,,,,,,,,,,,,,,,,,,,,,,,,,,,,,,,,,,,
,,,,,,,,,,,,,,,,,,,,,,,,,,,,,,,,,75.9,,,,,,,,,,,,,,,,,,,,,,,,,,,,,,,,,,,,,,,
,,,,,,,,,,,,,,,,,,,,,,,,,,,,,,,,,57.7,,,,,,,,,,,,,,,,,,,,,,,,,,,,,,,,,,,,,,,
,,,,,,,,,,,,,,,,,,,,,,,,,,,,,,,,,119,,,,,,,,,,,,,,,,,,,,,,,,,,,,,,,,,,,,,,,
,,,,,,,,,,,,,,,,,,,,,,,,,,,,,,,,,100,,,,,,,,,,,,,,,,,,,,,,,,,,,,,,,,,,,,,,,
,,,,,,,,,,,,,,,,,,,,,,,,,,,,,,,,,77.8,,,,,,,,,,,,,,,,,,,,,,,,,,,,,,,,,,,,,,,
,,,,,,,,,,,,,,,,,,,,,,,,,,,,,,,,,68.1,,,,,,,,,,,,,,,,,,,,,,,,,,,,,,,,,,,,,,,
,,,,,,,,,,,,,,,,,,,,,,,,,,,,,,,,,54.1,,,,,,,,,,,,,,,,,,,,,,,,,,,,,,,,,,,,,,,
,,,,,,,,,,,,,,,,,,,,,,,,,,,,,,,,,41.3,,,,,,,,,,,,,,,,,,,,,,,,,,,,,,,,,,,,,,,
,,,,,,,,,,,,,,,,,,,,,,,,,,,,,,,,,63.9,,,,,,,,,,,,,,,,,,,,,,,,,,,,,,,,,,,,,,,
,,,,,,,,,,,,,,,,,,,,,,,,,,,,,,,,,50.2,,,,,,,,,,,,,,,,,,,,,,,,,,,,,,,,,,,,,,,
,,,,,,,,,,,,,,,,,,,,,,,,,,,,,,,,,42.9,,,,,,,,,,,,,,,,,,,,,,,,,,,,,,,,,,,,,,,
,,,,,,,,,,,,,,,,,,,,,,,,,,,,,,,,,35.2,,,,,,,,,,,,,,,,,,,,,,,,,,,,,,,,,,,,,,,
,,,,,,,,,,,,,,,,,,,,,,,,,,,,,,,,,26.9,,,,,,,,,,,,,,,,,,,,,,,,,,,,,,,,,,,,,,,
,,,,,,,,,,,,,,,,,,,,,,,,,,,,,,,,,51.2,,,,,,,,,,,,,,,,,,,,,,,,,,,,,,,,,,,,,,,
,,,,,,,,,,,,,,,,,,,,,,,,,,,,,,,,,40.4,,,,,,,,,,,,,,,,,,,,,,,,,,,,,,,,,,,,,,,
,,,,,,,,,,,,,,,,,,,,,,,,,,,,,,,,,34.6,,,,,,,,,,,,,,,,,,,,,,,,,,,,,,,,,,,,,,,
,,,,,,,,,,,,,,,,,,,,,,,,,,,,,,,,,28.4,,,,,,,,,,,,,,,,,,,,,,,,,,,,,,,,,,,,,,,
,,,,,,,,,,,,,,,,,,,,,,,,,,,,,,,,,21.7,,,,,,,,,,,,,,,,,,,,,,,,,,,,,,,,,,,,,,,
,,,,,,,,,,,,,,,,,,,,,,,,,,,,,,,,,14.9,,,,,,,,,,,,,,,,,,,,,,,,,,,,,,,,,,,,,,,
,,,,,,,,,,,,,,,,,,,,,,,,,,,,,,,,,38.2,,,,,,,,,,,,,,,,,,,,,,,,,,,,,,,,,,,,,,,
,,,,,,,,,,,,,,,,,,,,,,,,,,,,,,,,,32.7,,,,,,,,,,,,,,,,,,,,,,,,,,,,,,,,,,,,,,,
,,,,,,,,,,,,,,,,,,,,,,,,,,,,,,,,,26.8,,,,,,,,,,,,,,,,,,,,,,,,,,,,,,,,,,,,,,,
,,,,,,,,,,,,,,,,,,,,,,,,,,,,,,,,,20.6,,,,,,,,,,,,,,,,,,,,,,,,,,,,,,,,,,,,,,,
,,,,,,,,,,,,,,,,,,,,,,,,,,,,,,,,,42.9,,,,,,,,,,,,,,,,,,,,,,,,,,,,,,,,,,,,,,,
,,,,,,,,,,,,,,,,,,,,,,,,,,,,,,,,,38.2,,,,,,,,,,,,,,,,,,,,,,,,,,,,,,,,,,,,,,,
,,,,,,,,,,,,,,,,,,,,,,,,,,,,,,,,,34.0,,,,,,,,,,,,,,,,,,,,,,,,,,,,,,,,,,,,,,,
,,,,,,,,,,,,,,,,,,,,,,,,,,,,,,,,,29.1,,,,,,,,,,,,,,,,,,,,,,,,,,,,,,,,,,,,,,,
,,,,,,,,,,,,,,,,,,,,,,,,,,,,,,,,,26.4,,,,,,,,,,,,,,,,,,,,,,,,,,,,,,,,,,,,,,,
,,,,,,,,,,,,,,,,,,,,,,,,,,,,,,,,,23.9,,,,,,,,,,,,,,,,,,,,,,,,,,,,,,,,,,,,,,,
,,,,,,,,,,,,,,,,,,,,,,,,,,,,,,,,,18.4,,,,,,,,,,,,,,,,,,,,,,,,,,,,,,,,,,,,,,,
,,,,,,,,,,,,,,,,,,,,,,,,,,,,,,,,,12.6,,,,,,,,,,,,,,,,,,,,,,,,,,,,,,,,,,,,,,,
,,,,,,,,,,,,,,,,,,,,,,,,,,,,,,,,,31.2,,,,,,,,,,,,,,,,,,,,,,,,,,,,,,,,,,,,,,,
,,,,,,,,,,,,,,,,,,,,,,,,,,,,,,,,,24.8,,,,,,,,,,,,,,,,,,,,,,,,,,,,,,,,,,,,,,,
,,,,,,,,,,,,,,,,,,,,,,,,,,,,,,,,,21.3,,,,,,,,,,,,,,,,,,,,,,,,,,,,,,,,,,,,,,,
,,,,,,,,,,,,,,,,,,,,,,,,,,,,,,,,,19.3,,,,,,,,,,,,,,,,,,,,,,,,,,,,,,,,,,,,,,,
,,,,,,,,,,,,,,,,,,,,,,,,,,,,,,,,,17.6,,,,,,,,,,,,,,,,,,,,,,,,,,,,,,,,,,,,,,,
,,,,,,,,,,,,,,,,,,,,,,,,,,,,,,,,,13.5,,,,,,,,,,,,,,,,,,,,,,,,,,,,,,,,,,,,,,,
,,,,,,,,,,,,,,,,,,,,,,,,,,,,,,,,,9.28,,,,,,,,,,,,,,,,,,,,,,,,,,,,,,,,,,,,,,,
,,,,,,,,,,,,,,,,,,,,,,,,,,,,,,,,,24.4,,,,,,,,,,,,,,,,,,,,,,,,,,,,,,,,,,,,,,,
,,,,,,,,,,,,,,,,,,,,,,,,,,,,,,,,,19.5,,,,,,,,,,,,,,,,,,,,,,,,,,,,,,,,,,,,,,,
,,,,,,,,,,,,,,,,,,,,,,,,,,,,,,,,,14.2,,,,,,,,,,,,,,,,,,,,,,,,,,,,,,,,,,,,,,,
,,,,,,,,,,,,,,,,,,,,,,,,,,,,,,,,,10.7,,,,,,,,,,,,,,,,,,,,,,,,,,,,,,,,,,,,,,,
,,,,,,,,,,,,,,,,,,,,,,,,,,,,,,,,,7.84,,,,,,,,,,,,,,,,,,,,,,,,,,,,,,,,,,,,,,,
,,,,,,,,,,,,,,,,,,,,,,,,,,,,,,,,,23.5,,,,,,,,,,,,,,,,,,,,,,,,,,,,,,,,,,,,,,,
,,,,,,,,,,,,,,,,,,,,,,,,,,,,,,,,,18.8,,,,,,,,,,,,,,,,,,,,,,,,,,,,,,,,,,,,,,,
,,,,,,,,,,,,,,,,,,,,,,,,,,,,,,,,,13.7,,,,,,,,,,,,,,,,,,,,,,,,,,,,,,,,,,,,,,,
,,,,,,,,,,,,,,,,,,,,,,,,,,,,,,,,,17.2,,,,,,,,,,,,,,,,,,,,,,,,,,,,,,,,,,,,,,,
,,,,,,,,,,,,,,,,,,,,,,,,,,,,,,,,,13.9,,,,,,,,,,,,,,,,,,,,,,,,,,,,,,,,,,,,,,,
,,,,,,,,,,,,,,,,,,,,,,,,,,,,,,,,,12.0,,,,,,,,,,,,,,,,,,,,,,,,,,,,,,,,,,,,,,,
,,,,,,,,,,,,,,,,,,,,,,,,,,,,,,,,,10.2,,,,,,,,,,,,,,,,,,,,,,,,,,,,,,,,,,,,,,,
,,,,,,,,,,,,,,,,,,,,,,,,,,,,,,,,,9.94,,,,,,,,,,,,,,,,,,,,,,,,,,,,,,,,,,,,,,,
,,,,,,,,,,,,,,,,,,,,,,,,,,,,,,,,,7.69,,,,,,,,,,,,,,,,,,,,,,,,,,,,,,,,,,,,,,,
,,,,,,,,,,,,,,,,,,,,,,,,,,,,,,,,,5.31,,,,,,,,,,,,,,,,,,,,,,,,,,,,,,,,,,,,,,,
,,,,,,,,,,,,,,,,,,,,,,,,,,,,,,,,,9.87,,,,,,,,,,,,,,,,,,,,,,,,,,,,,,,,,,,,,,,
,,,,,,,,,,,,,,,,,,,,,,,,,,,,,,,,,9.07,,,,,,,,,,,,,,,,,,,,,,,,,,,,,,,,,,,,,,,
,,,,,,,,,,,,,,,,,,,,,,,,,,,,,,,,,6.79,,,,,,,,,,,,,,,,,,,,,,,,,,,,,,,,,,,,,,,
,,,,,,,,,,,,,,,,,,,,,,,,,,,,,,,,,5.54,,,,,,,,,,,,,,,,,,,,,,,,,,,,,,,,,,,,,,,
,,,,,,,,,,,,,,,,,,,,,,,,,,,,,,,,,3.84,,,,,,,,,,,,,,,,,,,,,,,,,,,,,,,,,,,,,,,
,,,,,,,,,,,,,,,,,,,,,,,,,,,,,,,,,5.87,,,,,,,,,,,,,,,,,,,,,,,,,,,,,,,,,,,,,,,
,,,,,,,,,,,,,,,,,,,,,,,,,,,,,,,,,4.91,,,,,,,,,,,,,,,,,,,,,,,,,,,,,,,,,,,,,,,
,,,,,,,,,,,,,,,,,,,,,,,,,,,,,,,,,4.68,,,,,,,,,,,,,,,,,,,,,,,,,,,,,,,,,,,,,,,
,,,,,,,,,,,,,,,,,,,,,,,,,,,,,,,,,4.50,,,,,,,,,,,,,,,,,,,,,,,,,,,,,,,,,,,,,,,
,,,,,,,,,,,,,,,,,,,,,,,,,,,,,,,,,4.41,,,,,,,,,,,,,,,,,,,,,,,,,,,,,,,,,,,,,,,
,,,,,,,,,,,,,,,,,,,,,,,,,,,,,,,,,3.83,,,,,,,,,,,,,,,,,,,,,,,,,,,,,,,,,,,,,,,
,,,,,,,,,,,,,,,,,,,,,,,,,,,,,,,,,2.67,,,,,,,,,,,,,,,,,,,,,,,,,,,,,,,,,,,,,,,
,,,,,,,,,,,,,,,,,,,,,,,,,,,,,,,,,3.81,,,,,,,,,,,,,,,,,,,,,,,,,,,,,,,,,,,,,,,
,,,,,,,,,,,,,,,,,,,,,,,,,,,,,,,,,3.69,,,,,,,,,,,,,,,,,,,,,,,,,,,,,,,,,,,,,,,
,,,,,,,,,,,,,,,,,,,,,,,,,,,,,,,,,3.21,,,,,,,,,,,,,,,,,,,,,,,,,,,,,,,,,,,,,,,
,,,,,,,,,,,,,,,,,,,,,,,,,,,,,,,,,2.84,,,,,,,,,,,,,,,,,,,,,,,,,,,,,,,,,,,,,,,
,,,,,,,,,,,,,,,,,,,,,,,,,,,,,,,,,2.70,,,,,,,,,,,,,,,,,,,,,,,,,,,,,,,,,,,,,,,
,,,,,,,,,,,,,,,,,,,,,,,,,,,,,,,,,2.52,,,,,,,,,,,,,,,,,,,,,,,,,,,,,,,,,,,,,,,
,,,,,,,,,,,,,,,,,,,,,,,,,,,,,,,,,1.77,,,,,,,,,,,,,,,,,,,,,,,,,,,,,,,,,,,,,,,
,,,,,,,,,,,,,,,,,,,,,,,,,,,,,,,,,1.95,,,,,,,,,,,,,,,,,,,,,,,,,,,,,,,,,,,,,,,
,,,,,,,,,,,,,,,,,,,,,,,,,,,,,,,,,1.74,,,,,,,,,,,,,,,,,,,,,,,,,,,,,,,,,,,,,,,
,,,,,,,,,,,,,,,,,,,,,,,,,,,,,,,,,1.66,,,,,,,,,,,,,,,,,,,,,,,,,,,,,,,,,,,,,,,
,,,,,,,,,,,,,,,,,,,,,,,,,,,,,,,,,1.55,,,,,,,,,,,,,,,,,,,,,,,,,,,,,,,,,,,,,,,
,,,,,,,,,,,,,,,,,,,,,,,,,,,,,,,,,1.30,,,,,,,,,,,,,,,,,,,,,,,,,,,,,,,,,,,,,,,
,,,,,,,,,,,,,,,,,,,,,,,,,,,,,,,,,1.16,,,,,,,,,,,,,,,,,,,,,,,,,,,,,,,,,,,,,,,
,,,,,,,,,,,,,,,,,,,,,,,,,,,,,,,,,1.09,,,,,,,,,,,,,,,,,,,,,,,,,,,,,,,,,,,,,,,
,,,,,,,,,,,,,,,,,,,,,,,,,,,,,,,,,1.70,,,,,,,,,,,,,,,,,,,,,,,,,,,,,,,,,,,,,,,
,,,,,,,,,,,,,,,,,,,,,,,,,,,,,,,,,1.45,,,,,,,,,,,,,,,,,,,,,,,,,,,,,,,,,,,,,,,
,,,,,,,,,,,,,,,,,,,,,,,,,,,,,,,,,1.35,,,,,,,,,,,,,,,,,,,,,,,,,,,,,,,,,,,,,,,
,,,,,,,,,,,,,,,,,,,,,,,,,,,,,,,,,0.958,,,,,,,,,,,,,,,,,,,,,,,,,,,,,,,,,,,,,,,
,,,,,,,,,,,,,,,,,,,,,,,,,,,,,,,,,1.08,,,,,,,,,,,,,,,,,,,,,,,,,,,,,,,,,,,,,,,
,,,,,,,,,,,,,,,,,,,,,,,,,,,,,,,,,0.865,,,,,,,,,,,,,,,,,,,,,,,,,,,,,,,,,,,,,,,
,,,,,,,,,,,,,,,,,,,,,,,,,,,,,,,,,0.619,,,,,,,,,,,,,,,,,,,,,,,,,,,,,,,,,,,,,,,
,,,,,,,,,,,,,,,,,,,,,,,,,,,,,,,,,0.910,,,,,,,,,,,,,,,,,,,,,,,,,,,,,,,,,,,,,,,
,,,,,,,,,,,,,,,,,,,,,,,,,,,,,,,,,0.824,,,,,,,,,,,,,,,,,,,,,,,,,,,,,,,,,,,,,,,
,,,,,,,,,,,,,,,,,,,,,,,,,,,,,,,,,0.733,,,,,,,,,,,,,,,,,,,,,,,,,,,,,,,,,,,,,,,
,,,,,,,,,,,,,,,,,,,,,,,,,,,,,,,,,0.627,,,,,,,,,,,,,,,,,,,,,,,,,,,,,,,,,,,,,,,
,,,,,,,,,,,,,,,,,,,,,,,,,,,,,,,,,0.527,,,,,,,,,,,,,,,,,,,,,,,,,,,,,,,,,,,,,,,
,,,,,,,,,,,,,,,,,,,,,,,,,,,,,,,,,0.355,,,,,,,,,,,,,,,,,,,,,,,,,,,,,,,,,,,,,,,
,,,,,,,,,,,,,,,,,,,,,,,,,,,,,,,,,0.293,,,,,,,,,,,,,,,,,,,,,,,,,,,,,,,,,,,,,,,
,,,,,,,,,,,,,,,,,,,,,,,,,,,,,,,,,0.251,,,,,,,,,,,,,,,,,,,,,,,,,,,,,,,,,,,,,,,
,,,,,,,,,,,,,,,,,,,,,,,,,,,,,,,,,0.184,,,,,,,,,,,,,,,,,,,,,,,,,,,,,,,,,,,,,,,
,,,,,,,,,,,,,,,,,,,,,,,,,,,,,,,,,2320,,,,,,,,,,,,,,,,,,,,,,,,,,,,,,,,,,,,,,,
,,,,,,,,,,,,,,,,,,,,,,,,,,,,,,,,,1820,,,,,,,,,,,,,,,,,,,,,,,,,,,,,,,,,,,,,,,
,,,,,,,,,,,,,,,,,,,,,,,,,,,,,,,,,1040,,,,,,,,,,,,,,,,,,,,,,,,,,,,,,,,,,,,,,,
,,,,,,,,,,,,,,,,,,,,,,,,,,,,,,,,,756,,,,,,,,,,,,,,,,,,,,,,,,,,,,,,,,,,,,,,,
,,,,,,,,,,,,,,,,,,,,,,,,,,,,,,,,,527,,,,,,,,,,,,,,,,,,,,,,,,,,,,,,,,,,,,,,,
,,,,,,,,,,,,,,,,,,,,,,,,,,,,,,,,,350,,,,,,,,,,,,,,,,,,,,,,,,,,,,,,,,,,,,,,,
,,,,,,,,,,,,,,,,,,,,,,,,,,,,,,,,,262,,,,,,,,,,,,,,,,,,,,,,,,,,,,,,,,,,,,,,,
,,,,,,,,,,,,,,,,,,,,,,,,,,,,,,,,,151,,,,,,,,,,,,,,,,,,,,,,,,,,,,,,,,,,,,,,,
,,,,,,,,,,,,,,,,,,,,,,,,,,,,,,,,,68.1,,,,,,,,,,,,,,,,,,,,,,,,,,,,,,,,,,,,,,,
,,,,,,,,,,,,,,,,,,,,,,,,,,,,,,,,,26.5,,,,,,,,,,,,,,,,,,,,,,,,,,,,,,,,,,,,,,,
,,,,,,,,,,,,,,,,,,,,,,,,,,,,,,,,,14.3,,,,,,,,,,,,,,,,,,,,,,,,,,,,,,,,,,,,,,,
,,,,,,,,,,,,,,,,,,,,,,,,,,,,,,,,,6.82,,,,,,,,,,,,,,,,,,,,,,,,,,,,,,,,,,,,,,,
,,,,,,,,,,,,,,,,,,,,,,,,,,,,,,,,,4.52,,,,,,,,,,,,,,,,,,,,,,,,,,,,,,,,,,,,,,,
,,,,,,,,,,,,,,,,,,,,,,,,,,,,,,,,,2.85,,,,,,,,,,,,,,,,,,,,,,,,,,,,,,,,,,,,,,,
,,,,,,,,,,,,,,,,,,,,,,,,,,,,,,,,,1.45,,,,,,,,,,,,,,,,,,,,,,,,,,,,,,,,,,,,,,,
,,,,,,,,,,,,,,,,,,,,,,,,,,,,,,,,,0.627,,,,,,,,,,,,,,,,,,,,,,,,,,,,,,,,,,,,,,,
,,,,,,,,,,,,,,,,,,,,,,,,,,,,,,,,,0.293,,,,,,,,,,,,,,,,,,,,,,,,,,,,,,,,,,,,,,,
,,,,,,,,,,,,,,,,,,,,,,,,,,,,,,,,,0.184,,,,,,,,,,,,,,,,,,,,,,,,,,,,,,,,,,,,,,,
,,,,,,,,,,,,,,,,,,,,,,,,,,,,,,,,,0.0830,,,,,,,,,,,,,,,,,,,,,,,,,,,,,,,,,,,,,,,
,,,,,,,,,,,,,,,,,,,,,,,,,,,,,,,,,0.0350,,,,,,,,,,,,,,,,,,,,,,,,,,,,,,,,,,,,,,,
,,,,,,,,,,,,,,,,,,,,,,,,,,,,,,,,,0.0160,,,,,,,,,,,,,,,,,,,,,,,,,,,,,,,,,,,,,,,
,,,,,,,,,,,,,,,,,,,,,,,,,,,,,,,,,2950,,,,,,,,,,,,,,,,,,,,,,,,,,,,,,,,,,,,,,,
,,,,,,,,,,,,,,,,,,,,,,,,,,,,,,,,,2310,,,,,,,,,,,,,,,,,,,,,,,,,,,,,,,,,,,,,,,
,,,,,,,,,,,,,,,,,,,,,,,,,,,,,,,,,1320,,,,,,,,,,,,,,,,,,,,,,,,,,,,,,,,,,,,,,,
,,,,,,,,,,,,,,,,,,,,,,,,,,,,,,,,,956,,,,,,,,,,,,,,,,,,,,,,,,,,,,,,,,,,,,,,,
,,,,,,,,,,,,,,,,,,,,,,,,,,,,,,,,,665,,,,,,,,,,,,,,,,,,,,,,,,,,,,,,,,,,,,,,,
,,,,,,,,,,,,,,,,,,,,,,,,,,,,,,,,,440,,,,,,,,,,,,,,,,,,,,,,,,,,,,,,,,,,,,,,,
,,,,,,,,,,,,,,,,,,,,,,,,,,,,,,,,,339,,,,,,,,,,,,,,,,,,,,,,,,,,,,,,,,,,,,,,,
,,,,,,,,,,,,,,,,,,,,,,,,,,,,,,,,,199,,,,,,,,,,,,,,,,,,,,,,,,,,,,,,,,,,,,,,,
,,,,,,,,,,,,,,,,,,,,,,,,,,,,,,,,,100,,,,,,,,,,,,,,,,,,,,,,,,,,,,,,,,,,,,,,,
,,,,,,,,,,,,,,,,,,,,,,,,,,,,,,,,,38.3,,,,,,,,,,,,,,,,,,,,,,,,,,,,,,,,,,,,,,,
,,,,,,,,,,,,,,,,,,,,,,,,,,,,,,,,,19.5,,,,,,,,,,,,,,,,,,,,,,,,,,,,,,,,,,,,,,,
,,,,,,,,,,,,,,,,,,,,,,,,,,,,,,,,,9.12,,,,,,,,,,,,,,,,,,,,,,,,,,,,,,,,,,,,,,,
,,,,,,,,,,,,,,,,,,,,,,,,,,,,,,,,,5.94,,,,,,,,,,,,,,,,,,,,,,,,,,,,,,,,,,,,,,,
,,,,,,,,,,,,,,,,,,,,,,,,,,,,,,,,,3.70,,,,,,,,,,,,,,,,,,,,,,,,,,,,,,,,,,,,,,,
,,,,,,,,,,,,,,,,,,,,,,,,,,,,,,,,,1.83,,,,,,,,,,,,,,,,,,,,,,,,,,,,,,,,,,,,,,,
,,,,,,,,,,,,,,,,,,,,,,,,,,,,,,,,,0.827,,,,,,,,,,,,,,,,,,,,,,,,,,,,,,,,,,,,,,,
,,,,,,,,,,,,,,,,,,,,,,,,,,,,,,,,,0.372,,,,,,,,,,,,,,,,,,,,,,,,,,,,,,,,,,,,,,,
,,,,,,,,,,,,,,,,,,,,,,,,,,,,,,,,,0.231,,,,,,,,,,,,,,,,,,,,,,,,,,,,,,,,,,,,,,,
,,,,,,,,,,,,,,,,,,,,,,,,,,,,,,,,,0.101,,,,,,,,,,,,,,,,,,,,,,,,,,,,,,,,,,,,,,,
,,,,,,,,,,,,,,,,,,,,,,,,,,,,,,,,,0.0430,,,,,,,,,,,,,,,,,,,,,,,,,,,,,,,,,,,,,,,
,,,,,,,,,,,,,,,,,,,,,,,,,,,,,,,,,0.0190,,,,,,,,,,,,,,,,,,,,,,,,,,,,,,,,,,,,,,,
,,,,,,,,,,,,,,,,,,,,,,,,,,,,,,,,,625,,,,,,,,,,,,,,,,,,,,,,,,,,,,,,,,,,,,,,,
,,,,,,,,,,,,,,,,,,,,,,,,,,,,,,,,,354,,,,,,,,,,,,,,,,,,,,,,,,,,,,,,,,,,,,,,,
,,,,,,,,,,,,,,,,,,,,,,,,,,,,,,,,,154,,,,,,,,,,,,,,,,,,,,,,,,,,,,,,,,,,,,,,,
,,,,,,,,,,,,,,,,,,,,,,,,,,,,,,,,,63.5,,,,,,,,,,,,,,,,,,,,,,,,,,,,,,,,,,,,,,,
,,,,,,,,,,,,,,,,,,,,,,,,,,,,,,,,,32.2,,,,,,,,,,,,,,,,,,,,,,,,,,,,,,,,,,,,,,,
,,,,,,,,,,,,,,,,,,,,,,,,,,,,,,,,,14.7,,,,,,,,,,,,,,,,,,,,,,,,,,,,,,,,,,,,,,,
,,,,,,,,,,,,,,,,,,,,,,,,,,,,,,,,,5.79,,,,,,,,,,,,,,,,,,,,,,,,,,,,,,,,,,,,,,,
,,,,,,,,,,,,,,,,,,,,,,,,,,,,,,,,,2.78,,,,,,,,,,,,,,,,,,,,,,,,,,,,,,,,,,,,,,,
,,,,,,,,,,,,,,,,,,,,,,,,,,,,,,,,,1.27,,,,,,,,,,,,,,,,,,,,,,,,,,,,,,,,,,,,,,,
